seed,step,cos_target,raw_norm_pre_projection,sigma_max_J,true_step_cos,true_point_norm,manifold_dist,one_step_err_on_true,pert_growth_eps[0.001;0.01;0.05;0.10;0.20]
0xA300,1,0.9983,0.7060,3.2527,0.9980,7.225,0.0035,0.0017,1.234;1.239;1.261;1.286;1.247
0xA300,2,0.9959,0.6875,3.2743,0.9980,7.362,0.0049,0.0016,1.761;1.762;1.766;1.736;1.723
0xA300,3,0.9941,0.6759,3.3237,0.9982,7.518,0.0057,0.0015,2.223;2.189;2.138;2.164;2.228
0xA300,4,0.9926,0.6695,3.3951,0.9983,7.691,0.0059,0.0014,2.678;2.646;2.674;2.624;2.577
0xA300,5,0.9911,0.6669,3.4690,0.9985,7.881,0.0063,0.0014,3.235;3.189;3.393;3.035;2.847
0xA300,6,0.9892,0.6669,3.5279,0.9987,8.086,0.0072,0.0013,3.920;3.918;3.957;3.386;2.851
0xA300,7,0.9866,0.6685,3.5987,0.9989,8.305,0.0086,0.0012,4.647;4.582;4.556;3.767;3.020
0xA300,8,0.9833,0.6707,3.6618,0.9991,8.538,0.0109,0.0011,5.597;5.480;5.315;4.440;3.253
0xA300,9,0.9793,0.6732,3.7180,0.9993,8.783,0.0135,0.0010,6.839;6.608;6.154;5.257;3.549
0xA300,10,0.9743,0.6759,3.7611,0.9995,9.039,0.0166,0.0009,8.357;8.017;7.332;5.958;3.722
0xA300,11,0.9681,0.6787,3.8048,0.9996,9.306,0.0207,0.0007,10.235;9.823;8.808;6.517;4.031
0xA300,12,0.9596,0.6821,3.8159,0.9997,9.582,0.0261,0.0007,12.319;12.276;9.855;7.034;4.194
0xA300,13,0.9477,0.6868,3.8061,0.9997,9.867,0.0334,0.0006,14.735;14.705;11.099;7.512;4.464
0xA300,14,0.9309,0.6937,3.8438,0.9997,10.160,0.0436,0.0006,17.592;17.541;12.185;8.129;4.759
0xA300,15,0.9075,0.7035,3.8994,0.9998,10.460,0.0585,0.0006,21.167;20.696;13.744;8.772;5.004
0xA300,16,0.8768,0.7169,3.9422,0.9998,10.767,0.0790,0.0005,24.682;23.958;15.194;9.027;4.973
0xA300,17,0.8397,0.7335,3.9571,0.9998,11.080,0.1051,0.0005,27.460;26.957;16.189;9.681;5.213
0xA300,18,0.7993,0.7519,3.9621,0.9998,11.399,0.1350,0.0006,30.727;28.610;16.987;10.332;5.431
0xA300,19,0.7601,0.7701,3.9490,0.9998,11.723,0.1656,0.0006,32.436;31.006;17.828;10.930;5.728
0xA300,20,0.7260,0.7864,3.9215,0.9998,12.052,0.1940,0.0006,33.224;32.051;19.081;11.280;5.956
0xA300,21,0.6992,0.7999,3.8789,0.9998,12.385,0.2177,0.0006,34.025;33.176;20.346;11.486;6.104
0xA300,22,0.6804,0.8106,3.8351,0.9998,12.722,0.2357,0.0006,34.444;33.877;21.182;11.974;6.237
0xA300,23,0.6687,0.8190,3.7916,0.9998,13.063,0.2480,0.0006,34.900;34.216;21.506;12.256;6.430
0xA300,24,0.6626,0.8256,3.7490,0.9999,13.408,0.2555,0.0007,35.163;34.371;21.413;12.365;6.512
0xA300,25,0.6606,0.8308,3.7082,0.9999,13.755,0.2590,0.0007,35.077;34.634;21.101;12.279;6.487
0xA300,26,0.6610,0.8350,3.6725,0.9999,14.106,0.2595,0.0007,34.700;34.990;20.996;12.150;6.432
0xA300,27,0.6628,0.8383,3.6435,0.9999,14.459,0.2580,0.0007,34.438;35.296;20.977;12.023;6.377
0xA300,28,0.6651,0.8408,3.6191,0.9999,14.815,0.2554,0.0007,34.157;35.195;20.762;11.904;6.326
0xA300,29,0.6675,0.8427,3.5996,0.9999,15.174,0.2523,0.0007,33.801;35.036;20.713;11.887;6.280
0xA300,30,0.6695,0.8440,3.5788,0.9999,15.534,0.2490,0.0007,33.401;34.851;20.678;11.953;6.297
0xA300,31,0.6710,0.8448,3.5613,0.9999,15.897,0.2458,0.0007,32.982;34.664;20.663;11.892;6.324
0xA300,32,0.6719,0.8453,3.5488,0.9999,16.261,0.2431,0.0007,32.236;34.492;20.672;11.831;6.344
0xA300,33,0.6722,0.8454,3.5407,0.9999,16.628,0.2408,0.0008,31.434;33.956;20.708;11.864;6.356
0xA300,34,0.6721,0.8454,3.5359,0.9999,16.996,0.2390,0.0008,30.697;33.357;20.581;11.897;6.391
0xA300,35,0.6715,0.8452,3.5332,0.9999,17.365,0.2376,0.0008,30.024;32.213;20.333;11.878;6.427
0xA300,36,0.6706,0.8449,3.5340,0.9999,17.736,0.2366,0.0008,29.411;31.006;20.109;11.868;6.451
0xA300,37,0.6694,0.8447,3.5333,1.0000,18.109,0.2359,0.0008,28.855;29.855;19.942;11.866;6.475
0xA300,38,0.6681,0.8444,3.5349,1.0000,18.482,0.2356,0.0008,28.261;28.760;19.992;11.870;6.498
0xA300,39,0.6667,0.8442,3.5373,1.0000,18.857,0.2354,0.0009,27.677;27.773;20.058;11.880;6.519
0xA300,40,0.6653,0.8440,3.5402,1.0000,19.233,0.2354,0.0009,27.125;27.329;20.137;11.893;6.517
0xA300,41,0.6639,0.8438,3.5430,1.0000,19.610,0.2355,0.0009,26.603;27.073;20.226;11.910;6.514
0xA300,42,0.6626,0.8437,3.5461,1.0000,19.989,0.2356,0.0009,26.111;27.082;20.323;11.928;6.512
0xA300,43,0.6614,0.8437,3.5495,1.0000,20.368,0.2358,0.0010,25.646;27.085;20.425;11.947;6.509
0xA300,44,0.6604,0.8436,3.5514,1.0000,20.748,0.2359,0.0010,25.208;27.082;20.530;11.966;6.506
0xA300,45,0.6595,0.8436,3.5522,1.0000,21.129,0.2360,0.0010,24.844;27.068;20.637;11.984;6.502
0xA300,46,0.6589,0.8437,3.5526,1.0000,21.510,0.2360,0.0010,24.703;27.042;20.547;12.002;6.497
0xA300,47,0.6584,0.8437,3.5526,1.0000,21.893,0.2360,0.0010,24.557;27.002;20.359;12.019;6.491
0xA300,48,0.6581,0.8438,3.5523,1.0000,22.276,0.2359,0.0010,24.135;26.949;20.179;12.034;6.484
0xA300,49,0.6580,0.8439,3.5517,1.0000,22.660,0.2356,0.0010,23.720;26.882;20.005;12.048;6.477
0xA300,50,0.6580,0.8439,3.5509,1.0000,23.044,0.2353,0.0011,23.279;26.800;19.838;12.060;6.468
0xA300,51,0.6582,0.8440,3.5497,1.0000,23.430,0.2349,0.0011,23.071;26.705;19.713;12.070;6.456
0xA300,52,0.6585,0.8441,3.5484,1.0000,23.815,0.2344,0.0011,22.956;26.598;19.703;12.078;6.431
0xA300,53,0.6590,0.8442,3.5468,1.0000,24.202,0.2338,0.0011,22.848;26.478;19.688;12.084;6.405
0xA300,54,0.6596,0.8443,3.5452,1.0000,24.589,0.2332,0.0011,22.748;26.348;19.670;12.089;6.378
0xA300,55,0.6603,0.8443,3.5434,1.0000,24.976,0.2324,0.0011,22.655;26.208;19.649;12.092;6.350
0xA300,56,0.6611,0.8444,3.5415,1.0000,25.364,0.2316,0.0012,22.404;26.059;19.624;12.093;6.321
0xA300,57,0.6619,0.8444,3.5395,1.0000,25.752,0.2307,0.0012,21.909;25.902;19.597;12.092;6.291
0xA300,58,0.6629,0.8445,3.5375,1.0000,26.141,0.2297,0.0012,21.899;25.739;19.567;12.090;6.261
0xA300,59,0.6639,0.8445,3.5354,1.0000,26.530,0.2287,0.0012,22.002;25.571;19.534;12.083;6.230
0xA300,60,0.6649,0.8445,3.5333,1.0000,26.920,0.2277,0.0012,22.107;25.399;19.500;12.043;6.198
0xA300,61,0.6660,0.8445,3.5313,1.0000,27.310,0.2266,0.0012,22.168;25.223;19.463;12.002;6.166
0xA300,62,0.6671,0.8445,3.5292,1.0000,27.701,0.2255,0.0013,22.156;25.045;19.425;11.960;6.133
0xA300,63,0.6683,0.8445,3.5271,1.0000,28.091,0.2244,0.0013,22.003;24.865;19.386;11.917;6.100
0xA300,64,0.6694,0.8445,3.5251,1.0000,28.483,0.2233,0.0013,21.785;24.749;19.345;11.874;6.066
0xA301,1,0.9960,0.8548,2.2626,0.9973,7.235,0.0048,0.0040,1.160;1.160;1.135;1.101;1.063
0xA301,2,0.9883,0.8539,2.2783,0.9980,7.372,0.0077,0.0030,1.311;1.305;1.277;1.242;1.171
0xA301,3,0.9798,0.8495,2.2893,0.9986,7.527,0.0113,0.0022,1.462;1.463;1.470;1.409;1.291
0xA301,4,0.9691,0.8458,2.2975,0.9990,7.701,0.0141,0.0019,1.662;1.656;1.719;1.778;1.632
0xA301,5,0.9540,0.8452,2.3005,0.9993,7.891,0.0178,0.0016,1.640;1.623;1.628;1.730;1.633
0xA301,6,0.9320,0.8490,2.2751,0.9995,8.097,0.0217,0.0014,1.752;1.750;1.688;1.757;1.620
0xA301,7,0.9009,0.8574,2.2623,0.9997,8.318,0.0282,0.0013,1.767;1.765;1.728;1.672;1.551
0xA301,8,0.8604,0.8692,2.2393,0.9998,8.551,0.0372,0.0012,1.749;1.756;1.734;1.736;1.707
0xA301,9,0.8132,0.8818,2.2205,0.9998,8.797,0.0492,0.0011,1.660;1.621;1.727;1.777;1.795
0xA301,10,0.7636,0.8921,2.2134,0.9999,9.054,0.0636,0.0010,1.731;1.731;1.695;1.841;1.733
0xA301,11,0.7165,0.8986,2.2152,0.9999,9.322,0.0802,0.0009,1.709;1.679;1.692;1.747;1.633
0xA301,12,0.6748,0.9013,2.2254,0.9999,9.598,0.0975,0.0009,1.695;1.691;1.632;1.752;1.600
0xA301,13,0.6390,0.9016,2.2405,0.9999,9.884,0.1149,0.0008,1.708;1.703;1.615;1.724;1.572
0xA301,14,0.6084,0.9009,2.2571,0.9999,10.177,0.1314,0.0008,1.669;1.659;1.603;1.723;1.556
0xA301,15,0.5821,0.9003,2.2727,0.9999,10.478,0.1466,0.0008,1.636;1.621;1.601;1.619;1.464
0xA301,16,0.5592,0.9007,2.2858,0.9999,10.785,0.1608,0.0008,1.615;1.595;1.694;1.580;1.416
0xA301,17,0.5402,0.9023,2.2959,0.9999,11.098,0.1696,0.0008,1.606;1.581;1.731;1.555;1.552
0xA301,18,0.5258,0.9047,2.2797,0.9999,11.417,0.1715,0.0008,1.562;1.591;1.711;1.583;1.747
0xA301,19,0.5163,0.9073,2.2833,0.9999,11.741,0.1724,0.0008,1.559;1.603;1.646;1.629;1.937
0xA301,20,0.5109,0.9101,2.2843,0.9999,12.069,0.1750,0.0009,1.594;1.543;1.562;1.679;1.930
0xA301,21,0.5089,0.9131,2.2830,0.9999,12.402,0.1789,0.0009,1.534;1.526;1.493;1.729;1.938
0xA301,22,0.5095,0.9164,2.2799,1.0000,12.739,0.1835,0.0009,1.509;1.521;1.475;1.716;1.959
0xA301,23,0.5121,0.9196,2.2753,1.0000,13.080,0.1882,0.0009,1.515;1.524;1.473;1.722;1.987
0xA301,24,0.5160,0.9226,2.2693,1.0000,13.424,0.1926,0.0010,1.508;1.526;1.460;1.725;2.022
0xA301,25,0.5208,0.9253,2.2623,1.0000,13.772,0.1956,0.0010,1.466;1.486;1.435;1.715;2.059
0xA301,26,0.5262,0.9277,2.2545,1.0000,14.122,0.1967,0.0010,1.441;1.434;1.396;1.685;2.063
0xA301,27,0.5324,0.9299,2.2460,1.0000,14.475,0.1971,0.0010,1.397;1.370;1.345;1.630;1.979
0xA301,28,0.5390,0.9319,2.2372,1.0000,14.831,0.1966,0.0010,1.335;1.296;1.309;1.555;1.890
0xA301,29,0.5463,0.9339,2.2281,1.0000,15.189,0.1951,0.0010,1.260;1.215;1.262;1.462;1.821
0xA301,30,0.5541,0.9359,2.2188,1.0000,15.549,0.1928,0.0010,1.176;1.138;1.204;1.362;1.742
0xA301,31,0.5625,0.9378,2.2096,1.0000,15.911,0.1900,0.0010,1.016;1.077;1.143;1.262;1.655
0xA301,32,0.5714,0.9396,2.2005,1.0000,16.275,0.1868,0.0011,0.937;0.968;1.085;1.172;1.562
0xA301,33,0.5807,0.9414,2.1917,1.0000,16.641,0.1833,0.0011,0.880;0.920;1.035;1.098;1.465
0xA301,34,0.5903,0.9431,2.1831,1.0000,17.008,0.1794,0.0011,0.848;0.862;0.993;1.040;1.366
0xA301,35,0.6001,0.9447,2.1750,1.0000,17.377,0.1755,0.0011,0.783;0.787;0.896;1.005;1.266
0xA301,36,0.6098,0.9462,2.1673,1.0000,17.748,0.1715,0.0011,0.726;0.732;0.801;1.008;1.166
0xA301,37,0.6194,0.9477,2.1600,1.0000,18.120,0.1676,0.0012,0.677;0.690;0.713;1.013;1.089
0xA301,38,0.6286,0.9490,2.1533,1.0000,18.493,0.1638,0.0012,0.634;0.652;0.672;1.014;1.027
0xA301,39,0.6375,0.9503,2.1471,1.0000,18.868,0.1601,0.0012,0.595;0.616;0.634;1.007;0.969
0xA301,40,0.6458,0.9514,2.1413,1.0000,19.243,0.1566,0.0012,0.559;0.582;0.598;0.991;0.913
0xA301,41,0.6536,0.9525,2.1361,1.0000,19.620,0.1534,0.0013,0.526;0.525;0.562;0.965;0.861
0xA301,42,0.6608,0.9535,2.1316,1.0000,19.998,0.1504,0.0013,0.472;0.464;0.480;0.930;0.813
0xA301,43,0.6674,0.9543,2.1275,1.0000,20.376,0.1477,0.0013,0.418;0.409;0.405;0.887;0.768
0xA301,44,0.6734,0.9550,2.1239,1.0000,20.756,0.1453,0.0013,0.372;0.361;0.348;0.838;0.726
0xA301,45,0.6788,0.9557,2.1208,1.0000,21.136,0.1431,0.0013,0.333;0.318;0.302;0.785;0.689
0xA301,46,0.6835,0.9562,2.1178,1.0000,21.518,0.1411,0.0013,0.301;0.282;0.268;0.720;0.655
0xA301,47,0.6878,0.9566,2.1151,1.0000,21.900,0.1395,0.0013,0.275;0.256;0.250;0.656;0.624
0xA301,48,0.6914,0.9570,2.1122,1.0000,22.283,0.1380,0.0013,0.253;0.236;0.236;0.597;0.594
0xA301,49,0.6947,0.9572,2.1094,1.0000,22.666,0.1367,0.0013,0.236;0.220;0.225;0.545;0.567
0xA301,50,0.6975,0.9574,2.1077,1.0000,23.050,0.1355,0.0014,0.221;0.207;0.218;0.498;0.539
0xA301,51,0.7001,0.9575,2.1062,1.0000,23.435,0.1346,0.0014,0.210;0.197;0.211;0.448;0.512
0xA301,52,0.7023,0.9576,2.1051,1.0000,23.821,0.1337,0.0014,0.200;0.187;0.203;0.400;0.485
0xA301,53,0.7043,0.9576,2.1042,1.0000,24.207,0.1330,0.0014,0.191;0.179;0.195;0.355;0.458
0xA301,54,0.7060,0.9576,2.1035,1.0000,24.593,0.1324,0.0014,0.182;0.171;0.186;0.314;0.431
0xA301,55,0.7075,0.9575,2.1029,1.0000,24.980,0.1318,0.0014,0.175;0.164;0.177;0.277;0.404
0xA301,56,0.7089,0.9574,2.1026,1.0000,25.368,0.1314,0.0014,0.167;0.156;0.168;0.245;0.370
0xA301,57,0.7100,0.9573,2.1024,1.0000,25.756,0.1310,0.0014,0.159;0.149;0.152;0.217;0.325
0xA301,58,0.7110,0.9572,2.1023,1.0000,26.144,0.1307,0.0014,0.151;0.141;0.139;0.193;0.286
0xA301,59,0.7118,0.9571,2.1023,1.0000,26.533,0.1304,0.0014,0.140;0.134;0.128;0.173;0.253
0xA301,60,0.7125,0.9569,2.1025,1.0000,26.923,0.1302,0.0015,0.130;0.126;0.120;0.154;0.224
0xA301,61,0.7132,0.9568,2.1027,1.0000,27.312,0.1300,0.0015,0.121;0.118;0.113;0.137;0.200
0xA301,62,0.7137,0.9566,2.1029,1.0000,27.702,0.1299,0.0015,0.110;0.108;0.108;0.124;0.180
0xA301,63,0.7141,0.9565,2.1032,1.0000,28.093,0.1298,0.0015,0.100;0.098;0.101;0.113;0.164
0xA301,64,0.7145,0.9563,2.1036,1.0000,28.484,0.1297,0.0015,0.091;0.089;0.092;0.102;0.151
0xA302,1,0.9969,0.6856,3.1464,0.9988,6.734,0.0010,0.0031,1.336;1.339;1.345;1.326;1.278
0xA302,2,0.9893,0.6947,2.9802,0.9987,6.862,0.0022,0.0028,1.811;1.799;1.723;1.675;1.667
0xA302,3,0.9798,0.6994,2.8571,0.9986,7.010,0.0041,0.0024,2.273;2.242;2.140;2.101;2.029
0xA302,4,0.9700,0.7001,2.7768,0.9987,7.179,0.0064,0.0021,2.784;2.720;2.569;2.598;2.425
0xA302,5,0.9595,0.6985,2.7291,0.9988,7.365,0.0097,0.0018,3.300;3.236;2.982;3.097;2.735
0xA302,6,0.9468,0.6971,2.7009,0.9990,7.568,0.0155,0.0016,3.732;3.822;3.662;3.432;3.115
0xA302,7,0.9304,0.6983,2.6849,0.9992,7.787,0.0248,0.0014,4.396;4.383;4.029;3.834;3.507
0xA302,8,0.9092,0.7038,2.6679,0.9994,8.020,0.0383,0.0013,4.645;4.701;4.579;4.096;3.696
0xA302,9,0.8839,0.7149,2.6410,0.9995,8.266,0.0554,0.0012,5.141;5.179;5.136;4.621;4.120
0xA302,10,0.8566,0.7310,2.6044,0.9996,8.524,0.0745,0.0011,5.851;5.851;5.916;5.203;4.918
0xA302,11,0.8311,0.7503,2.5715,0.9997,8.793,0.0929,0.0011,6.399;6.453;6.626;6.015;5.651
0xA302,12,0.8110,0.7701,2.5342,0.9998,9.071,0.1080,0.0010,7.229;6.918;6.742;6.365;5.919
0xA302,13,0.7979,0.7882,2.5027,0.9998,9.359,0.1187,0.0010,7.843;7.273;6.791;7.071;6.483
0xA302,14,0.7919,0.8033,2.4787,0.9999,9.655,0.1250,0.0010,8.210;7.704;6.608;7.780;6.614
0xA302,15,0.7914,0.8152,2.4532,0.9999,9.958,0.1280,0.0010,8.595;8.127;6.622;7.697;6.427
0xA302,16,0.7943,0.8243,2.4285,0.9999,10.268,0.1291,0.0010,8.860;8.414;7.337;7.523;6.155
0xA302,17,0.7988,0.8313,2.4114,0.9999,10.585,0.1293,0.0010,9.046;8.458;8.039;7.302;5.946
0xA302,18,0.8037,0.8369,2.4005,0.9999,10.907,0.1294,0.0009,9.160;8.399;7.936;7.073;6.040
0xA302,19,0.8080,0.8416,2.3882,0.9999,11.234,0.1298,0.0009,9.283;8.237;7.774;7.265;6.125
0xA302,20,0.8113,0.8459,2.3756,0.9999,11.566,0.1306,0.0009,9.375;8.143;7.827;7.956;6.553
0xA302,21,0.8135,0.8499,2.3677,0.9999,11.902,0.1320,0.0009,9.457;8.271;8.308;8.761;7.158
0xA302,22,0.8145,0.8536,2.3590,0.9999,12.243,0.1337,0.0009,9.459;8.372;8.803;9.683;7.700
0xA302,23,0.8147,0.8571,2.3557,0.9999,12.587,0.1357,0.0009,9.297;8.439;9.311;10.711;8.130
0xA302,24,0.8142,0.8604,2.3513,0.9999,12.935,0.1379,0.0009,9.124;8.468;9.840;11.798;8.437
0xA302,25,0.8132,0.8635,2.3459,1.0000,13.285,0.1402,0.0009,8.943;8.654;10.408;12.844;8.563
0xA302,26,0.8118,0.8664,2.3409,1.0000,13.639,0.1426,0.0009,8.770;8.450;10.941;13.721;8.675
0xA302,27,0.8102,0.8690,2.3367,1.0000,13.995,0.1450,0.0009,8.612;8.311;10.480;14.350;8.866
0xA302,28,0.8084,0.8715,2.3329,1.0000,14.354,0.1473,0.0009,8.425;8.184;9.935;14.428;9.003
0xA302,29,0.8066,0.8738,2.3288,1.0000,14.715,0.1495,0.0009,8.310;8.028;9.337;14.350;9.094
0xA302,30,0.8049,0.8760,2.3251,1.0000,15.078,0.1516,0.0009,8.325;7.847;8.717;14.241;9.126
0xA302,31,0.8032,0.8780,2.3216,1.0000,15.443,0.1534,0.0009,8.317;7.644;8.099;14.098;9.099
0xA302,32,0.8016,0.8799,2.3184,1.0000,15.810,0.1551,0.0009,8.280;7.425;7.506;13.921;9.073
0xA302,33,0.8002,0.8817,2.3152,1.0000,16.179,0.1566,0.0009,8.169;7.192;6.951;13.705;9.047
0xA302,34,0.7990,0.8834,2.3122,1.0000,16.549,0.1578,0.0009,7.842;6.949;6.688;13.657;9.018
0xA302,35,0.7979,0.8849,2.3093,1.0000,16.921,0.1588,0.0009,7.541;6.698;6.460;14.004;8.987
0xA302,36,0.7970,0.8863,2.3064,1.0000,17.294,0.1596,0.0009,7.304;6.568;6.225;14.371;8.951
0xA302,37,0.7962,0.8876,2.3035,1.0000,17.668,0.1601,0.0009,7.069;6.433;5.985;14.703;8.906
0xA302,38,0.7957,0.8888,2.3006,1.0000,18.044,0.1605,0.0009,6.834;6.288;5.740;14.900;8.850
0xA302,39,0.7952,0.8898,2.2978,1.0000,18.421,0.1606,0.0009,6.601;6.134;5.491;14.840;8.773
0xA302,40,0.7949,0.8907,2.2946,1.0000,18.799,0.1607,0.0009,6.368;5.972;5.240;14.438;8.664
0xA302,41,0.7947,0.8915,2.2914,1.0000,19.178,0.1605,0.0009,6.137;5.802;4.989;13.689;8.499
0xA302,42,0.7946,0.8921,2.2883,1.0000,19.558,0.1603,0.0009,5.907;5.627;4.738;12.860;8.241
0xA302,43,0.7946,0.8927,2.2853,1.0000,19.939,0.1600,0.0009,5.679;5.447;4.489;12.645;8.068
0xA302,44,0.7946,0.8932,2.2827,1.0000,20.320,0.1595,0.0009,5.454;5.264;4.245;12.428;7.885
0xA302,45,0.7947,0.8936,2.2802,1.0000,20.703,0.1591,0.0009,5.200;5.080;4.005;12.208;7.660
0xA302,46,0.7948,0.8940,2.2778,1.0000,21.086,0.1586,0.0009,4.914;4.896;3.772;11.984;7.386
0xA302,47,0.7949,0.8943,2.2756,1.0000,21.470,0.1581,0.0009,4.594;4.712;3.546;11.753;7.053
0xA302,48,0.7950,0.8946,2.2735,1.0000,21.855,0.1575,0.0009,4.291;4.530;3.330;11.511;6.658
0xA302,49,0.7952,0.8948,2.2715,1.0000,22.240,0.1570,0.0010,4.005;4.351;3.128;11.253;6.202
0xA302,50,0.7953,0.8950,2.2697,1.0000,22.626,0.1564,0.0010,3.772;4.174;2.963;10.972;5.695
0xA302,51,0.7954,0.8951,2.2680,1.0000,23.013,0.1559,0.0010,3.562;4.001;2.804;10.655;5.150
0xA302,52,0.7955,0.8952,2.2663,1.0000,23.400,0.1553,0.0010,3.362;3.831;2.652;10.288;4.732
0xA302,53,0.7956,0.8954,2.2645,1.0000,23.788,0.1548,0.0010,3.171;3.638;2.505;9.845;4.264
0xA302,54,0.7957,0.8954,2.2629,1.0000,24.176,0.1542,0.0010,2.990;3.419;2.365;9.293;3.712
0xA302,55,0.7957,0.8955,2.2615,1.0000,24.564,0.1537,0.0010,2.817;3.210;2.231;8.592;3.135
0xA302,56,0.7957,0.8956,2.2602,1.0000,24.954,0.1532,0.0010,2.652;3.021;2.103;7.705;2.617
0xA302,57,0.7957,0.8956,2.2590,1.0000,25.343,0.1526,0.0010,2.496;2.861;1.981;6.644;2.217
0xA302,58,0.7957,0.8956,2.2580,1.0000,25.733,0.1521,0.0010,2.347;2.712;1.864;5.506;1.937
0xA302,59,0.7956,0.8956,2.2570,1.0000,26.123,0.1517,0.0010,2.204;2.568;1.754;4.464;1.748
0xA302,60,0.7955,0.8957,2.2561,1.0000,26.514,0.1512,0.0010,2.060;2.430;1.649;3.645;1.660
0xA302,61,0.7954,0.8957,2.2552,1.0000,26.905,0.1507,0.0010,1.924;2.299;1.550;3.071;1.586
0xA302,62,0.7953,0.8956,2.2542,1.0000,27.297,0.1503,0.0010,1.794;2.173;1.456;2.687;1.516
0xA302,63,0.7952,0.8956,2.2534,1.0000,27.688,0.1499,0.0010,1.672;2.052;1.366;2.421;1.450
0xA302,64,0.7951,0.8956,2.2525,1.0000,28.081,0.1494,0.0010,1.557;1.938;1.282;2.217;1.388
0xA303,1,0.9935,0.6830,4.5303,0.9977,6.825,0.0107,0.0065,1.564;1.568;1.584;1.568;1.453
0xA303,2,0.9709,0.7016,4.4823,0.9972,6.954,0.0336,0.0077,2.602;2.601;2.627;2.622;2.427
0xA303,3,0.9295,0.7289,4.3813,0.9965,7.104,0.0696,0.0091,3.860;3.882;4.000;3.761;3.269
0xA303,4,0.8709,0.7615,4.2203,0.9960,7.273,0.1161,0.0109,5.006;5.068;4.963;4.701;3.893
0xA303,5,0.7999,0.7953,4.0080,0.9957,7.460,0.1684,0.0129,5.808;5.902;5.793;5.337;4.123
0xA303,6,0.7240,0.8266,3.7738,0.9956,7.664,0.2196,0.0149,6.342;6.429;6.157;5.515;4.250
0xA303,7,0.6517,0.8518,3.6512,0.9958,7.883,0.2632,0.0167,6.398;6.433;6.044;5.838;4.494
0xA303,8,0.5892,0.8688,3.5905,0.9962,8.116,0.2957,0.0180,6.152;6.378;6.011;5.658;4.758
0xA303,9,0.5387,0.8781,3.5350,0.9967,8.361,0.3187,0.0187,6.132;6.287;6.236;5.650;4.943
0xA303,10,0.4997,0.8820,3.4795,0.9971,8.619,0.3329,0.0188,6.234;6.340;6.251;5.963;5.082
0xA303,11,0.4705,0.8829,3.4298,0.9975,8.887,0.3402,0.0185,6.260;6.349;6.168;6.097;5.383
0xA303,12,0.4493,0.8827,3.3727,0.9979,9.165,0.3397,0.0179,6.124;6.187;6.039;6.141;5.576
0xA303,13,0.4346,0.8829,3.3008,0.9983,9.452,0.3322,0.0172,6.051;6.047;6.076;6.269;5.552
0xA303,14,0.4249,0.8841,3.2188,0.9986,9.747,0.3174,0.0163,5.705;5.798;6.165;6.250;5.586
0xA303,15,0.4193,0.8864,3.1353,0.9988,10.050,0.2976,0.0152,5.743;5.792;6.065;6.226;5.645
0xA303,16,0.4171,0.8891,3.0395,0.9989,10.359,0.2758,0.0141,5.597;5.926;6.046;6.325;5.380
0xA303,17,0.4181,0.8907,2.9718,0.9990,10.675,0.2545,0.0127,5.491;5.681;6.018;6.384;5.227
0xA303,18,0.4230,0.8902,2.9687,0.9990,10.997,0.2347,0.0114,4.823;5.011;5.474;5.810;4.982
0xA303,19,0.4322,0.8873,2.9128,0.9990,11.323,0.2161,0.0102,4.223;4.302;4.863;5.493;4.776
0xA303,20,0.4458,0.8827,2.8819,0.9991,11.655,0.1986,0.0092,3.721;3.822;4.434;4.973;4.824
0xA303,21,0.4636,0.8776,2.8987,0.9991,11.991,0.1823,0.0084,3.408;3.443;3.910;4.470;4.706
0xA303,22,0.4847,0.8726,2.9175,0.9992,12.331,0.1675,0.0078,2.994;2.949;3.412;4.070;4.452
0xA303,23,0.5085,0.8683,2.9425,0.9993,12.674,0.1541,0.0074,2.735;2.638;2.959;3.761;4.084
0xA303,24,0.5337,0.8648,2.9668,0.9994,13.021,0.1420,0.0070,2.571;2.541;2.941;3.388;3.551
0xA303,25,0.5596,0.8620,2.9902,0.9995,13.371,0.1312,0.0066,2.408;2.428;2.762;2.890;3.175
0xA303,26,0.5851,0.8600,3.0190,0.9996,13.724,0.1217,0.0063,2.420;2.445;2.799;2.841;3.024
0xA303,27,0.6094,0.8586,3.0547,0.9996,14.080,0.1137,0.0060,2.376;2.396;2.821;2.898;3.021
0xA303,28,0.6320,0.8577,3.0918,0.9997,14.439,0.1073,0.0057,2.420;2.399;2.608;2.818;2.995
0xA303,29,0.6522,0.8571,3.1273,0.9997,14.799,0.1026,0.0055,2.395;2.371;2.493;2.852;2.926
0xA303,30,0.6697,0.8568,3.1649,0.9997,15.162,0.0996,0.0053,2.303;2.273;2.445;3.132;2.891
0xA303,31,0.6844,0.8567,3.1909,0.9998,15.527,0.0980,0.0051,2.192;2.158;2.421;3.330;2.961
0xA303,32,0.6962,0.8566,3.2177,0.9998,15.893,0.0973,0.0050,2.088;2.065;2.310;3.202;3.017
0xA303,33,0.7052,0.8567,3.2442,0.9998,16.261,0.0973,0.0049,2.034;2.012;2.187;3.085;3.061
0xA303,34,0.7114,0.8567,3.2575,0.9998,16.631,0.0978,0.0047,1.984;1.975;2.225;2.985;3.214
0xA303,35,0.7150,0.8568,3.2424,0.9999,17.003,0.0989,0.0046,1.968;1.955;2.249;2.904;3.395
0xA303,36,0.7163,0.8569,3.2324,0.9999,17.376,0.1003,0.0044,1.942;1.932;2.267;2.767;3.385
0xA303,37,0.7155,0.8570,3.2419,0.9999,17.750,0.1020,0.0043,1.852;1.826;2.282;2.712;3.312
0xA303,38,0.7130,0.8572,3.2552,0.9999,18.125,0.1040,0.0042,1.795;1.752;2.183;2.657;3.228
0xA303,39,0.7092,0.8573,3.2562,0.9999,18.502,0.1062,0.0041,1.762;1.701;2.148;2.605;3.141
0xA303,40,0.7043,0.8574,3.2514,0.9999,18.880,0.1085,0.0040,1.668;1.664;2.035;2.527;3.143
0xA303,41,0.6989,0.8576,3.2501,0.9999,19.258,0.1108,0.0039,1.669;1.628;2.053;2.463;3.085
0xA303,42,0.6931,0.8577,3.2453,0.9999,19.638,0.1132,0.0039,1.684;1.635;1.930;2.449;3.022
0xA303,43,0.6873,0.8578,3.2314,0.9999,20.019,0.1155,0.0038,1.676;1.599;1.889;2.388;2.964
0xA303,44,0.6816,0.8578,3.2115,0.9999,20.400,0.1177,0.0037,1.580;1.484;1.838;2.262;2.910
0xA303,45,0.6762,0.8578,3.1946,0.9999,20.782,0.1198,0.0037,1.510;1.418;1.779;2.138;2.857
0xA303,46,0.6713,0.8577,3.1890,1.0000,21.166,0.1217,0.0036,1.462;1.412;1.712;2.040;2.801
0xA303,47,0.6671,0.8575,3.1828,1.0000,21.549,0.1235,0.0036,1.450;1.421;1.649;1.940;2.736
0xA303,48,0.6637,0.8572,3.1693,1.0000,21.934,0.1252,0.0035,1.465;1.432;1.612;1.813;2.659
0xA303,49,0.6611,0.8569,3.1588,1.0000,22.319,0.1267,0.0035,1.477;1.439;1.563;1.666;2.567
0xA303,50,0.6593,0.8564,3.1559,1.0000,22.705,0.1280,0.0034,1.456;1.444;1.502;1.505;2.468
0xA303,51,0.6583,0.8559,3.1626,1.0000,23.091,0.1293,0.0034,1.395;1.386;1.411;1.339;2.371
0xA303,52,0.6581,0.8554,3.1670,1.0000,23.478,0.1304,0.0033,1.325;1.319;1.312;1.220;2.293
0xA303,53,0.6585,0.8548,3.1788,1.0000,23.866,0.1314,0.0033,1.248;1.245;1.197;1.136;2.245
0xA303,54,0.6594,0.8541,3.1905,1.0000,24.254,0.1324,0.0033,1.166;1.165;1.163;1.059;2.240
0xA303,55,0.6606,0.8535,3.1981,1.0000,24.642,0.1332,0.0032,1.083;1.084;1.114;1.032;2.266
0xA303,56,0.6622,0.8528,3.2063,1.0000,25.031,0.1341,0.0032,1.002;1.026;1.041;1.005;2.293
0xA303,57,0.6639,0.8522,3.2113,1.0000,25.420,0.1349,0.0032,0.936;0.938;1.024;0.975;2.308
0xA303,58,0.6656,0.8516,3.2151,1.0000,25.810,0.1357,0.0031,0.860;0.854;1.016;0.943;2.307
0xA303,59,0.6672,0.8510,3.2217,1.0000,26.200,0.1366,0.0031,0.840;0.850;0.988;0.910;2.289
0xA303,60,0.6687,0.8504,3.2293,1.0000,26.591,0.1376,0.0031,0.842;0.846;0.977;0.902;2.256
0xA303,61,0.6699,0.8498,3.2392,1.0000,26.982,0.1386,0.0031,0.809;0.825;1.024;0.894;2.211
0xA303,62,0.6707,0.8494,3.2474,1.0000,27.373,0.1397,0.0031,0.772;0.784;1.015;0.875;2.155
0xA303,63,0.6711,0.8489,3.2529,1.0000,27.765,0.1409,0.0030,0.752;0.756;0.998;0.857;2.093
0xA303,64,0.6709,0.8485,3.2573,1.0000,28.157,0.1423,0.0030,0.769;0.760;1.049;0.839;2.028
0xA304,1,0.9504,2.0744,2.2682,0.9963,6.902,0.0262,0.0496,0.888;0.888;0.888;0.852;0.819
0xA304,2,0.9198,2.3459,1.8273,0.9980,7.039,0.0409,0.0416,0.849;0.838;0.812;0.783;0.783
0xA304,3,0.9029,2.4551,1.7071,0.9988,7.196,0.0544,0.0354,0.911;0.912;0.895;0.871;0.850
0xA304,4,0.8853,2.5505,1.6259,0.9992,7.372,0.0716,0.0306,0.897;0.890;0.869;0.848;0.795
0xA304,5,0.8697,2.6286,1.5818,0.9995,7.566,0.0887,0.0268,0.872;0.868;0.865;0.859;0.833
0xA304,6,0.8570,2.6837,1.5628,0.9996,7.775,0.1039,0.0240,0.807;0.804;0.819;0.823;0.776
0xA304,7,0.8467,2.7177,1.5581,0.9997,8.000,0.1168,0.0218,0.689;0.694;0.720;0.766;0.707
0xA304,8,0.8376,2.7368,1.5659,0.9998,8.238,0.1286,0.0203,0.562;0.567;0.590;0.622;0.608
0xA304,9,0.8289,2.7470,1.5854,0.9999,8.489,0.1398,0.0192,0.447;0.451;0.470;0.486;0.495
0xA304,10,0.8205,2.7525,1.6118,0.9999,8.751,0.1505,0.0184,0.345;0.348;0.363;0.373;0.394
0xA304,11,0.8125,2.7558,1.6414,1.0000,9.023,0.1603,0.0178,0.260;0.263;0.274;0.282;0.308
0xA304,12,0.8052,2.7578,1.6693,1.0000,9.305,0.1691,0.0173,0.196;0.195;0.204;0.212;0.238
0xA304,13,0.7989,2.7590,1.6949,1.0000,9.595,0.1766,0.0169,0.151;0.151;0.155;0.164;0.183
0xA304,14,0.7936,2.7595,1.7174,1.0000,9.893,0.1827,0.0165,0.116;0.116;0.116;0.124;0.136
0xA304,15,0.7894,2.7592,1.7369,1.0000,10.199,0.1875,0.0161,0.089;0.089;0.088;0.092;0.100
0xA304,16,0.7862,2.7585,1.7533,1.0000,10.511,0.1912,0.0158,0.067;0.067;0.067;0.068;0.074
0xA304,17,0.7837,2.7575,1.7667,1.0000,10.829,0.1940,0.0156,0.050;0.051;0.051;0.050;0.055
0xA304,18,0.7820,2.7564,1.7776,1.0000,11.152,0.1961,0.0153,0.037;0.037;0.038;0.038;0.041
0xA304,19,0.7807,2.7554,1.7862,1.0000,11.481,0.1977,0.0151,0.027;0.028;0.029;0.029;0.031
0xA304,20,0.7798,2.7545,1.7930,1.0000,11.814,0.1989,0.0149,0.020;0.020;0.022;0.022;0.023
0xA304,21,0.7793,2.7537,1.7983,1.0000,12.152,0.1998,0.0146,0.015;0.015;0.016;0.017;0.017
0xA304,22,0.7790,2.7532,1.8023,1.0000,12.493,0.2005,0.0144,0.011;0.011;0.012;0.013;0.013
0xA304,23,0.7789,2.7527,1.8053,1.0000,12.838,0.2010,0.0142,0.009;0.008;0.009;0.010;0.010
0xA304,24,0.7788,2.7524,1.8076,1.0000,13.186,0.2014,0.0140,0.006;0.006;0.007;0.007;0.008
0xA304,25,0.7789,2.7522,1.8093,1.0000,13.537,0.2017,0.0138,0.005;0.005;0.005;0.005;0.006
0xA304,26,0.7790,2.7521,1.8106,1.0000,13.891,0.2019,0.0137,0.004;0.004;0.004;0.004;0.004
0xA304,27,0.7792,2.7520,1.8115,1.0000,14.248,0.2021,0.0135,0.003;0.003;0.003;0.003;0.003
0xA304,28,0.7794,2.7519,1.8121,1.0000,14.607,0.2022,0.0134,0.002;0.002;0.002;0.002;0.002
0xA304,29,0.7796,2.7519,1.8126,1.0000,14.968,0.2023,0.0132,0.001;0.001;0.001;0.001;0.002
0xA304,30,0.7798,2.7518,1.8129,1.0000,15.331,0.2024,0.0131,0.001;0.001;0.001;0.001;0.001
0xA304,31,0.7801,2.7518,1.8132,1.0000,15.697,0.2024,0.0129,0.001;0.001;0.001;0.001;0.001
0xA304,32,0.7804,2.7518,1.8133,1.0000,16.064,0.2025,0.0128,0.001;0.001;0.001;0.001;0.001
0xA304,33,0.7807,2.7518,1.8134,1.0000,16.433,0.2025,0.0127,0.000;0.000;0.000;0.000;0.000
0xA304,34,0.7810,2.7518,1.8135,1.0000,16.803,0.2025,0.0126,0.000;0.000;0.000;0.000;0.000
0xA304,35,0.7814,2.7518,1.8136,1.0000,17.175,0.2025,0.0124,0.000;0.000;0.000;0.000;0.000
0xA304,36,0.7817,2.7518,1.8136,1.0000,17.548,0.2025,0.0123,0.000;0.000;0.000;0.000;0.000
0xA304,37,0.7821,2.7518,1.8136,1.0000,17.923,0.2025,0.0122,0.000;0.000;0.000;0.000;0.000
0xA304,38,0.7824,2.7518,1.8136,1.0000,18.298,0.2025,0.0121,0.000;0.000;0.000;0.000;0.000
0xA304,39,0.7828,2.7518,1.8136,1.0000,18.675,0.2025,0.0120,0.000;0.000;0.000;0.000;0.000
0xA304,40,0.7832,2.7518,1.8136,1.0000,19.053,0.2025,0.0119,0.000;0.000;0.000;0.000;0.000
0xA304,41,0.7835,2.7518,1.8136,1.0000,19.432,0.2025,0.0118,0.000;0.000;0.000;0.000;0.000
0xA304,42,0.7839,2.7518,1.8137,1.0000,19.812,0.2025,0.0117,0.000;0.000;0.000;0.000;0.000
0xA304,43,0.7842,2.7518,1.8137,1.0000,20.193,0.2025,0.0116,0.000;0.000;0.000;0.000;0.000
0xA304,44,0.7845,2.7518,1.8137,1.0000,20.574,0.2025,0.0115,0.000;0.000;0.000;0.000;0.000
0xA304,45,0.7848,2.7518,1.8137,1.0000,20.957,0.2025,0.0114,0.000;0.000;0.000;0.000;0.000
0xA304,46,0.7850,2.7518,1.8137,1.0000,21.340,0.2025,0.0113,0.000;0.000;0.000;0.000;0.000
0xA304,47,0.7853,2.7518,1.8137,1.0000,21.724,0.2025,0.0112,0.000;0.000;0.000;0.000;0.000
0xA304,48,0.7855,2.7518,1.8137,1.0000,22.109,0.2025,0.0111,0.000;0.000;0.000;0.000;0.000
0xA304,49,0.7858,2.7518,1.8137,1.0000,22.494,0.2025,0.0110,0.000;0.000;0.000;0.000;0.000
0xA304,50,0.7860,2.7518,1.8137,1.0000,22.880,0.2025,0.0109,0.000;0.000;0.000;0.000;0.000
0xA304,51,0.7863,2.7518,1.8136,1.0000,23.266,0.2025,0.0108,0.000;0.000;0.000;0.000;0.000
0xA304,52,0.7865,2.7518,1.8136,1.0000,23.653,0.2025,0.0107,0.000;0.000;0.000;0.000;0.000
0xA304,53,0.7867,2.7518,1.8136,1.0000,24.041,0.2025,0.0107,0.000;0.000;0.000;0.000;0.000
0xA304,54,0.7869,2.7518,1.8136,1.0000,24.429,0.2025,0.0106,0.000;0.000;0.000;0.000;0.000
0xA304,55,0.7872,2.7518,1.8136,1.0000,24.817,0.2025,0.0105,0.000;0.000;0.000;0.000;0.000
0xA304,56,0.7874,2.7518,1.8136,1.0000,25.206,0.2025,0.0104,0.000;0.000;0.000;0.000;0.000
0xA304,57,0.7877,2.7518,1.8136,1.0000,25.596,0.2025,0.0103,0.000;0.000;0.000;0.000;0.000
0xA304,58,0.7879,2.7518,1.8136,1.0000,25.986,0.2025,0.0102,0.000;0.000;0.000;0.000;0.000
0xA304,59,0.7882,2.7518,1.8136,1.0000,26.376,0.2025,0.0102,0.000;0.000;0.000;0.000;0.000
0xA304,60,0.7884,2.7518,1.8136,1.0000,26.767,0.2025,0.0101,0.000;0.000;0.000;0.000;0.000
0xA304,61,0.7887,2.7518,1.8136,1.0000,27.158,0.2025,0.0100,0.000;0.000;0.000;0.000;0.000
0xA304,62,0.7889,2.7518,1.8136,1.0000,27.549,0.2025,0.0099,0.000;0.000;0.000;0.000;0.000
0xA304,63,0.7892,2.7518,1.8136,1.0000,27.941,0.2025,0.0098,0.000;0.000;0.000;0.000;0.000
0xA304,64,0.7894,2.7518,1.8136,1.0000,28.333,0.2025,0.0098,0.000;0.000;0.000;0.000;0.000
0xA305,1,0.9937,0.7028,4.4984,0.9986,6.868,0.0024,0.0063,1.420;1.416;1.363;1.365;1.365
0xA305,2,0.9802,0.7198,4.3841,0.9986,6.990,0.0077,0.0061,2.224;2.203;2.158;2.165;2.147
0xA305,3,0.9648,0.7345,4.2904,0.9984,7.133,0.0128,0.0060,3.050;3.032;3.031;3.063;2.946
0xA305,4,0.9508,0.7473,4.1991,0.9983,7.295,0.0141,0.0059,4.004;3.955;3.950;3.859;3.676
0xA305,5,0.9398,0.7581,4.1143,0.9983,7.476,0.0109,0.0056,5.124;5.058;5.103;4.862;4.340
0xA305,6,0.9318,0.7669,4.0437,0.9986,7.674,0.0120,0.0051,6.578;6.396;6.086;6.194;4.934
0xA305,7,0.9249,0.7735,3.9963,0.9989,7.888,0.0178,0.0046,8.121;7.845;7.946;7.275;5.527
0xA305,8,0.9157,0.7772,3.9722,0.9991,8.116,0.0241,0.0042,9.624;9.778;9.697;7.822;6.098
0xA305,9,0.9004,0.7779,3.9655,0.9993,8.357,0.0318,0.0039,11.288;12.115;11.728;9.526;6.813
0xA305,10,0.8744,0.7752,3.9731,0.9994,8.611,0.0460,0.0037,14.962;15.879;13.650;11.370;7.355
0xA305,11,0.8300,0.7698,3.9934,0.9995,8.875,0.0723,0.0037,20.119;20.508;17.801;13.408;7.869
0xA305,12,0.7516,0.7643,4.0267,0.9996,9.150,0.1226,0.0037,25.943;27.797;22.100;14.594;8.170
0xA305,13,0.6100,0.7687,3.9964,0.9997,9.435,0.2220,0.0036,34.031;39.203;25.656;14.673;8.187
0xA305,14,0.3811,0.8059,3.8525,0.9997,9.727,0.3944,0.0036,49.936;54.235;27.589;15.363;8.267
0xA305,15,0.0904,0.8918,3.5959,0.9998,10.028,0.6183,0.0036,61.557;55.411;27.182;14.721;7.847
0xA305,16,-0.2058,1.0038,3.1286,0.9998,10.335,0.8879,0.0036,55.512;54.273;24.076;12.999;6.798
0xA305,17,-0.4485,1.1067,2.7031,0.9998,10.649,1.0618,0.0036,45.801;44.560;18.731;10.459;5.523
0xA305,18,-0.5995,1.1685,2.5131,0.9998,10.968,1.0759,0.0036,32.170;32.135;14.194;8.217;4.570
0xA305,19,-0.6751,1.1813,2.5112,0.9998,11.293,1.0371,0.0037,23.313;23.972;10.895;6.682;3.904
0xA305,20,-0.7079,1.1691,2.5336,0.9998,11.623,0.9878,0.0038,17.276;17.921;8.849;5.657;3.382
0xA305,21,-0.7196,1.1513,2.5717,0.9998,11.958,0.9350,0.0039,13.612;14.008;7.227;4.897;2.960
0xA305,22,-0.7218,1.1346,2.6115,0.9998,12.297,0.8894,0.0040,11.159;11.149;6.263;4.283;2.632
0xA305,23,-0.7203,1.1203,2.6418,0.9998,12.639,0.8523,0.0040,9.153;9.165;5.562;3.921;2.432
0xA305,24,-0.7179,1.1081,2.6666,0.9998,12.985,0.8225,0.0041,7.617;7.879;4.826;3.575;2.266
0xA305,25,-0.7158,1.0977,2.6871,0.9999,13.334,0.7985,0.0041,6.530;6.661;4.245;3.108;2.020
0xA305,26,-0.7146,1.0888,2.7092,0.9999,13.686,0.7790,0.0041,5.777;5.680;3.757;2.708;1.754
0xA305,27,-0.7142,1.0811,2.7255,0.9999,14.041,0.7630,0.0041,5.124;4.896;3.306;2.369;1.518
0xA305,28,-0.7147,1.0743,2.7426,0.9999,14.399,0.7495,0.0042,4.552;4.238;2.863;2.115;1.313
0xA305,29,-0.7159,1.0685,2.7573,0.9999,14.759,0.7381,0.0042,4.048;3.637;2.502;1.897;1.148
0xA305,30,-0.7178,1.0634,2.7701,0.9999,15.121,0.7283,0.0042,3.600;3.145;2.203;1.697;1.039
0xA305,31,-0.7202,1.0589,2.7814,0.9999,15.485,0.7197,0.0042,3.177;2.741;1.960;1.493;0.945
0xA305,32,-0.7229,1.0551,2.7912,0.9999,15.851,0.7123,0.0042,2.808;2.434;1.757;1.320;0.863
0xA305,33,-0.7259,1.0517,2.7997,0.9999,16.218,0.7057,0.0042,2.475;2.172;1.582;1.171;0.791
0xA305,34,-0.7292,1.0488,2.8071,0.9999,16.588,0.6998,0.0042,2.184;1.939;1.432;1.043;0.712
0xA305,35,-0.7327,1.0463,2.8134,0.9999,16.959,0.6947,0.0042,1.930;1.734;1.298;0.934;0.628
0xA305,36,-0.7364,1.0441,2.8189,0.9999,17.331,0.6902,0.0042,1.709;1.551;1.180;0.862;0.576
0xA305,37,-0.7403,1.0422,2.8236,0.9999,17.705,0.6862,0.0042,1.516;1.389;1.079;0.797;0.532
0xA305,38,-0.7444,1.0406,2.8277,0.9999,18.080,0.6827,0.0042,1.346;1.253;0.995;0.739;0.493
0xA305,39,-0.7487,1.0392,2.8311,0.9999,18.456,0.6795,0.0042,1.197;1.138;0.926;0.687;0.458
0xA305,40,-0.7531,1.0379,2.8341,0.9999,18.833,0.6768,0.0042,1.067;1.038;0.864;0.640;0.427
0xA305,41,-0.7575,1.0369,2.8367,0.9999,19.211,0.6744,0.0042,0.989;0.952;0.802;0.596;0.406
0xA305,42,-0.7619,1.0360,2.8389,0.9999,19.591,0.6723,0.0042,0.879;0.872;0.746;0.557;0.387
0xA305,43,-0.7662,1.0352,2.8408,0.9999,19.971,0.6704,0.0041,0.775;0.803;0.695;0.520;0.368
0xA305,44,-0.7705,1.0345,2.8425,0.9999,20.352,0.6687,0.0041,0.693;0.741;0.648;0.486;0.349
0xA305,45,-0.7747,1.0339,2.8440,1.0000,20.734,0.6672,0.0041,0.633;0.668;0.605;0.455;0.330
0xA305,46,-0.7788,1.0334,2.8453,1.0000,21.117,0.6659,0.0041,0.577;0.607;0.565;0.425;0.312
0xA305,47,-0.7829,1.0330,2.8464,1.0000,21.501,0.6647,0.0041,0.525;0.559;0.528;0.398;0.295
0xA305,48,-0.7868,1.0326,2.8475,1.0000,21.885,0.6636,0.0041,0.490;0.519;0.493;0.373;0.278
0xA305,49,-0.7907,1.0322,2.8484,1.0000,22.270,0.6627,0.0041,0.462;0.485;0.461;0.349;0.262
0xA305,50,-0.7944,1.0319,2.8492,1.0000,22.655,0.6618,0.0041,0.438;0.444;0.432;0.327;0.247
0xA305,51,-0.7980,1.0316,2.8499,1.0000,23.041,0.6610,0.0041,0.402;0.414;0.404;0.306;0.232
0xA305,52,-0.8015,1.0313,2.8506,1.0000,23.428,0.6602,0.0041,0.375;0.391;0.378;0.287;0.219
0xA305,53,-0.8049,1.0311,2.8513,1.0000,23.815,0.6595,0.0041,0.352;0.370;0.354;0.269;0.206
0xA305,54,-0.8082,1.0308,2.8518,1.0000,24.203,0.6589,0.0041,0.323;0.352;0.331;0.252;0.194
0xA305,55,-0.8114,1.0306,2.8524,1.0000,24.591,0.6583,0.0041,0.292;0.335;0.311;0.237;0.182
0xA305,56,-0.8145,1.0304,2.8529,1.0000,24.980,0.6577,0.0041,0.273;0.319;0.291;0.222;0.172
0xA305,57,-0.8175,1.0302,2.8534,1.0000,25.369,0.6572,0.0041,0.258;0.295;0.275;0.209;0.162
0xA305,58,-0.8204,1.0300,2.8539,1.0000,25.759,0.6567,0.0041,0.237;0.271;0.261;0.196;0.153
0xA305,59,-0.8233,1.0298,2.8543,1.0000,26.149,0.6562,0.0041,0.219;0.250;0.249;0.185;0.144
0xA305,60,-0.8260,1.0296,2.8547,1.0000,26.539,0.6557,0.0041,0.202;0.230;0.236;0.174;0.136
0xA305,61,-0.8286,1.0294,2.8551,1.0000,26.930,0.6553,0.0041,0.188;0.211;0.225;0.163;0.129
0xA305,62,-0.8312,1.0293,2.8555,1.0000,27.321,0.6549,0.0041,0.176;0.195;0.214;0.154;0.122
0xA305,63,-0.8336,1.0291,2.8559,1.0000,27.713,0.6544,0.0041,0.165;0.179;0.203;0.145;0.115
0xA305,64,-0.8360,1.0290,2.8562,1.0000,28.104,0.6540,0.0042,0.158;0.165;0.194;0.137;0.109
0xA306,1,0.9988,0.4004,7.3789,0.9998,7.364,0.0003,0.0012,2.322;2.276;2.244;2.312;2.113
0xA306,2,0.9872,0.3947,8.0598,0.9998,7.513,0.0022,0.0009,6.042;6.016;5.623;5.319;3.657
0xA306,3,0.9016,0.3748,10.4080,0.9998,7.680,0.0221,0.0007,15.685;15.591;12.186;8.695;5.051
0xA306,4,0.3832,0.4197,12.0576,0.9998,7.865,0.1547,0.0006,38.851;34.621;19.468;10.985;6.062
0xA306,5,-0.4351,0.8531,4.4836,0.9998,8.065,0.1345,0.0006,33.760;30.289;22.232;13.740;7.312
0xA306,6,-0.7111,1.0413,2.4841,0.9998,8.281,0.0841,0.0005,20.045;20.996;18.589;13.036;7.234
0xA306,7,-0.8074,0.9448,2.4509,0.9998,8.509,0.0549,0.0006,17.991;17.295;14.915;10.570;6.240
0xA306,8,-0.8530,0.8726,2.5480,0.9998,8.750,0.0375,0.0006,16.785;16.032;14.405;9.932;5.555
0xA306,9,-0.8780,0.8275,2.6447,0.9999,9.003,0.0313,0.0007,17.016;15.669;12.791;9.234;5.572
0xA306,10,-0.8927,0.7996,2.7203,0.9999,9.266,0.0299,0.0009,18.209;15.958;11.785;8.157;4.805
0xA306,11,-0.9017,0.7831,2.7745,0.9999,9.539,0.0307,0.0010,19.963;16.720;11.182;7.485;4.368
0xA306,12,-0.9073,0.7744,2.8109,0.9999,9.821,0.0330,0.0011,21.958;18.193;11.018;6.970;3.886
0xA306,13,-0.9108,0.7709,2.8348,0.9999,10.111,0.0361,0.0013,24.326;19.182;11.090;6.525;3.577
0xA306,14,-0.9131,0.7706,2.8519,0.9999,10.408,0.0400,0.0014,26.476;20.728;11.040;6.725;3.672
0xA306,15,-0.9146,0.7721,2.8669,0.9999,10.712,0.0443,0.0015,28.291;22.427;11.272;6.781;3.761
0xA306,16,-0.9157,0.7742,2.8828,0.9999,11.023,0.0488,0.0017,30.013;23.928;11.426;6.686;3.661
0xA306,17,-0.9165,0.7762,2.9014,0.9999,11.339,0.0535,0.0018,32.127;24.705;11.736;6.717;3.575
0xA306,18,-0.9172,0.7779,2.9234,0.9999,11.660,0.0582,0.0019,34.330;26.302;12.152;6.888;3.642
0xA306,19,-0.9177,0.7790,2.9488,0.9999,11.987,0.0629,0.0021,36.680;27.417;12.551;7.049;3.706
0xA306,20,-0.9180,0.7798,2.9775,0.9999,12.318,0.0677,0.0022,39.464;28.572;12.940;7.205;3.769
0xA306,21,-0.9181,0.7803,3.0094,0.9999,12.653,0.0728,0.0023,42.040;29.798;13.326;7.411;3.866
0xA306,22,-0.9179,0.7806,3.0443,0.9999,12.992,0.0780,0.0024,45.526;31.756;13.926;7.707;4.006
0xA306,23,-0.9174,0.7809,3.0824,0.9999,13.334,0.0837,0.0026,49.585;33.816;14.548;7.999;4.144
0xA306,24,-0.9166,0.7811,3.1237,0.9998,13.680,0.0897,0.0027,54.071;36.218;15.167;8.287;4.280
0xA306,25,-0.9154,0.7814,3.1688,0.9998,14.028,0.0962,0.0028,59.044;38.770;15.783;8.572;4.400
0xA306,26,-0.9139,0.7816,3.2132,0.9998,14.380,0.1032,0.0029,64.567;41.805;16.393;8.730;4.472
0xA306,27,-0.9119,0.7817,3.2573,0.9998,14.734,0.1109,0.0031,69.883;45.174;16.821;8.879;4.542
0xA306,28,-0.9094,0.7818,3.3042,0.9998,15.091,0.1193,0.0032,74.960;48.666;17.146;9.026;4.612
0xA306,29,-0.9062,0.7817,3.3628,0.9998,15.449,0.1285,0.0033,81.977;52.147;17.465;9.171;4.682
0xA306,30,-0.9023,0.7813,3.4200,0.9998,15.810,0.1385,0.0035,89.962;55.254;17.781;9.268;4.722
0xA306,31,-0.8974,0.7808,3.4842,0.9998,16.173,0.1494,0.0036,96.203;58.506;18.007;9.305;4.741
0xA306,32,-0.8911,0.7800,3.5919,0.9998,16.538,0.1614,0.0037,103.443;61.925;18.111;9.352;4.765
0xA306,33,-0.8831,0.7790,3.7260,0.9998,16.905,0.1749,0.0038,111.372;64.630;18.230;9.408;4.794
0xA306,34,-0.8728,0.7778,3.8689,0.9998,17.273,0.1906,0.0039,120.120;67.060;18.362;9.473;4.828
0xA306,35,-0.8594,0.7765,4.0623,0.9998,17.643,0.2092,0.0040,129.844;69.524;18.510;9.548;4.867
0xA306,36,-0.8421,0.7753,4.2836,0.9998,18.014,0.2306,0.0040,141.079;72.290;18.672;9.633;4.911
0xA306,37,-0.8195,0.7743,4.5188,0.9998,18.386,0.2554,0.0041,155.476;75.419;19.024;9.777;4.961
0xA306,38,-0.7900,0.7738,4.8065,0.9998,18.760,0.2831,0.0042,175.044;78.416;19.656;10.099;5.123
0xA306,39,-0.7518,0.7743,5.0966,0.9998,19.135,0.3175,0.0042,192.339;83.088;20.357;10.458;5.306
0xA306,40,-0.7025,0.7764,5.4001,0.9998,19.511,0.3601,0.0043,209.153;87.927;21.525;10.851;5.505
0xA306,41,-0.6401,0.7807,5.7026,0.9998,19.888,0.4126,0.0043,232.193;92.770;22.988;11.572;5.778
0xA306,42,-0.5634,0.7879,5.9667,0.9998,20.266,0.4767,0.0044,256.965;102.205;24.232;12.246;6.118
0xA306,43,-0.4731,0.7983,6.1501,0.9998,20.645,0.5477,0.0044,282.281;110.620;24.786;12.607;6.312
0xA306,44,-0.3722,0.8115,6.2060,0.9998,21.025,0.5938,0.0045,286.250;113.737;26.089;13.239;6.665
0xA306,45,-0.2662,0.8263,6.1289,0.9998,21.405,0.6133,0.0045,284.617;115.466;27.320;13.745;6.894
0xA306,46,-0.1615,0.8411,6.0389,0.9998,21.787,0.5892,0.0046,289.642;112.914;28.093;14.160;7.144
0xA306,47,-0.0638,0.8544,5.8511,0.9998,22.169,0.5430,0.0046,279.651;116.613;28.901;14.667;7.382
0xA306,48,0.0230,0.8653,5.6509,0.9998,22.552,0.4893,0.0047,260.441;119.727;29.876;15.110;7.600
0xA306,49,0.0969,0.8735,5.4625,0.9998,22.936,0.4369,0.0047,243.762;122.386;30.573;15.448;7.753
0xA306,50,0.1574,0.8790,5.2955,0.9998,23.320,0.3920,0.0047,222.832;125.491;30.954;15.623;7.841
0xA306,51,0.2053,0.8823,5.1477,0.9998,23.705,0.3557,0.0048,204.264;126.218;31.192;15.742;7.900
0xA306,52,0.2420,0.8839,5.0240,0.9998,24.091,0.3265,0.0048,195.231;124.756;31.335;15.813;7.936
0xA306,53,0.2691,0.8841,4.9202,0.9998,24.477,0.3032,0.0048,188.030;122.648;31.593;15.904;7.974
0xA306,54,0.2884,0.8834,4.8393,0.9998,24.864,0.2846,0.0049,181.154;120.075;31.981;16.096;8.070
0xA306,55,0.3015,0.8821,4.7781,0.9999,25.251,0.2694,0.0049,174.743;117.544;32.322;16.277;8.160
0xA306,56,0.3098,0.8803,4.7514,0.9999,25.639,0.2570,0.0049,168.871;115.920;32.626;16.446;8.244
0xA306,57,0.3147,0.8783,4.7373,0.9999,26.027,0.2469,0.0050,163.521;113.148;32.948;16.604;8.323
0xA306,58,0.3171,0.8761,4.7178,0.9999,26.415,0.2386,0.0050,152.685;111.223;33.249;16.752;8.396
0xA306,59,0.3178,0.8740,4.6983,0.9999,26.804,0.2318,0.0050,141.482;110.174;33.530;16.890;8.465
0xA306,60,0.3175,0.8720,4.6866,0.9999,27.194,0.2261,0.0050,134.827;110.066;33.795;17.019;8.529
0xA306,61,0.3167,0.8701,4.6895,0.9999,27.584,0.2212,0.0051,131.215;110.154;34.044;17.142;8.590
0xA306,62,0.3155,0.8683,4.6834,0.9999,27.974,0.2170,0.0051,128.094;110.403;34.280;17.258;8.648
0xA306,63,0.3143,0.8666,4.6881,0.9999,28.364,0.2134,0.0052,125.394;110.782;34.504;17.367;8.702
0xA306,64,0.3133,0.8651,4.7008,0.9999,28.755,0.2101,0.0052,123.060;111.269;34.705;17.472;8.754
0xA307,1,0.9697,1.5123,5.1405,0.9960,7.164,0.0092,0.0303,1.181;1.180;1.174;1.171;1.103
0xA307,2,0.9470,1.7433,3.6038,0.9975,7.289,0.0401,0.0252,1.442;1.435;1.364;1.227;1.218
0xA307,3,0.9053,1.9527,1.7472,0.9980,7.434,0.0377,0.0215,0.949;0.956;0.997;1.005;1.077
0xA307,4,0.8783,1.9998,1.5809,0.9989,7.598,0.0320,0.0154,0.897;0.891;0.872;0.992;1.049
0xA307,5,0.8487,2.0196,1.6304,0.9993,7.779,0.0364,0.0115,1.021;1.013;1.031;1.223;1.297
0xA307,6,0.8104,2.0361,1.7145,0.9996,7.976,0.0555,0.0089,1.409;1.395;1.432;1.706;1.714
0xA307,7,0.7625,2.0579,1.8266,0.9997,8.189,0.0883,0.0071,1.832;1.812;1.896;2.308;2.233
0xA307,8,0.7045,2.0896,1.9686,0.9998,8.415,0.1365,0.0061,2.425;2.396;2.556;3.075;2.880
0xA307,9,0.6344,2.1302,2.1363,0.9999,8.655,0.2013,0.0056,3.000;3.077;3.340;3.878;3.439
0xA307,10,0.5479,2.1803,2.3056,0.9999,8.906,0.2909,0.0053,3.959;4.110;4.430;4.342;3.348
0xA307,11,0.4378,2.2552,2.3842,1.0000,9.168,0.3649,0.0051,5.506;5.704;5.476;3.942;3.171
0xA307,12,0.3173,2.3580,2.3756,1.0000,9.440,0.4313,0.0051,6.631;6.698;5.128;4.462;3.622
0xA307,13,0.1970,2.4605,2.4056,1.0000,9.722,0.5150,0.0051,5.353;5.095;5.585;4.800;3.776
0xA307,14,0.0748,2.5673,2.4368,1.0000,10.011,0.6043,0.0051,5.622;5.594;4.891;4.756;3.939
0xA307,15,-0.0416,2.6772,2.3985,1.0000,10.309,0.6746,0.0051,5.069;4.569;4.277;4.642;3.190
0xA307,16,-0.1380,2.7648,1.9571,1.0000,10.613,0.7012,0.0051,2.518;2.374;2.253;2.449;1.651
0xA307,17,-0.2076,2.8106,1.4795,1.0000,10.924,0.6913,0.0052,1.327;1.369;0.934;0.927;0.703
0xA307,18,-0.2433,2.8333,1.3543,1.0000,11.241,0.6526,0.0052,0.696;0.723;0.497;0.486;0.369
0xA307,19,-0.2515,2.8119,1.2952,1.0000,11.563,0.6406,0.0052,0.418;0.419;0.284;0.283;0.215
0xA307,20,-0.2535,2.7916,1.2637,1.0000,11.890,0.6370,0.0053,0.253;0.251;0.169;0.169;0.129
0xA307,21,-0.2549,2.7813,1.2464,1.0000,12.222,0.6351,0.0053,0.154;0.152;0.102;0.102;0.078
0xA307,22,-0.2562,2.7755,1.2367,1.0000,12.558,0.6340,0.0053,0.093;0.092;0.062;0.062;0.047
0xA307,23,-0.2574,2.7719,1.2310,1.0000,12.898,0.6333,0.0054,0.057;0.056;0.038;0.038;0.029
0xA307,24,-0.2586,2.7696,1.2277,1.0000,13.241,0.6330,0.0054,0.034;0.034;0.023;0.023;0.017
0xA307,25,-0.2599,2.7682,1.2258,1.0000,13.588,0.6328,0.0054,0.021;0.021;0.014;0.014;0.011
0xA307,26,-0.2610,2.7674,1.2246,1.0000,13.938,0.6326,0.0054,0.013;0.012;0.008;0.008;0.006
0xA307,27,-0.2621,2.7669,1.2239,1.0000,14.290,0.6326,0.0054,0.008;0.007;0.005;0.005;0.004
0xA307,28,-0.2633,2.7665,1.2235,1.0000,14.646,0.6325,0.0053,0.005;0.005;0.003;0.003;0.002
0xA307,29,-0.2643,2.7663,1.2233,1.0000,15.003,0.6325,0.0053,0.003;0.003;0.002;0.002;0.001
0xA307,30,-0.2654,2.7662,1.2231,1.0000,15.363,0.6325,0.0053,0.002;0.002;0.001;0.001;0.001
0xA307,31,-0.2665,2.7661,1.2230,1.0000,15.725,0.6325,0.0053,0.001;0.001;0.001;0.001;0.001
0xA307,32,-0.2675,2.7661,1.2230,1.0000,16.089,0.6324,0.0052,0.001;0.001;0.000;0.000;0.000
0xA307,33,-0.2685,2.7661,1.2230,1.0000,16.455,0.6324,0.0052,0.000;0.000;0.000;0.000;0.000
0xA307,34,-0.2696,2.7661,1.2229,1.0000,16.822,0.6324,0.0051,0.000;0.000;0.000;0.000;0.000
0xA307,35,-0.2706,2.7661,1.2229,1.0000,17.192,0.6324,0.0051,0.000;0.000;0.000;0.000;0.000
0xA307,36,-0.2717,2.7660,1.2229,1.0000,17.562,0.6324,0.0050,0.000;0.000;0.000;0.000;0.000
0xA307,37,-0.2728,2.7660,1.2229,1.0000,17.934,0.6324,0.0050,0.000;0.000;0.000;0.000;0.000
0xA307,38,-0.2738,2.7660,1.2229,1.0000,18.308,0.6324,0.0050,0.000;0.000;0.000;0.000;0.000
0xA307,39,-0.2749,2.7660,1.2229,1.0000,18.682,0.6324,0.0049,0.000;0.000;0.000;0.000;0.000
0xA307,40,-0.2761,2.7660,1.2229,1.0000,19.058,0.6324,0.0049,0.000;0.000;0.000;0.000;0.000
0xA307,41,-0.2772,2.7660,1.2229,1.0000,19.435,0.6324,0.0048,0.000;0.000;0.000;0.000;0.000
0xA307,42,-0.2784,2.7660,1.2229,1.0000,19.813,0.6324,0.0048,0.000;0.000;0.000;0.000;0.000
0xA307,43,-0.2795,2.7660,1.2229,1.0000,20.192,0.6324,0.0048,0.000;0.000;0.000;0.000;0.000
0xA307,44,-0.2807,2.7660,1.2229,1.0000,20.571,0.6324,0.0047,0.000;0.000;0.000;0.000;0.000
0xA307,45,-0.2819,2.7660,1.2229,1.0000,20.952,0.6324,0.0047,0.000;0.000;0.000;0.000;0.000
0xA307,46,-0.2832,2.7660,1.2229,1.0000,21.334,0.6324,0.0047,0.000;0.000;0.000;0.000;0.000
0xA307,47,-0.2844,2.7660,1.2229,1.0000,21.716,0.6324,0.0046,0.000;0.000;0.000;0.000;0.000
0xA307,48,-0.2857,2.7660,1.2229,1.0000,22.099,0.6324,0.0046,0.000;0.000;0.000;0.000;0.000
0xA307,49,-0.2869,2.7660,1.2229,1.0000,22.483,0.6324,0.0046,0.000;0.000;0.000;0.000;0.000
0xA307,50,-0.2882,2.7660,1.2229,1.0000,22.867,0.6324,0.0046,0.000;0.000;0.000;0.000;0.000
0xA307,51,-0.2896,2.7660,1.2229,1.0000,23.252,0.6324,0.0045,0.000;0.000;0.000;0.000;0.000
0xA307,52,-0.2909,2.7660,1.2229,1.0000,23.638,0.6324,0.0045,0.000;0.000;0.000;0.000;0.000
0xA307,53,-0.2922,2.7660,1.2229,1.0000,24.024,0.6324,0.0045,0.000;0.000;0.000;0.000;0.000
0xA307,54,-0.2936,2.7660,1.2229,1.0000,24.411,0.6324,0.0045,0.000;0.000;0.000;0.000;0.000
0xA307,55,-0.2949,2.7660,1.2229,1.0000,24.798,0.6324,0.0044,0.000;0.000;0.000;0.000;0.000
0xA307,56,-0.2963,2.7660,1.2229,1.0000,25.186,0.6324,0.0044,0.000;0.000;0.000;0.000;0.000
0xA307,57,-0.2977,2.7660,1.2229,1.0000,25.574,0.6324,0.0044,0.000;0.000;0.000;0.000;0.000
0xA307,58,-0.2990,2.7660,1.2229,1.0000,25.963,0.6324,0.0044,0.000;0.000;0.000;0.000;0.000
0xA307,59,-0.3004,2.7660,1.2229,1.0000,26.352,0.6324,0.0044,0.000;0.000;0.000;0.000;0.000
0xA307,60,-0.3018,2.7660,1.2229,1.0000,26.741,0.6324,0.0044,0.000;0.000;0.000;0.000;0.000
0xA307,61,-0.3032,2.7660,1.2229,1.0000,27.131,0.6324,0.0044,0.000;0.000;0.000;0.000;0.000
0xA307,62,-0.3046,2.7660,1.2229,1.0000,27.522,0.6324,0.0043,0.000;0.000;0.000;0.000;0.000
0xA307,63,-0.3060,2.7660,1.2229,1.0000,27.912,0.6324,0.0043,0.000;0.000;0.000;0.000;0.000
0xA307,64,-0.3075,2.7660,1.2229,1.0000,28.303,0.6324,0.0043,0.000;0.000;0.000;0.000;0.000
0xA308,1,0.9612,0.8686,2.6205,0.9803,6.602,0.0193,0.0388,1.069;1.068;1.063;1.055;1.022
0xA308,2,0.8881,0.9285,2.3656,0.9838,6.752,0.0305,0.0319,1.180;1.177;1.162;1.141;1.092
0xA308,3,0.7383,0.9840,2.0963,0.9899,6.922,0.0483,0.0349,1.268;1.258;1.218;1.178;1.119
0xA308,4,0.6288,1.0244,1.8695,0.9878,7.111,0.0629,0.0189,1.202;1.196;1.174;1.155;1.119
0xA308,5,0.5533,1.0487,1.7469,0.9909,7.317,0.0693,0.0118,1.234;1.233;1.228;1.219;1.233
0xA308,6,0.4551,1.0647,1.6981,0.9951,7.540,0.0786,0.0104,1.271;1.292;1.343;1.345;1.269
0xA308,7,0.3895,1.0794,1.6899,0.9966,7.777,0.0914,0.0053,1.219;1.223;1.281;1.325;1.327
0xA308,8,0.3208,1.0949,1.7057,0.9965,8.028,0.1068,0.0064,1.154;1.170;1.145;1.173;1.265
0xA308,9,0.2517,1.1106,1.7203,0.9983,8.290,0.1244,0.0046,1.099;1.066;1.086;1.144;1.187
0xA308,10,0.1884,1.1247,1.7321,0.9988,8.564,0.1417,0.0037,1.018;0.994;1.039;1.047;1.135
0xA308,11,0.1336,1.1357,1.7344,0.9988,8.847,0.1569,0.0037,0.926;0.942;0.988;1.047;1.100
0xA308,12,0.0881,1.1439,1.7419,0.9992,9.140,0.1693,0.0035,0.747;0.760;0.848;1.023;1.061
0xA308,13,0.0489,1.1500,1.7508,0.9994,9.440,0.1794,0.0027,0.619;0.624;0.691;0.917;0.999
0xA308,14,0.0101,1.1545,1.7580,0.9994,9.748,0.1873,0.0027,0.530;0.534;0.572;0.818;0.900
0xA308,15,-0.0200,1.1576,1.7590,0.9995,10.063,0.1936,0.0026,0.454;0.458;0.482;0.691;0.793
0xA308,16,-0.0467,1.1596,1.7662,0.9996,10.384,0.1996,0.0020,0.390;0.393;0.415;0.584;0.690
0xA308,17,-0.0723,1.1604,1.7727,0.9997,10.710,0.2056,0.0021,0.336;0.339;0.359;0.492;0.574
0xA308,18,-0.0859,1.1601,1.7787,0.9997,11.042,0.2113,0.0021,0.291;0.294;0.312;0.407;0.480
0xA308,19,-0.1035,1.1591,1.7842,0.9998,11.378,0.2163,0.0017,0.253;0.256;0.260;0.338;0.403
0xA308,20,-0.1225,1.1578,1.7893,0.9999,11.718,0.2201,0.0015,0.215;0.215;0.216;0.284;0.341
0xA308,21,-0.1301,1.1565,1.7940,0.9998,12.062,0.2232,0.0018,0.181;0.181;0.182;0.241;0.285
0xA308,22,-0.1401,1.1554,1.7982,0.9999,12.410,0.2255,0.0016,0.153;0.153;0.157;0.207;0.238
0xA308,23,-0.1541,1.1545,1.8020,0.9999,12.761,0.2275,0.0015,0.130;0.130;0.138;0.179;0.201
0xA308,24,-0.1602,1.1536,1.8055,0.9999,13.115,0.2293,0.0016,0.112;0.112;0.122;0.157;0.171
0xA308,25,-0.1671,1.1528,1.8086,0.9999,13.472,0.2304,0.0014,0.100;0.100;0.108;0.138;0.147
0xA308,26,-0.1761,1.1519,1.8114,0.9999,13.831,0.2315,0.0014,0.090;0.090;0.097;0.123;0.127
0xA308,27,-0.1816,1.1510,1.8140,0.9999,14.193,0.2328,0.0013,0.081;0.081;0.087;0.110;0.112
0xA308,28,-0.1883,1.1500,1.8163,0.9999,14.557,0.2336,0.0013,0.073;0.073;0.079;0.098;0.099
0xA308,29,-0.1941,1.1490,1.8185,1.0000,14.922,0.2343,0.0013,0.067;0.067;0.072;0.089;0.088
0xA308,30,-0.1990,1.1481,1.8204,1.0000,15.290,0.2349,0.0012,0.061;0.061;0.065;0.080;0.079
0xA308,31,-0.2047,1.1472,1.8222,1.0000,15.660,0.2355,0.0012,0.056;0.055;0.059;0.073;0.072
0xA308,32,-0.2088,1.1463,1.8238,1.0000,16.031,0.2359,0.0012,0.051;0.051;0.054;0.066;0.066
0xA308,33,-0.2123,1.1455,1.8253,1.0000,16.403,0.2364,0.0011,0.047;0.047;0.049;0.060;0.061
0xA308,34,-0.2172,1.1447,1.8267,1.0000,16.777,0.2367,0.0011,0.043;0.043;0.045;0.055;0.056
0xA308,35,-0.2205,1.1439,1.8279,1.0000,17.152,0.2371,0.0011,0.039;0.039;0.041;0.051;0.052
0xA308,36,-0.2237,1.1432,1.8291,1.0000,17.529,0.2376,0.0010,0.036;0.036;0.038;0.047;0.048
0xA308,37,-0.2278,1.1425,1.8302,1.0000,17.907,0.2381,0.0010,0.033;0.033;0.035;0.043;0.044
0xA308,38,-0.2296,1.1419,1.8312,1.0000,18.285,0.2386,0.0010,0.029;0.031;0.032;0.040;0.041
0xA308,39,-0.2328,1.1413,1.8321,1.0000,18.665,0.2393,0.0009,0.026;0.028;0.029;0.037;0.038
0xA308,40,-0.2366,1.1407,1.8330,1.0000,19.046,0.2399,0.0009,0.023;0.025;0.027;0.034;0.035
0xA308,41,-0.2380,1.1402,1.8338,1.0000,19.427,0.2406,0.0009,0.021;0.022;0.025;0.031;0.033
0xA308,42,-0.2402,1.1398,1.8345,1.0000,19.810,0.2412,0.0008,0.019;0.020;0.023;0.029;0.030
0xA308,43,-0.2433,1.1394,1.8352,1.0000,20.193,0.2420,0.0008,0.017;0.018;0.021;0.027;0.028
0xA308,44,-0.2447,1.1391,1.8358,1.0000,20.577,0.2427,0.0008,0.016;0.017;0.020;0.025;0.026
0xA308,45,-0.2464,1.1388,1.8364,1.0000,20.962,0.2435,0.0008,0.015;0.015;0.018;0.023;0.024
0xA308,46,-0.2486,1.1385,1.8369,1.0000,21.347,0.2444,0.0008,0.014;0.014;0.017;0.021;0.022
0xA308,47,-0.2500,1.1383,1.8374,1.0000,21.734,0.2451,0.0007,0.013;0.013;0.016;0.020;0.020
0xA308,48,-0.2517,1.1382,1.8379,1.0000,22.120,0.2458,0.0007,0.012;0.012;0.014;0.018;0.019
0xA308,49,-0.2530,1.1381,1.8383,1.0000,22.507,0.2464,0.0007,0.011;0.011;0.013;0.017;0.018
0xA308,50,-0.2541,1.1380,1.8387,1.0000,22.895,0.2469,0.0007,0.010;0.010;0.012;0.016;0.016
0xA308,51,-0.2554,1.1380,1.8391,1.0000,23.284,0.2474,0.0007,0.009;0.009;0.011;0.015;0.015
0xA308,52,-0.2561,1.1380,1.8395,1.0000,23.672,0.2478,0.0007,0.009;0.009;0.011;0.014;0.014
0xA308,53,-0.2566,1.1380,1.8398,1.0000,24.062,0.2481,0.0007,0.008;0.008;0.010;0.013;0.013
0xA308,54,-0.2574,1.1380,1.8401,1.0000,24.451,0.2484,0.0007,0.008;0.008;0.009;0.012;0.012
0xA308,55,-0.2577,1.1381,1.8404,1.0000,24.842,0.2486,0.0007,0.007;0.007;0.009;0.011;0.011
0xA308,56,-0.2578,1.1382,1.8406,1.0000,25.232,0.2487,0.0007,0.007;0.007;0.008;0.010;0.010
0xA308,57,-0.2581,1.1383,1.8409,1.0000,25.623,0.2487,0.0007,0.006;0.006;0.007;0.010;0.010
0xA308,58,-0.2575,1.1385,1.8410,1.0000,26.014,0.2487,0.0007,0.006;0.006;0.007;0.009;0.009
0xA308,59,-0.2574,1.1386,1.8412,1.0000,26.406,0.2486,0.0007,0.005;0.005;0.006;0.008;0.008
0xA308,60,-0.2573,1.1388,1.8414,1.0000,26.798,0.2485,0.0007,0.005;0.005;0.006;0.008;0.008
0xA308,61,-0.2564,1.1389,1.8416,1.0000,27.190,0.2484,0.0007,0.005;0.005;0.006;0.007;0.007
0xA308,62,-0.2558,1.1391,1.8418,1.0000,27.583,0.2482,0.0007,0.004;0.004;0.005;0.007;0.007
0xA308,63,-0.2556,1.1392,1.8419,1.0000,27.976,0.2480,0.0007,0.004;0.004;0.005;0.006;0.006
0xA308,64,-0.2547,1.1393,1.8421,1.0000,28.369,0.2478,0.0006,0.004;0.004;0.004;0.006;0.006
0xA309,1,0.9952,0.6872,3.6417,0.9991,7.310,0.0018,0.0048,1.125;1.120;1.102;1.097;1.074
0xA309,2,0.9880,0.6838,3.6417,0.9992,7.440,0.0041,0.0042,1.384;1.375;1.352;1.363;1.302
0xA309,3,0.9816,0.6838,3.6108,0.9993,7.589,0.0062,0.0038,1.747;1.701;1.724;1.691;1.608
0xA309,4,0.9759,0.6876,3.5561,0.9994,7.756,0.0075,0.0034,2.196;2.217;2.055;2.095;1.942
0xA309,5,0.9706,0.6943,3.4887,0.9995,7.941,0.0082,0.0031,2.724;2.703;2.434;2.457;2.201
0xA309,6,0.9658,0.7024,3.4206,0.9996,8.141,0.0082,0.0029,3.356;3.276;2.926;2.842;2.413
0xA309,7,0.9618,0.7107,3.3607,0.9997,8.355,0.0078,0.0027,4.053;3.891;3.482;3.174;2.687
0xA309,8,0.9590,0.7185,3.3104,0.9997,8.584,0.0077,0.0025,4.850;4.691;4.018;3.570;2.908
0xA309,9,0.9577,0.7255,3.2717,0.9998,8.824,0.0078,0.0024,5.734;5.430;4.793;4.486;3.520
0xA309,10,0.9577,0.7319,3.2423,0.9998,9.077,0.0084,0.0023,6.621;6.226;5.875;5.205;4.543
0xA309,11,0.9588,0.7379,3.2201,0.9999,9.340,0.0095,0.0022,7.673;7.754;6.760;6.646;5.426
0xA309,12,0.9605,0.7441,3.2001,0.9999,9.612,0.0114,0.0021,9.071;9.063;8.149;8.047;5.802
0xA309,13,0.9620,0.7506,3.1718,0.9999,9.894,0.0141,0.0021,9.813;9.874;9.221;8.316;6.468
0xA309,14,0.9629,0.7579,3.1434,0.9999,10.183,0.0178,0.0020,10.480;10.569;10.970;9.596;7.115
0xA309,15,0.9623,0.7662,3.1137,0.9999,10.481,0.0227,0.0020,11.608;11.803;12.577;11.110;7.598
0xA309,16,0.9599,0.7754,3.0799,0.9999,10.785,0.0288,0.0019,13.328;13.071;14.279;13.209;7.922
0xA309,17,0.9554,0.7857,3.0428,0.9999,11.095,0.0363,0.0019,14.593;14.920;16.027;14.729;8.165
0xA309,18,0.9486,0.7966,3.0022,0.9999,11.411,0.0451,0.0019,15.685;16.558;17.392;15.331;8.359
0xA309,19,0.9398,0.8081,2.9596,0.9999,11.733,0.0549,0.0018,16.734;17.552;18.177;15.750;8.513
0xA309,20,0.9295,0.8196,2.9156,0.9999,12.059,0.0654,0.0018,17.475;18.330;19.161;15.742;8.648
0xA309,21,0.9184,0.8307,2.8715,0.9999,12.390,0.0763,0.0018,17.172;18.192;21.898;15.743;8.767
0xA309,22,0.9071,0.8413,2.8284,0.9999,12.725,0.0869,0.0017,16.345;17.216;24.640;16.346;8.859
0xA309,23,0.8963,0.8510,2.7871,0.9999,13.064,0.0971,0.0017,15.853;16.054;26.113;16.925;9.036
0xA309,24,0.8862,0.8596,2.7485,0.9999,13.407,0.1064,0.0017,14.551;14.765;27.015;17.386;9.146
0xA309,25,0.8773,0.8672,2.7129,0.9999,13.752,0.1145,0.0017,13.812;13.760;27.680;17.639;9.260
0xA309,26,0.8696,0.8737,2.6809,0.9999,14.101,0.1214,0.0017,12.900;12.920;28.119;17.904;9.376
0xA309,27,0.8631,0.8791,2.6527,0.9999,14.453,0.1270,0.0016,11.807;11.929;28.355;18.280;9.472
0xA309,28,0.8578,0.8834,2.6281,1.0000,14.807,0.1314,0.0016,10.731;10.376;28.411;18.583;9.553
0xA309,29,0.8535,0.8869,2.6072,1.0000,15.164,0.1347,0.0016,9.710;8.893;28.302;18.826;9.620
0xA309,30,0.8501,0.8895,2.5898,1.0000,15.523,0.1371,0.0016,8.730;7.598;28.032;19.021;9.674
0xA309,31,0.8475,0.8914,2.5754,1.0000,15.884,0.1387,0.0015,7.816;6.592;27.596;19.178;9.718
0xA309,32,0.8456,0.8928,2.5635,1.0000,16.247,0.1399,0.0015,6.982;5.819;26.988;19.304;9.749
0xA309,33,0.8441,0.8937,2.5544,1.0000,16.612,0.1408,0.0015,6.233;5.254;26.203;19.404;9.776
0xA309,34,0.8430,0.8943,2.5475,1.0000,16.979,0.1415,0.0015,5.570;4.737;25.243;19.485;9.798
0xA309,35,0.8423,0.8946,2.5411,1.0000,17.347,0.1420,0.0014,4.988;4.046;24.124;19.548;9.815
0xA309,36,0.8418,0.8947,2.5353,1.0000,17.717,0.1425,0.0014,4.456;3.472;22.873;19.599;9.830
0xA309,37,0.8415,0.8946,2.5309,1.0000,18.088,0.1429,0.0014,3.947;2.972;21.527;19.638;9.842
0xA309,38,0.8413,0.8945,2.5276,1.0000,18.460,0.1433,0.0014,3.425;2.613;21.045;19.670;9.851
0xA309,39,0.8412,0.8944,2.5250,1.0000,18.834,0.1436,0.0013,2.989;2.362;20.817;19.692;9.859
0xA309,40,0.8412,0.8942,2.5228,1.0000,19.209,0.1440,0.0013,2.600;2.105;20.537;19.709;9.865
0xA309,41,0.8411,0.8940,2.5210,1.0000,19.585,0.1441,0.0013,2.235;1.819;20.201;19.724;9.870
0xA309,42,0.8411,0.8938,2.5196,1.0000,19.962,0.1442,0.0013,1.912;1.598;19.808;19.735;9.874
0xA309,43,0.8411,0.8936,2.5186,1.0000,20.340,0.1443,0.0012,1.579;1.464;19.366;19.744;9.878
0xA309,44,0.8410,0.8934,2.5178,1.0000,20.720,0.1444,0.0012,1.318;1.350;18.891;19.752;9.880
0xA309,45,0.8410,0.8933,2.5171,1.0000,21.100,0.1445,0.0012,1.138;1.263;18.407;19.758;9.883
0xA309,46,0.8409,0.8931,2.5166,1.0000,21.480,0.1446,0.0012,1.020;1.181;17.943;19.762;9.884
0xA309,47,0.8407,0.8930,2.5161,1.0000,21.862,0.1448,0.0012,0.913;1.014;17.529;19.766;9.886
0xA309,48,0.8406,0.8929,2.5157,1.0000,22.244,0.1450,0.0012,0.825;0.860;17.187;19.770;9.887
0xA309,49,0.8404,0.8929,2.5154,1.0000,22.627,0.1451,0.0011,0.731;0.781;16.930;19.772;9.888
0xA309,50,0.8402,0.8928,2.5151,1.0000,23.011,0.1453,0.0011,0.670;0.731;16.764;19.774;9.889
0xA309,51,0.8399,0.8928,2.5150,1.0000,23.396,0.1454,0.0011,0.594;0.690;16.686;19.776;9.889
0xA309,52,0.8397,0.8927,2.5149,1.0000,23.781,0.1456,0.0011,0.569;0.655;16.692;19.777;9.889
0xA309,53,0.8394,0.8927,2.5149,1.0000,24.166,0.1458,0.0011,0.510;0.621;16.772;19.778;9.890
0xA309,54,0.8391,0.8927,2.5149,1.0000,24.552,0.1459,0.0011,0.461;0.583;17.014;19.779;9.890
0xA309,55,0.8388,0.8927,2.5150,1.0000,24.939,0.1461,0.0011,0.444;0.532;17.335;19.780;9.890
0xA309,56,0.8385,0.8927,2.5151,1.0000,25.326,0.1462,0.0010,0.408;0.488;17.668;19.780;9.890
0xA309,57,0.8382,0.8927,2.5151,1.0000,25.714,0.1463,0.0010,0.378;0.449;18.007;19.781;9.891
0xA309,58,0.8378,0.8927,2.5152,1.0000,26.102,0.1465,0.0010,0.357;0.415;18.344;19.781;9.891
0xA309,59,0.8375,0.8928,2.5154,1.0000,26.491,0.1466,0.0010,0.336;0.386;18.671;19.781;9.891
0xA309,60,0.8371,0.8928,2.5155,1.0000,26.880,0.1467,0.0010,0.320;0.356;18.976;19.781;9.891
0xA309,61,0.8368,0.8928,2.5156,1.0000,27.269,0.1468,0.0010,0.305;0.327;19.251;19.781;9.891
0xA309,62,0.8364,0.8928,2.5157,1.0000,27.659,0.1469,0.0010,0.288;0.300;19.486;19.781;9.891
0xA309,63,0.8361,0.8928,2.5158,1.0000,28.050,0.1470,0.0010,0.270;0.275;19.677;19.781;9.891
0xA309,64,0.8357,0.8929,2.5159,1.0000,28.440,0.1471,0.0009,0.252;0.251;19.821;19.781;9.891
0xA30A,1,0.9983,0.7232,3.3959,0.9934,6.525,0.0026,0.0017,1.193;1.194;1.195;1.188;1.150
0xA30A,2,0.9941,0.7278,3.4308,0.9930,6.664,0.0050,0.0017,1.600;1.597;1.565;1.528;1.529
0xA30A,3,0.9880,0.7346,3.3999,0.9932,6.825,0.0093,0.0019,2.055;2.044;2.012;2.025;1.924
0xA30A,4,0.9799,0.7442,3.3997,0.9937,7.005,0.0165,0.0021,2.641;2.610;2.527;2.407;2.363
0xA30A,5,0.9697,0.7565,3.2795,0.9945,7.204,0.0232,0.0023,3.430;3.386;3.070;2.817;2.746
0xA30A,6,0.9570,0.7706,3.1406,0.9954,7.418,0.0296,0.0025,3.969;4.032;3.937;3.636;3.164
0xA30A,7,0.9419,0.7847,3.0016,0.9963,7.648,0.0342,0.0027,4.536;4.567;4.872;4.217;3.379
0xA30A,8,0.9248,0.7973,2.8634,0.9971,7.892,0.0377,0.0029,5.067;5.006;5.201;4.252;4.102
0xA30A,9,0.9063,0.8065,2.7628,0.9978,8.148,0.0404,0.0030,5.021;5.047;5.254;4.889;4.406
0xA30A,10,0.8867,0.8119,2.6528,0.9984,8.415,0.0443,0.0031,5.092;5.315;5.691;5.714;4.383
0xA30A,11,0.8662,0.8137,2.5596,0.9988,8.693,0.0496,0.0032,5.918;6.285;6.401;6.275;4.949
0xA30A,12,0.8442,0.8130,2.4874,0.9991,8.981,0.0568,0.0032,7.074;7.587;7.309;7.119;5.214
0xA30A,13,0.8197,0.8108,2.4728,0.9993,9.277,0.0669,0.0032,7.889;8.315;7.816;7.439;4.953
0xA30A,14,0.7915,0.8081,2.4891,0.9994,9.581,0.0809,0.0033,8.774;9.093;8.599;8.681;4.730
0xA30A,15,0.7576,0.8057,2.4940,0.9995,9.892,0.1005,0.0033,9.709;10.149;10.705;9.210;5.209
0xA30A,16,0.7165,0.8043,2.5151,0.9996,10.209,0.1277,0.0033,10.865;11.218;14.202;10.203;6.046
0xA30A,17,0.6668,0.8044,2.5510,0.9996,10.533,0.1625,0.0033,12.525;12.325;18.030;12.018;6.833
0xA30A,18,0.6088,0.8062,2.6018,0.9997,10.861,0.2031,0.0033,15.512;14.366;19.623;13.318;7.156
0xA30A,19,0.5439,0.8095,2.6686,0.9997,11.195,0.2444,0.0033,19.212;16.994;20.604;13.640;7.274
0xA30A,20,0.4742,0.8137,2.6400,0.9997,11.533,0.2835,0.0033,21.927;20.893;21.296;13.266;6.979
0xA30A,21,0.4018,0.8184,2.7060,0.9998,11.875,0.3168,0.0032,23.821;24.464;19.937;13.108;6.796
0xA30A,22,0.3289,0.8232,2.5964,0.9998,12.220,0.3476,0.0032,25.720;25.111;17.533;12.951;6.789
0xA30A,23,0.2570,0.8279,2.6444,0.9998,12.569,0.3705,0.0031,27.846;27.663;16.452;12.219;7.190
0xA30A,24,0.1877,0.8325,2.5777,0.9998,12.922,0.3776,0.0031,30.703;29.139;17.070;12.000;6.805
0xA30A,25,0.1230,0.8369,2.5587,0.9998,13.277,0.3746,0.0030,35.051;32.890;17.094;10.652;6.048
0xA30A,26,0.0639,0.8406,2.5377,0.9999,13.635,0.3749,0.0030,35.963;32.523;15.640;10.866;5.819
0xA30A,27,0.0104,0.8434,2.4332,0.9999,13.995,0.3724,0.0029,39.350;31.705;16.179;12.061;6.351
0xA30A,28,-0.0378,0.8458,2.4205,0.9999,14.358,0.3576,0.0028,48.579;33.512;18.057;12.493;6.565
0xA30A,29,-0.0808,0.8484,2.3599,0.9999,14.722,0.3432,0.0028,49.545;33.257;19.856;12.595;6.628
0xA30A,30,-0.1179,0.8512,2.2023,0.9999,15.089,0.3204,0.0027,46.499;33.154;19.396;13.066;7.104
0xA30A,31,-0.1486,0.8540,2.1498,0.9999,15.458,0.2927,0.0027,42.556;33.772;19.132;12.897;7.090
0xA30A,32,-0.1726,0.8564,2.0487,0.9999,15.828,0.2638,0.0026,38.636;33.659;19.042;12.273;6.753
0xA30A,33,-0.1901,0.8582,2.0335,0.9999,16.199,0.2392,0.0026,34.965;32.135;19.845;12.138;6.383
0xA30A,34,-0.2019,0.8595,2.0297,0.9999,16.573,0.2190,0.0025,33.815;30.725;20.527;12.025;6.234
0xA30A,35,-0.2088,0.8604,2.0520,0.9999,16.947,0.2016,0.0025,32.782;29.292;21.316;11.289;6.045
0xA30A,36,-0.2119,0.8611,2.0789,0.9999,17.323,0.1872,0.0024,29.499;27.531;22.080;10.332;6.019
0xA30A,37,-0.2116,0.8617,2.1004,1.0000,17.700,0.1775,0.0024,25.850;26.401;20.200;9.527;6.015
0xA30A,38,-0.2083,0.8622,2.1123,1.0000,18.078,0.1727,0.0023,22.683;25.037;17.611;8.911;6.036
0xA30A,39,-0.2020,0.8626,2.1388,1.0000,18.458,0.1735,0.0023,21.509;22.150;15.781;8.523;6.089
0xA30A,40,-0.1922,0.8632,2.1739,1.0000,18.838,0.1801,0.0022,21.376;19.635;15.323;8.391;6.175
0xA30A,41,-0.1788,0.8640,2.2084,1.0000,19.219,0.1917,0.0022,22.202;17.517;16.914;8.668;6.284
0xA30A,42,-0.1617,0.8651,2.2442,1.0000,19.601,0.2055,0.0022,24.111;15.806;18.880;9.629;6.395
0xA30A,43,-0.1409,0.8663,2.2803,1.0000,19.984,0.2191,0.0021,27.186;14.504;19.382;9.733;6.482
0xA30A,44,-0.1164,0.8677,2.3193,1.0000,20.368,0.2284,0.0021,29.196;14.482;19.411;9.743;6.526
0xA30A,45,-0.0879,0.8691,2.3652,1.0000,20.752,0.2397,0.0020,29.544;16.192;19.725;9.901;6.191
0xA30A,46,-0.0554,0.8709,2.3888,1.0000,21.137,0.2558,0.0020,31.008;18.726;20.361;10.223;6.025
0xA30A,47,-0.0193,0.8731,2.4258,1.0000,21.523,0.2648,0.0020,28.945;22.306;18.375;9.302;6.189
0xA30A,48,0.0196,0.8755,2.4410,1.0000,21.909,0.2720,0.0019,26.487;27.163;16.014;8.124;6.029
0xA30A,49,0.0599,0.8776,2.4348,1.0000,22.296,0.2706,0.0019,24.232;32.618;14.876;7.937;5.701
0xA30A,50,0.1014,0.8788,2.2648,1.0000,22.684,0.2709,0.0019,23.982;32.235;14.356;8.537;5.900
0xA30A,51,0.1452,0.8792,2.0543,1.0000,23.072,0.2813,0.0018,26.080;30.361;13.059;8.388;6.339
0xA30A,52,0.1938,0.8798,1.9092,1.0000,23.461,0.2858,0.0018,24.945;35.688;12.858;9.237;5.955
0xA30A,53,0.2503,0.8813,1.8322,1.0000,23.850,0.3033,0.0018,26.817;37.279;13.278;10.659;6.434
0xA30A,54,0.3182,0.8854,1.8139,1.0000,24.239,0.3335,0.0018,30.258;36.670;15.615;11.979;7.164
0xA30A,55,0.3993,0.8935,1.8166,1.0000,24.629,0.3622,0.0017,30.583;37.660;18.284;13.487;7.313
0xA30A,56,0.4914,0.9064,1.8184,1.0000,25.020,0.3846,0.0017,27.036;37.558;20.823;12.915;6.942
0xA30A,57,0.5864,0.9230,1.8210,1.0000,25.410,0.3765,0.0017,24.687;36.971;18.704;11.936;6.389
0xA30A,58,0.6729,0.9395,1.8235,1.0000,25.802,0.3074,0.0017,22.907;31.800;15.531;9.983;5.837
0xA30A,59,0.7421,0.9511,1.8142,1.0000,26.193,0.2385,0.0017,21.318;27.402;12.992;8.272;5.122
0xA30A,60,0.7928,0.9555,1.8130,1.0000,26.585,0.1888,0.0016,19.241;21.941;10.730;6.906;4.315
0xA30A,61,0.8288,0.9543,1.7793,1.0000,26.977,0.1542,0.0016,14.601;17.649;8.701;6.124;3.653
0xA30A,62,0.8543,0.9504,1.7496,1.0000,27.370,0.1300,0.0016,11.310;14.515;7.226;5.680;3.130
0xA30A,63,0.8728,0.9456,1.7546,1.0000,27.763,0.1129,0.0016,9.432;11.404;6.246;4.959;2.716
0xA30A,64,0.8866,0.9409,1.7598,1.0000,28.156,0.1004,0.0016,8.619;9.182;5.469;4.375;2.384
0xA30B,1,0.9961,0.9243,4.2412,0.9994,7.052,0.0040,0.0039,1.181;1.168;1.158;1.115;1.035
0xA30B,2,0.9862,0.9523,4.3454,0.9995,7.196,0.0126,0.0040,1.663;1.640;1.568;1.450;1.254
0xA30B,3,0.9737,0.9752,4.4430,0.9996,7.359,0.0205,0.0042,2.017;1.997;1.892;1.861;1.527
0xA30B,4,0.9608,0.9941,4.4978,0.9997,7.540,0.0224,0.0043,2.308;2.293;2.228;2.047;1.689
0xA30B,5,0.9488,1.0110,4.5052,0.9997,7.737,0.0167,0.0044,2.460;2.458;2.295;2.183;1.739
0xA30B,6,0.9383,1.0268,4.4750,0.9998,7.950,0.0113,0.0046,2.467;2.521;2.436;2.273;1.669
0xA30B,7,0.9292,1.0415,4.4245,0.9999,8.177,0.0076,0.0046,2.467;2.478;2.459;2.298;1.552
0xA30B,8,0.9211,1.0542,4.3696,0.9999,8.417,0.0057,0.0047,2.382;2.394;2.192;2.160;1.448
0xA30B,9,0.9143,1.0642,4.3230,0.9999,8.669,0.0047,0.0047,2.260;2.241;2.072;1.998;1.381
0xA30B,10,0.9088,1.0714,4.2974,1.0000,8.932,0.0041,0.0048,2.019;2.018;1.897;1.782;1.230
0xA30B,11,0.9040,1.0758,4.2821,1.0000,9.205,0.0038,0.0047,1.839;1.814;1.733;1.603;1.143
0xA30B,12,0.8998,1.0781,4.2813,1.0000,9.488,0.0038,0.0047,1.654;1.687;1.680;1.519;1.114
0xA30B,13,0.8961,1.0790,4.2907,1.0000,9.779,0.0039,0.0047,1.573;1.574;1.633;1.437;1.096
0xA30B,14,0.8924,1.0792,4.3100,1.0000,10.077,0.0042,0.0046,1.578;1.541;1.551;1.418;1.086
0xA30B,15,0.8884,1.0790,4.3356,1.0000,10.383,0.0046,0.0045,1.535;1.543;1.520;1.396;1.044
0xA30B,16,0.8840,1.0788,4.3641,1.0000,10.695,0.0051,0.0044,1.583;1.593;1.525;1.416;0.980
0xA30B,17,0.8794,1.0789,4.3928,1.0000,11.013,0.0057,0.0043,1.593;1.602;1.467;1.410;0.955
0xA30B,18,0.8743,1.0793,4.4201,1.0000,11.337,0.0063,0.0041,1.607;1.589;1.426;1.401;0.934
0xA30B,19,0.8689,1.0800,4.4449,1.0000,11.665,0.0068,0.0040,1.595;1.582;1.423;1.368;0.934
0xA30B,20,0.8634,1.0810,4.4660,1.0000,11.998,0.0072,0.0039,1.561;1.549;1.425;1.322;0.934
0xA30B,21,0.8577,1.0823,4.4845,1.0000,12.335,0.0075,0.0038,1.524;1.512;1.417;1.283;0.918
0xA30B,22,0.8520,1.0837,4.5006,1.0000,12.677,0.0080,0.0038,1.507;1.473;1.406;1.276;0.930
0xA30B,23,0.8466,1.0852,4.5138,1.0000,13.021,0.0085,0.0037,1.482;1.448;1.410;1.284;0.925
0xA30B,24,0.8412,1.0868,4.5251,1.0000,13.369,0.0091,0.0036,1.408;1.417;1.367;1.261;0.917
0xA30B,25,0.8362,1.0884,4.5324,1.0000,13.720,0.0097,0.0035,1.328;1.361;1.352;1.251;0.890
0xA30B,26,0.8314,1.0900,4.5397,1.0000,14.074,0.0103,0.0035,1.256;1.285;1.317;1.232;0.865
0xA30B,27,0.8270,1.0915,4.5460,1.0000,14.430,0.0110,0.0034,1.168;1.207;1.271;1.191;0.871
0xA30B,28,0.8228,1.0929,4.5523,1.0000,14.789,0.0116,0.0034,1.075;1.121;1.232;1.160;0.855
0xA30B,29,0.8189,1.0942,4.5572,1.0000,15.150,0.0123,0.0033,1.033;1.077;1.157;1.134;0.837
0xA30B,30,0.8153,1.0955,4.5611,1.0000,15.513,0.0129,0.0033,0.980;1.029;1.081;1.097;0.818
0xA30B,31,0.8119,1.0966,4.5647,1.0000,15.878,0.0135,0.0033,0.933;0.949;1.009;1.052;0.794
0xA30B,32,0.8087,1.0977,4.5682,1.0000,16.245,0.0140,0.0032,0.871;0.865;0.952;0.989;0.768
0xA30B,33,0.8057,1.0986,4.5720,1.0000,16.614,0.0146,0.0032,0.817;0.810;0.905;0.926;0.735
0xA30B,34,0.8028,1.0995,4.5754,1.0000,16.984,0.0151,0.0032,0.763;0.751;0.831;0.864;0.696
0xA30B,35,0.8001,1.1004,4.5783,1.0000,17.355,0.0156,0.0031,0.712;0.693;0.767;0.803;0.656
0xA30B,36,0.7975,1.1011,4.5806,1.0000,17.728,0.0160,0.0031,0.662;0.638;0.714;0.748;0.618
0xA30B,37,0.7951,1.1018,4.5825,1.0000,18.102,0.0165,0.0031,0.617;0.588;0.664;0.707;0.580
0xA30B,38,0.7928,1.1024,4.5841,1.0000,18.478,0.0169,0.0031,0.576;0.542;0.617;0.667;0.543
0xA30B,39,0.7906,1.1030,4.5855,1.0000,18.855,0.0172,0.0031,0.536;0.499;0.574;0.628;0.509
0xA30B,40,0.7886,1.1035,4.5867,1.0000,19.232,0.0176,0.0030,0.496;0.460;0.533;0.591;0.475
0xA30B,41,0.7866,1.1040,4.5878,1.0000,19.611,0.0179,0.0030,0.458;0.424;0.496;0.555;0.444
0xA30B,42,0.7849,1.1045,4.5887,1.0000,19.991,0.0182,0.0030,0.423;0.391;0.461;0.520;0.414
0xA30B,43,0.7833,1.1049,4.5895,1.0000,20.371,0.0185,0.0030,0.391;0.364;0.429;0.488;0.386
0xA30B,44,0.7817,1.1052,4.5902,1.0000,20.753,0.0187,0.0030,0.362;0.341;0.400;0.457;0.359
0xA30B,45,0.7803,1.1055,4.5908,1.0000,21.135,0.0190,0.0030,0.336;0.319;0.375;0.428;0.335
0xA30B,46,0.7791,1.1058,4.5913,1.0000,21.518,0.0192,0.0030,0.313;0.298;0.350;0.401;0.312
0xA30B,47,0.7779,1.1061,4.5918,1.0000,21.902,0.0194,0.0030,0.291;0.278;0.327;0.374;0.290
0xA30B,48,0.7768,1.1064,4.5923,1.0000,22.286,0.0196,0.0030,0.271;0.260;0.304;0.348;0.270
0xA30B,49,0.7757,1.1066,4.5927,1.0000,22.671,0.0197,0.0029,0.253;0.243;0.284;0.324;0.252
0xA30B,50,0.7748,1.1068,4.5931,1.0000,23.057,0.0199,0.0029,0.237;0.227;0.265;0.302;0.235
0xA30B,51,0.7738,1.1070,4.5934,1.0000,23.443,0.0201,0.0029,0.222;0.212;0.247;0.281;0.219
0xA30B,52,0.7729,1.1071,4.5938,1.0000,23.830,0.0202,0.0029,0.208;0.198;0.231;0.263;0.204
0xA30B,53,0.7721,1.1073,4.5941,1.0000,24.217,0.0204,0.0029,0.194;0.185;0.215;0.245;0.190
0xA30B,54,0.7712,1.1074,4.5945,1.0000,24.605,0.0205,0.0029,0.182;0.173;0.201;0.229;0.178
0xA30B,55,0.7704,1.1076,4.5948,1.0000,24.994,0.0206,0.0029,0.171;0.162;0.188;0.214;0.166
0xA30B,56,0.7696,1.1077,4.5951,1.0000,25.382,0.0207,0.0029,0.161;0.152;0.176;0.194;0.155
0xA30B,57,0.7688,1.1078,4.5955,1.0000,25.772,0.0208,0.0029,0.151;0.142;0.165;0.172;0.145
0xA30B,58,0.7681,1.1079,4.5958,1.0000,26.161,0.0209,0.0029,0.142;0.133;0.154;0.154;0.135
0xA30B,59,0.7674,1.1080,4.5961,1.0000,26.552,0.0210,0.0029,0.134;0.125;0.145;0.141;0.127
0xA30B,60,0.7667,1.1081,4.5963,1.0000,26.942,0.0211,0.0029,0.125;0.117;0.136;0.132;0.118
0xA30B,61,0.7660,1.1082,4.5966,1.0000,27.333,0.0212,0.0029,0.118;0.109;0.127;0.124;0.111
0xA30B,62,0.7654,1.1083,4.5969,1.0000,27.724,0.0213,0.0028,0.111;0.103;0.119;0.116;0.104
0xA30B,63,0.7648,1.1084,4.5971,1.0000,28.116,0.0214,0.0028,0.104;0.096;0.112;0.109;0.097
0xA30B,64,0.7642,1.1084,4.5973,1.0000,28.507,0.0214,0.0028,0.098;0.090;0.105;0.102;0.091
0xA30C,1,0.9689,0.7396,4.0881,0.9920,6.836,0.0158,0.0311,1.312;1.314;1.323;1.326;1.285
0xA30C,2,0.8992,0.7464,4.0490,0.9945,6.978,0.0494,0.0261,1.722;1.735;1.723;1.700;1.604
0xA30C,3,0.8032,0.7365,4.1819,0.9966,7.140,0.1116,0.0220,1.876;1.865;1.846;1.793;1.767
0xA30C,4,0.6858,0.7369,4.2570,0.9978,7.321,0.1858,0.0187,1.996;1.989;2.035;2.027;2.100
0xA30C,5,0.5585,0.7514,4.2462,0.9986,7.519,0.2503,0.0163,2.270;2.275;2.397;2.480;2.693
0xA30C,6,0.4358,0.7728,4.1991,0.9992,7.733,0.3101,0.0146,2.534;2.550;2.723;2.909;2.868
0xA30C,7,0.3322,0.7927,4.0431,0.9995,7.962,0.3663,0.0134,2.928;3.049;2.921;3.043;2.950
0xA30C,8,0.2571,0.8061,3.9381,0.9996,8.205,0.4154,0.0125,2.931;2.979;3.137;3.077;3.130
0xA30C,9,0.2104,0.8140,3.8600,0.9997,8.459,0.4492,0.0118,3.136;3.167;3.286;3.238;3.267
0xA30C,10,0.1845,0.8203,3.8251,0.9998,8.725,0.4658,0.0112,3.502;3.614;3.497;3.509;3.383
0xA30C,11,0.1697,0.8277,3.7613,0.9998,9.002,0.4634,0.0106,3.875;3.807;3.861;4.065;3.519
0xA30C,12,0.1574,0.8365,3.7251,0.9998,9.287,0.4505,0.0101,3.991;4.098;4.595;4.022;3.612
0xA30C,13,0.1420,0.8457,3.6374,0.9999,9.581,0.4224,0.0096,4.020;4.028;4.265;4.505;3.786
0xA30C,14,0.1208,0.8536,3.3882,0.9999,9.883,0.3981,0.0091,3.710;3.789;4.127;4.675;4.037
0xA30C,15,0.0926,0.8592,3.0654,0.9999,10.191,0.3820,0.0087,4.072;3.987;4.467;5.160;4.525
0xA30C,16,0.0565,0.8628,2.8367,0.9999,10.507,0.3793,0.0083,4.343;4.500;4.644;5.423;4.950
0xA30C,17,0.0121,0.8666,2.7060,0.9999,10.827,0.3748,0.0079,4.550;4.653;4.824;5.123;4.999
0xA30C,18,-0.0382,0.8722,2.6800,0.9999,11.154,0.3664,0.0075,4.441;4.494;4.411;5.520;5.443
0xA30C,19,-0.0898,0.8791,2.6846,0.9999,11.485,0.3599,0.0071,3.955;3.969;4.676;5.395;5.707
0xA30C,20,-0.1394,0.8853,2.6894,0.9999,11.820,0.3552,0.0067,3.731;3.983;4.845;4.818;5.624
0xA30C,21,-0.1875,0.8902,2.6939,1.0000,12.160,0.3541,0.0063,3.448;3.768;4.770;4.213;5.169
0xA30C,22,-0.2356,0.8952,2.6980,1.0000,12.504,0.3534,0.0059,3.220;3.496;4.028;4.139;4.454
0xA30C,23,-0.2830,0.9010,2.7015,1.0000,12.850,0.3510,0.0056,3.041;3.285;3.577;4.045;3.907
0xA30C,24,-0.3265,0.9064,2.7111,1.0000,13.201,0.3450,0.0054,2.895;3.015;3.424;3.615;3.504
0xA30C,25,-0.3645,0.9097,2.7229,1.0000,13.554,0.3370,0.0052,2.664;2.708;3.145;3.536;3.157
0xA30C,26,-0.3972,0.9111,2.7325,1.0000,13.909,0.3341,0.0050,2.395;2.445;2.739;3.504;2.875
0xA30C,27,-0.4251,0.9109,2.7400,1.0000,14.268,0.3324,0.0048,2.189;2.262;2.453;3.334;2.652
0xA30C,28,-0.4501,0.9098,2.7465,1.0000,14.628,0.3338,0.0047,2.025;2.134;2.246;3.185;2.625
0xA30C,29,-0.4737,0.9089,2.7513,1.0000,14.991,0.3364,0.0046,1.934;1.933;2.174;3.054;2.435
0xA30C,30,-0.4957,0.9086,2.7548,1.0000,15.356,0.3395,0.0046,1.770;1.777;2.134;2.938;2.356
0xA30C,31,-0.5147,0.9078,2.7572,1.0000,15.722,0.3411,0.0045,1.639;1.654;2.099;2.826;2.295
0xA30C,32,-0.5314,0.9061,2.7588,1.0000,16.091,0.3458,0.0045,1.575;1.627;2.067;2.685;2.248
0xA30C,33,-0.5478,0.9042,2.7598,1.0000,16.461,0.3534,0.0044,1.577;1.618;2.038;2.564;2.176
0xA30C,34,-0.5662,0.9033,2.7602,1.0000,16.832,0.3615,0.0044,1.579;1.610;2.026;2.458;2.020
0xA30C,35,-0.5867,0.9039,2.7602,1.0000,17.205,0.3705,0.0044,1.580;1.603;2.021;2.364;1.885
0xA30C,36,-0.6082,0.9057,2.7599,1.0000,17.579,0.3764,0.0044,1.580;1.596;2.017;2.282;1.766
0xA30C,37,-0.6293,0.9079,2.7594,1.0000,17.955,0.3809,0.0043,1.580;1.590;2.013;2.208;1.660
0xA30C,38,-0.6482,0.9100,2.7587,1.0000,18.332,0.3847,0.0043,1.576;1.585;2.009;2.142;1.567
0xA30C,39,-0.6632,0.9112,2.7578,1.0000,18.709,0.3862,0.0043,1.547;1.579;2.006;2.081;1.482
0xA30C,40,-0.6740,0.9111,2.7569,1.0000,19.088,0.3887,0.0043,1.519;1.560;2.004;2.040;1.406
0xA30C,41,-0.6815,0.9099,2.7559,1.0000,19.468,0.3922,0.0043,1.492;1.527;2.001;2.004;1.338
0xA30C,42,-0.6868,0.9084,2.7548,1.0000,19.849,0.3967,0.0042,1.466;1.495;1.983;1.973;1.275
0xA30C,43,-0.6906,0.9067,2.7537,1.0000,20.230,0.4016,0.0042,1.441;1.465;1.966;1.918;1.218
0xA30C,44,-0.6934,0.9050,2.7526,1.0000,20.613,0.4068,0.0042,1.417;1.436;1.949;1.849;1.187
0xA30C,45,-0.6955,0.9035,2.7516,1.0000,20.996,0.4121,0.0042,1.395;1.408;1.934;1.785;1.162
0xA30C,46,-0.6970,0.9021,2.7505,1.0000,21.380,0.4175,0.0042,1.373;1.382;1.919;1.726;1.140
0xA30C,47,-0.6981,0.9007,2.7494,1.0000,21.764,0.4229,0.0042,1.352;1.357;1.906;1.666;1.119
0xA30C,48,-0.6987,0.8995,2.7491,1.0000,22.150,0.4283,0.0042,1.332;1.334;1.886;1.601;1.100
0xA30C,49,-0.6991,0.8984,2.7503,1.0000,22.536,0.4336,0.0041,1.313;1.322;1.842;1.540;1.084
0xA30C,50,-0.6991,0.8974,2.7516,1.0000,22.922,0.4388,0.0041,1.301;1.311;1.791;1.484;1.070
0xA30C,51,-0.6989,0.8964,2.7523,1.0000,23.309,0.4439,0.0041,1.290;1.300;1.743;1.432;1.056
0xA30C,52,-0.6985,0.8955,2.7508,1.0000,23.697,0.4488,0.0041,1.279;1.290;1.698;1.383;1.043
0xA30C,53,-0.6979,0.8946,2.7494,1.0000,24.085,0.4536,0.0040,1.268;1.280;1.656;1.337;1.031
0xA30C,54,-0.6972,0.8938,2.7481,1.0000,24.473,0.4583,0.0040,1.258;1.270;1.611;1.295;1.019
0xA30C,55,-0.6963,0.8931,2.7467,1.0000,24.862,0.4628,0.0040,1.248;1.260;1.561;1.255;1.008
0xA30C,56,-0.6952,0.8924,2.7467,1.0000,25.252,0.4671,0.0039,1.238;1.251;1.515;1.218;0.983
0xA30C,57,-0.6941,0.8917,2.7473,1.0000,25.642,0.4713,0.0039,1.229;1.241;1.471;1.183;0.947
0xA30C,58,-0.6928,0.8911,2.7480,1.0000,26.032,0.4754,0.0039,1.220;1.232;1.431;1.150;0.913
0xA30C,59,-0.6915,0.8905,2.7475,1.0000,26.423,0.4795,0.0038,1.211;1.224;1.392;1.119;0.883
0xA30C,60,-0.6901,0.8899,2.7461,1.0000,26.814,0.4834,0.0038,1.202;1.215;1.356;1.090;0.854
0xA30C,61,-0.6887,0.8893,2.7448,1.0000,27.205,0.4873,0.0038,1.192;1.207;1.329;1.062;0.827
0xA30C,62,-0.6873,0.8887,2.7434,1.0000,27.597,0.4912,0.0038,1.174;1.198;1.308;1.036;0.802
0xA30C,63,-0.6858,0.8882,2.7421,1.0000,27.989,0.4949,0.0038,1.157;1.191;1.288;1.012;0.778
0xA30C,64,-0.6844,0.8877,2.7408,1.0000,28.381,0.4986,0.0038,1.141;1.183;1.270;0.989;0.756
0xA30D,1,0.9594,0.8837,3.8462,0.9994,6.963,0.0117,0.0406,1.224;1.225;1.213;1.184;1.122
0xA30D,2,0.8953,0.9970,3.2801,0.9994,7.088,0.0257,0.0371,1.328;1.320;1.306;1.271;1.201
0xA30D,3,0.8615,1.0364,3.1057,0.9994,7.234,0.0349,0.0338,1.300;1.291;1.256;1.251;1.279
0xA30D,4,0.8576,1.0399,3.0825,0.9994,7.398,0.0378,0.0307,1.153;1.159;1.151;1.181;1.116
0xA30D,5,0.8694,1.0328,3.1168,0.9995,7.581,0.0374,0.0278,0.999;1.004;1.021;1.029;1.004
0xA30D,6,0.8862,1.0238,3.1650,0.9996,7.780,0.0354,0.0252,0.914;0.908;0.908;0.902;0.912
0xA30D,7,0.9026,1.0155,3.2117,0.9996,7.994,0.0314,0.0230,0.786;0.785;0.778;0.777;0.819
0xA30D,8,0.9162,1.0084,3.2512,0.9997,8.223,0.0273,0.0212,0.670;0.664;0.665;0.698;0.746
0xA30D,9,0.9267,1.0028,3.2824,0.9998,8.465,0.0244,0.0197,0.622;0.628;0.668;0.712;0.707
0xA30D,10,0.9341,0.9985,3.3061,0.9999,8.719,0.0224,0.0185,0.635;0.639;0.650;0.637;0.683
0xA30D,11,0.9393,0.9954,3.3228,0.9999,8.983,0.0212,0.0174,0.674;0.678;0.644;0.604;0.633
0xA30D,12,0.9426,0.9933,3.3341,0.9999,9.258,0.0206,0.0165,0.676;0.676;0.653;0.628;0.600
0xA30D,13,0.9445,0.9920,3.3399,0.9999,9.542,0.0204,0.0157,0.670;0.677;0.677;0.661;0.594
0xA30D,14,0.9454,0.9912,3.3432,1.0000,9.834,0.0205,0.0150,0.675;0.683;0.699;0.693;0.609
0xA30D,15,0.9457,0.9909,3.3442,1.0000,10.134,0.0208,0.0144,0.677;0.686;0.720;0.705;0.622
0xA30D,16,0.9453,0.9908,3.3436,1.0000,10.440,0.0212,0.0139,0.676;0.686;0.738;0.704;0.633
0xA30D,17,0.9446,0.9908,3.3424,1.0000,10.753,0.0216,0.0134,0.673;0.685;0.733;0.709;0.639
0xA30D,18,0.9436,0.9909,3.3405,1.0000,11.072,0.0221,0.0130,0.670;0.682;0.728;0.717;0.625
0xA30D,19,0.9425,0.9911,3.3383,1.0000,11.396,0.0226,0.0126,0.666;0.685;0.722;0.724;0.614
0xA30D,20,0.9412,0.9914,3.3365,1.0000,11.725,0.0231,0.0122,0.666;0.686;0.719;0.725;0.604
0xA30D,21,0.9398,0.9916,3.3344,1.0000,12.058,0.0236,0.0118,0.664;0.685;0.728;0.718;0.609
0xA30D,22,0.9384,0.9919,3.3324,1.0000,12.396,0.0240,0.0115,0.656;0.678;0.734;0.711;0.614
0xA30D,23,0.9371,0.9921,3.3306,1.0000,12.737,0.0245,0.0112,0.646;0.667;0.730;0.700;0.618
0xA30D,24,0.9359,0.9924,3.3287,1.0000,13.082,0.0249,0.0109,0.636;0.656;0.720;0.677;0.616
0xA30D,25,0.9347,0.9927,3.3265,1.0000,13.430,0.0253,0.0106,0.625;0.645;0.711;0.655;0.595
0xA30D,26,0.9336,0.9930,3.3242,1.0000,13.782,0.0256,0.0104,0.615;0.634;0.701;0.634;0.573
0xA30D,27,0.9326,0.9933,3.3220,1.0000,14.135,0.0260,0.0101,0.605;0.623;0.691;0.613;0.558
0xA30D,28,0.9317,0.9937,3.3199,1.0000,14.492,0.0263,0.0099,0.595;0.612;0.681;0.593;0.552
0xA30D,29,0.9309,0.9940,3.3177,1.0000,14.851,0.0267,0.0098,0.585;0.601;0.671;0.574;0.547
0xA30D,30,0.9302,0.9943,3.3157,1.0000,15.212,0.0270,0.0096,0.571;0.589;0.660;0.555;0.541
0xA30D,31,0.9295,0.9947,3.3136,1.0000,15.575,0.0273,0.0094,0.558;0.577;0.645;0.537;0.535
0xA30D,32,0.9289,0.9950,3.3114,1.0000,15.940,0.0275,0.0093,0.544;0.566;0.631;0.519;0.530
0xA30D,33,0.9284,0.9953,3.3093,1.0000,16.307,0.0278,0.0091,0.533;0.554;0.617;0.502;0.525
0xA30D,34,0.9279,0.9957,3.3073,1.0000,16.675,0.0281,0.0090,0.524;0.542;0.603;0.486;0.519
0xA30D,35,0.9274,0.9960,3.3053,1.0000,17.045,0.0283,0.0089,0.514;0.530;0.587;0.475;0.514
0xA30D,36,0.9270,0.9963,3.3033,1.0000,17.417,0.0285,0.0088,0.503;0.518;0.571;0.465;0.509
0xA30D,37,0.9265,0.9967,3.3013,1.0000,17.790,0.0288,0.0087,0.492;0.506;0.555;0.455;0.504
0xA30D,38,0.9261,0.9970,3.2994,1.0000,18.164,0.0290,0.0087,0.481;0.495;0.539;0.446;0.499
0xA30D,39,0.9257,0.9973,3.2975,1.0000,18.539,0.0292,0.0086,0.470;0.483;0.524;0.436;0.494
0xA30D,40,0.9254,0.9977,3.2957,1.0000,18.916,0.0293,0.0085,0.458;0.472;0.509;0.426;0.490
0xA30D,41,0.9250,0.9980,3.2939,1.0000,19.293,0.0295,0.0085,0.447;0.460;0.494;0.421;0.485
0xA30D,42,0.9246,0.9983,3.2921,1.0000,19.672,0.0296,0.0084,0.435;0.449;0.480;0.415;0.480
0xA30D,43,0.9243,0.9987,3.2904,1.0000,20.051,0.0298,0.0084,0.423;0.438;0.466;0.405;0.476
0xA30D,44,0.9239,0.9990,3.2887,1.0000,20.432,0.0299,0.0083,0.412;0.427;0.452;0.393;0.471
0xA30D,45,0.9236,0.9993,3.2870,1.0000,20.813,0.0300,0.0083,0.400;0.416;0.438;0.382;0.467
0xA30D,46,0.9232,0.9996,3.2854,1.0000,21.195,0.0301,0.0082,0.390;0.405;0.425;0.371;0.463
0xA30D,47,0.9229,0.9999,3.2838,1.0000,21.578,0.0302,0.0082,0.380;0.394;0.412;0.360;0.459
0xA30D,48,0.9225,1.0002,3.2823,1.0000,21.962,0.0303,0.0082,0.370;0.384;0.399;0.348;0.455
0xA30D,49,0.9222,1.0005,3.2807,1.0000,22.346,0.0304,0.0081,0.360;0.373;0.387;0.338;0.451
0xA30D,50,0.9219,1.0008,3.2793,1.0000,22.731,0.0305,0.0081,0.350;0.363;0.374;0.328;0.448
0xA30D,51,0.9215,1.0011,3.2778,1.0000,23.117,0.0306,0.0081,0.341;0.353;0.362;0.321;0.444
0xA30D,52,0.9212,1.0014,3.2764,1.0000,23.503,0.0307,0.0081,0.331;0.344;0.350;0.313;0.441
0xA30D,53,0.9208,1.0017,3.2750,1.0000,23.889,0.0307,0.0080,0.322;0.334;0.339;0.305;0.438
0xA30D,54,0.9205,1.0020,3.2736,1.0000,24.277,0.0308,0.0080,0.313;0.324;0.327;0.298;0.435
0xA30D,55,0.9201,1.0022,3.2723,1.0000,24.664,0.0309,0.0080,0.303;0.314;0.316;0.290;0.433
0xA30D,56,0.9198,1.0025,3.2710,1.0000,25.053,0.0309,0.0079,0.295;0.303;0.305;0.283;0.430
0xA30D,57,0.9195,1.0028,3.2698,1.0000,25.441,0.0310,0.0079,0.287;0.293;0.295;0.274;0.428
0xA30D,58,0.9192,1.0030,3.2686,1.0000,25.830,0.0310,0.0078,0.279;0.284;0.285;0.264;0.426
0xA30D,59,0.9189,1.0033,3.2674,1.0000,26.220,0.0311,0.0078,0.270;0.274;0.275;0.255;0.424
0xA30D,60,0.9186,1.0035,3.2662,1.0000,26.610,0.0311,0.0078,0.262;0.265;0.265;0.245;0.423
0xA30D,61,0.9183,1.0038,3.2651,1.0000,27.000,0.0311,0.0077,0.253;0.255;0.255;0.236;0.421
0xA30D,62,0.9180,1.0040,3.2640,1.0000,27.391,0.0312,0.0077,0.244;0.246;0.246;0.228;0.420
0xA30D,63,0.9178,1.0043,3.2630,1.0000,27.782,0.0312,0.0077,0.236;0.237;0.237;0.219;0.420
0xA30D,64,0.9175,1.0045,3.2620,1.0000,28.174,0.0313,0.0076,0.228;0.229;0.228;0.211;0.419
0xA30E,1,0.8869,1.0550,1.7914,0.9967,6.855,0.0506,0.1131,0.934;0.933;0.923;0.914;0.924
0xA30E,2,0.7695,1.1812,1.6138,0.9971,6.989,0.0382,0.1024,0.892;0.890;0.889;0.902;0.882
0xA30E,3,0.7048,1.1990,1.6047,0.9977,7.144,0.0258,0.0942,0.908;0.915;0.936;0.910;0.883
0xA30E,4,0.6716,1.1982,1.6022,0.9978,7.318,0.0206,0.0889,0.842;0.854;0.863;0.873;0.912
0xA30E,5,0.6657,1.1960,1.5942,0.9980,7.509,0.0181,0.0797,0.765;0.764;0.800;0.836;0.954
0xA30E,6,0.6693,1.1959,1.5819,0.9983,7.717,0.0171,0.0740,0.740;0.749;0.790;0.845;0.943
0xA30E,7,0.6796,1.1981,1.5649,0.9987,7.940,0.0162,0.0689,0.759;0.768;0.813;0.837;0.925
0xA30E,8,0.6998,1.2021,1.5461,0.9989,8.176,0.0136,0.0610,0.807;0.811;0.829;0.857;0.923
0xA30E,9,0.7172,1.2072,1.5277,0.9992,8.425,0.0116,0.0574,0.849;0.853;0.857;0.857;0.938
0xA30E,10,0.7340,1.2126,1.5126,0.9994,8.686,0.0096,0.0539,0.857;0.874;0.874;0.855;0.955
0xA30E,11,0.7543,1.2177,1.4988,0.9995,8.957,0.0077,0.0482,0.847;0.865;0.872;0.869;0.940
0xA30E,12,0.7685,1.2222,1.4925,0.9996,9.238,0.0061,0.0466,0.835;0.845;0.866;0.884;0.923
0xA30E,13,0.7839,1.2260,1.4843,0.9997,9.528,0.0049,0.0427,0.823;0.817;0.863;0.893;0.924
0xA30E,14,0.7979,1.2289,1.4772,0.9997,9.825,0.0042,0.0397,0.800;0.804;0.852;0.899;0.927
0xA30E,15,0.8092,1.2310,1.4735,0.9998,10.130,0.0037,0.0377,0.794;0.797;0.849;0.893;0.921
0xA30E,16,0.8202,1.2325,1.4699,0.9998,10.442,0.0033,0.0351,0.788;0.791;0.845;0.899;0.911
0xA30E,17,0.8294,1.2334,1.4679,0.9998,10.759,0.0031,0.0333,0.783;0.786;0.843;0.906;0.910
0xA30E,18,0.8377,1.2340,1.4670,0.9999,11.082,0.0030,0.0314,0.778;0.789;0.838;0.897;0.910
0xA30E,19,0.8449,1.2342,1.4665,0.9999,11.411,0.0029,0.0298,0.785;0.796;0.839;0.885;0.907
0xA30E,20,0.8508,1.2341,1.4663,0.9999,11.743,0.0029,0.0287,0.790;0.802;0.842;0.873;0.884
0xA30E,21,0.8560,1.2340,1.4665,0.9999,12.080,0.0029,0.0275,0.794;0.807;0.846;0.865;0.863
0xA30E,22,0.8608,1.2337,1.4669,0.9999,12.421,0.0029,0.0264,0.800;0.813;0.841;0.868;0.845
0xA30E,23,0.8654,1.2333,1.4675,0.9999,12.766,0.0029,0.0254,0.808;0.821;0.832;0.872;0.829
0xA30E,24,0.8690,1.2330,1.4681,0.9999,13.114,0.0029,0.0247,0.816;0.822;0.826;0.877;0.838
0xA30E,25,0.8728,1.2326,1.4688,0.9999,13.465,0.0030,0.0238,0.816;0.816;0.821;0.884;0.847
0xA30E,26,0.8763,1.2322,1.4694,0.9999,13.819,0.0030,0.0230,0.811;0.811;0.817;0.891;0.856
0xA30E,27,0.8791,1.2318,1.4701,1.0000,14.175,0.0031,0.0226,0.808;0.808;0.818;0.894;0.865
0xA30E,28,0.8823,1.2315,1.4706,1.0000,14.534,0.0031,0.0217,0.807;0.807;0.823;0.898;0.874
0xA30E,29,0.8851,1.2312,1.4711,1.0000,14.895,0.0032,0.0212,0.807;0.807;0.828;0.903;0.884
0xA30E,30,0.8873,1.2309,1.4716,1.0000,15.258,0.0032,0.0209,0.808;0.809;0.834;0.909;0.894
0xA30E,31,0.8901,1.2306,1.4720,1.0000,15.623,0.0033,0.0202,0.811;0.812;0.841;0.915;0.905
0xA30E,32,0.8920,1.2304,1.4724,1.0000,15.990,0.0033,0.0200,0.816;0.817;0.848;0.923;0.915
0xA30E,33,0.8942,1.2302,1.4727,1.0000,16.359,0.0033,0.0195,0.821;0.822;0.857;0.931;0.926
0xA30E,34,0.8962,1.2300,1.4729,1.0000,16.729,0.0034,0.0191,0.828;0.829;0.866;0.940;0.937
0xA30E,35,0.8979,1.2298,1.4732,1.0000,17.101,0.0034,0.0189,0.836;0.837;0.875;0.950;0.949
0xA30E,36,0.8996,1.2297,1.4735,1.0000,17.474,0.0034,0.0185,0.845;0.846;0.886;0.960;0.961
0xA30E,37,0.9012,1.2296,1.4737,1.0000,17.848,0.0034,0.0183,0.854;0.856;0.897;0.971;0.972
0xA30E,38,0.9026,1.2295,1.4738,1.0000,18.224,0.0035,0.0181,0.865;0.866;0.908;0.983;0.984
0xA30E,39,0.9040,1.2294,1.4739,1.0000,18.601,0.0035,0.0178,0.876;0.878;0.920;0.995;0.997
0xA30E,40,0.9051,1.2293,1.4739,1.0000,18.979,0.0035,0.0177,0.888;0.890;0.933;1.008;1.009
0xA30E,41,0.9062,1.2292,1.4740,1.0000,19.358,0.0035,0.0175,0.901;0.902;0.946;1.021;1.022
0xA30E,42,0.9073,1.2292,1.4740,1.0000,19.737,0.0035,0.0173,0.914;0.916;0.959;1.035;1.034
0xA30E,43,0.9085,1.2291,1.4740,1.0000,20.118,0.0035,0.0171,0.927;0.929;0.973;1.049;1.047
0xA30E,44,0.9094,1.2291,1.4739,1.0000,20.500,0.0035,0.0170,0.942;0.944;0.988;1.064;1.059
0xA30E,45,0.9105,1.2291,1.4739,1.0000,20.882,0.0035,0.0168,0.956;0.958;1.003;1.079;1.072
0xA30E,46,0.9115,1.2291,1.4739,1.0000,21.265,0.0035,0.0166,0.971;0.973;1.018;1.094;1.085
0xA30E,47,0.9124,1.2290,1.4738,1.0000,21.649,0.0035,0.0165,0.987;0.989;1.033;1.110;1.098
0xA30E,48,0.9134,1.2290,1.4737,1.0000,22.034,0.0035,0.0162,1.003;1.005;1.049;1.126;1.111
0xA30E,49,0.9143,1.2290,1.4737,1.0000,22.419,0.0035,0.0161,1.019;1.021;1.066;1.142;1.124
0xA30E,50,0.9151,1.2290,1.4737,1.0000,22.805,0.0035,0.0159,1.036;1.038;1.082;1.159;1.137
0xA30E,51,0.9160,1.2290,1.4737,1.0000,23.191,0.0035,0.0157,1.053;1.055;1.099;1.176;1.150
0xA30E,52,0.9167,1.2290,1.4736,1.0000,23.578,0.0035,0.0156,1.070;1.072;1.117;1.193;1.163
0xA30E,53,0.9175,1.2290,1.4736,1.0000,23.966,0.0035,0.0154,1.088;1.090;1.134;1.211;1.176
0xA30E,54,0.9183,1.2290,1.4735,1.0000,24.354,0.0035,0.0152,1.106;1.108;1.152;1.229;1.189
0xA30E,55,0.9189,1.2290,1.4735,1.0000,24.742,0.0035,0.0151,1.125;1.126;1.171;1.247;1.202
0xA30E,56,0.9196,1.2290,1.4734,1.0000,25.131,0.0035,0.0149,1.143;1.145;1.189;1.265;1.215
0xA30E,57,0.9202,1.2290,1.4733,1.0000,25.521,0.0035,0.0148,1.162;1.164;1.208;1.283;1.228
0xA30E,58,0.9208,1.2291,1.4733,1.0000,25.910,0.0035,0.0147,1.182;1.183;1.227;1.302;1.241
0xA30E,59,0.9214,1.2291,1.4732,1.0000,26.301,0.0035,0.0146,1.201;1.203;1.247;1.321;1.254
0xA30E,60,0.9219,1.2291,1.4732,1.0000,26.691,0.0035,0.0144,1.222;1.223;1.267;1.340;1.266
0xA30E,61,0.9224,1.2291,1.4732,1.0000,27.082,0.0035,0.0143,1.242;1.243;1.287;1.360;1.279
0xA30E,62,0.9229,1.2291,1.4732,1.0000,27.474,0.0035,0.0142,1.263;1.264;1.307;1.379;1.292
0xA30E,63,0.9234,1.2291,1.4732,1.0000,27.865,0.0035,0.0141,1.284;1.285;1.328;1.399;1.305
0xA30E,64,0.9238,1.2291,1.4732,1.0000,28.257,0.0035,0.0140,1.305;1.307;1.349;1.419;1.318
0xA30F,1,0.9988,1.0232,2.5868,0.9990,6.957,0.0007,0.0012,0.900;0.901;0.910;0.906;0.908
0xA30F,2,0.9967,1.0154,2.6112,0.9991,7.109,0.0007,0.0011,0.927;0.927;0.938;0.958;1.024
0xA30F,3,0.9950,1.0105,2.6365,0.9993,7.280,0.0006,0.0009,0.913;0.918;0.935;0.951;1.008
0xA30F,4,0.9942,1.0074,2.6542,0.9994,7.469,0.0006,0.0008,0.956;0.961;0.959;0.963;0.972
0xA30F,5,0.9940,1.0054,2.6632,0.9996,7.675,0.0006,0.0007,0.954;0.965;1.007;1.009;1.014
0xA30F,6,0.9943,1.0037,2.6688,0.9997,7.895,0.0006,0.0006,0.925;0.929;0.955;0.986;0.950
0xA30F,7,0.9947,1.0020,2.6754,0.9998,8.130,0.0007,0.0005,0.938;0.943;0.917;0.952;0.920
0xA30F,8,0.9951,1.0001,2.6827,0.9998,8.378,0.0008,0.0005,0.903;0.907;0.882;0.888;0.850
0xA30F,9,0.9953,0.9979,2.6881,0.9999,8.637,0.0009,0.0004,0.807;0.807;0.843;0.800;0.814
0xA30F,10,0.9953,0.9957,2.6944,0.9999,8.907,0.0010,0.0004,0.808;0.801;0.786;0.790;0.751
0xA30F,11,0.9952,0.9936,2.7006,0.9999,9.186,0.0012,0.0004,0.783;0.777;0.733;0.731;0.682
0xA30F,12,0.9950,0.9917,2.7060,0.9999,9.475,0.0013,0.0004,0.744;0.759;0.679;0.667;0.668
0xA30F,13,0.9948,0.9901,2.7106,1.0000,9.771,0.0014,0.0003,0.722;0.728;0.653;0.616;0.657
0xA30F,14,0.9946,0.9888,2.7143,1.0000,10.075,0.0015,0.0003,0.682;0.700;0.638;0.615;0.619
0xA30F,15,0.9943,0.9878,2.7170,1.0000,10.386,0.0016,0.0003,0.670;0.673;0.647;0.615;0.587
0xA30F,16,0.9941,0.9872,2.7191,1.0000,10.702,0.0017,0.0003,0.620;0.629;0.652;0.589;0.583
0xA30F,17,0.9940,0.9868,2.7205,1.0000,11.025,0.0018,0.0003,0.601;0.602;0.593;0.576;0.579
0xA30F,18,0.9938,0.9866,2.7214,1.0000,11.352,0.0018,0.0003,0.586;0.587;0.594;0.575;0.576
0xA30F,19,0.9936,0.9867,2.7215,1.0000,11.685,0.0019,0.0003,0.575;0.576;0.581;0.555;0.576
0xA30F,20,0.9935,0.9869,2.7213,1.0000,12.021,0.0020,0.0003,0.567;0.567;0.593;0.566;0.578
0xA30F,21,0.9934,0.9873,2.7207,1.0000,12.362,0.0021,0.0003,0.562;0.562;0.608;0.576;0.581
0xA30F,22,0.9933,0.9877,2.7195,1.0000,12.706,0.0022,0.0003,0.558;0.558;0.618;0.592;0.586
0xA30F,23,0.9932,0.9881,2.7182,1.0000,13.054,0.0023,0.0003,0.560;0.555;0.611;0.602;0.593
0xA30F,24,0.9931,0.9886,2.7168,1.0000,13.405,0.0024,0.0003,0.570;0.564;0.607;0.613;0.583
0xA30F,25,0.9930,0.9891,2.7153,1.0000,13.758,0.0025,0.0003,0.580;0.575;0.604;0.626;0.582
0xA30F,26,0.9929,0.9896,2.7139,1.0000,14.115,0.0025,0.0003,0.593;0.588;0.603;0.639;0.602
0xA30F,27,0.9929,0.9900,2.7124,1.0000,14.473,0.0026,0.0003,0.606;0.602;0.603;0.654;0.624
0xA30F,28,0.9928,0.9904,2.7111,1.0000,14.834,0.0027,0.0003,0.620;0.616;0.605;0.670;0.647
0xA30F,29,0.9927,0.9908,2.7098,1.0000,15.197,0.0027,0.0003,0.644;0.636;0.619;0.688;0.671
0xA30F,30,0.9926,0.9911,2.7086,1.0000,15.563,0.0027,0.0003,0.672;0.665;0.638;0.707;0.696
0xA30F,31,0.9924,0.9914,2.7076,1.0000,15.930,0.0028,0.0003,0.703;0.695;0.669;0.734;0.723
0xA30F,32,0.9923,0.9917,2.7066,1.0000,16.298,0.0028,0.0003,0.735;0.728;0.703;0.763;0.742
0xA30F,33,0.9921,0.9919,2.7057,1.0000,16.668,0.0029,0.0004,0.769;0.762;0.739;0.794;0.756
0xA30F,34,0.9919,0.9921,2.7049,1.0000,17.040,0.0029,0.0004,0.805;0.798;0.777;0.825;0.780
0xA30F,35,0.9916,0.9923,2.7042,1.0000,17.413,0.0029,0.0004,0.843;0.837;0.817;0.858;0.817
0xA30F,36,0.9914,0.9924,2.7035,1.0000,17.788,0.0030,0.0004,0.883;0.877;0.860;0.893;0.856
0xA30F,37,0.9911,0.9925,2.7029,1.0000,18.163,0.0030,0.0004,0.924;0.919;0.905;0.930;0.898
0xA30F,38,0.9909,0.9926,2.7024,1.0000,18.540,0.0031,0.0005,0.968;0.964;0.954;0.969;0.943
0xA30F,39,0.9906,0.9927,2.7020,1.0000,18.918,0.0032,0.0005,1.015;1.011;1.005;1.014;0.992
0xA30F,40,0.9903,0.9928,2.7016,1.0000,19.297,0.0032,0.0005,1.063;1.061;1.059;1.056;1.044
0xA30F,41,0.9900,0.9928,2.7014,1.0000,19.677,0.0033,0.0005,1.115;1.113;1.117;1.100;1.100
0xA30F,42,0.9897,0.9929,2.7011,1.0000,20.058,0.0034,0.0005,1.169;1.169;1.178;1.134;1.161
0xA30F,43,0.9893,0.9929,2.7009,1.0000,20.439,0.0035,0.0006,1.226;1.227;1.244;1.164;1.226
0xA30F,44,0.9890,0.9929,2.7008,1.0000,20.822,0.0037,0.0006,1.286;1.290;1.314;1.194;1.297
0xA30F,45,0.9886,0.9928,2.7006,1.0000,21.205,0.0038,0.0006,1.350;1.355;1.369;1.225;1.372
0xA30F,46,0.9882,0.9928,2.7005,1.0000,21.589,0.0040,0.0006,1.417;1.425;1.425;1.257;1.454
0xA30F,47,0.9878,0.9927,2.7005,1.0000,21.974,0.0041,0.0006,1.489;1.499;1.483;1.289;1.541
0xA30F,48,0.9874,0.9927,2.7005,1.0000,22.359,0.0043,0.0006,1.565;1.578;1.544;1.321;1.635
0xA30F,49,0.9870,0.9926,2.7005,1.0000,22.745,0.0045,0.0007,1.646;1.662;1.593;1.355;1.736
0xA30F,50,0.9865,0.9925,2.7005,1.0000,23.131,0.0047,0.0007,1.732;1.752;1.637;1.389;1.843
0xA30F,51,0.9860,0.9924,2.7006,1.0000,23.518,0.0050,0.0007,1.824;1.848;1.681;1.423;1.953
0xA30F,52,0.9854,0.9923,2.7006,1.0000,23.906,0.0052,0.0007,1.922;1.951;1.727;1.458;2.068
0xA30F,53,0.9849,0.9921,2.7008,1.0000,24.294,0.0055,0.0007,2.027;2.061;1.773;1.495;2.189
0xA30F,54,0.9842,0.9920,2.7009,1.0000,24.683,0.0059,0.0007,2.139;2.179;1.820;1.531;2.300
0xA30F,55,0.9836,0.9918,2.7011,1.0000,25.072,0.0062,0.0007,2.259;2.295;1.869;1.569;2.403
0xA30F,56,0.9829,0.9917,2.7013,1.0000,25.461,0.0067,0.0007,2.379;2.400;1.919;1.608;2.509
0xA30F,57,0.9821,0.9915,2.7015,1.0000,25.851,0.0071,0.0008,2.493;2.511;1.969;1.662;2.616
0xA30F,58,0.9812,0.9913,2.7018,1.0000,26.241,0.0076,0.0008,2.615;2.628;2.021;1.731;2.725
0xA30F,59,0.9803,0.9911,2.7021,1.0000,26.632,0.0082,0.0008,2.743;2.753;2.075;1.805;2.835
0xA30F,60,0.9793,0.9909,2.7024,1.0000,27.023,0.0089,0.0008,2.881;2.886;2.129;1.884;2.943
0xA30F,61,0.9782,0.9906,2.7027,1.0000,27.414,0.0096,0.0008,3.027;3.027;2.185;1.968;3.051
0xA30F,62,0.9769,0.9904,2.7031,1.0000,27.806,0.0104,0.0008,3.183;3.178;2.242;2.020;3.156
0xA30F,63,0.9755,0.9901,2.7035,1.0000,28.198,0.0114,0.0008,3.349;3.296;2.340;2.064;3.259
0xA30F,64,0.9740,0.9899,2.7039,1.0000,28.591,0.0125,0.0008,3.528;3.417;2.458;2.109;3.358
