seed,variant,cos_h1,cos_h2,cos_h4,cos_h8,cos_h16,cos_h32,cos_h64
0xA300,V0_baseline,0.9983,0.9959,0.9926,0.9833,0.8768,0.6719,0.6694
0xA300,V1_manifold_reproj,0.9975,0.9910,0.9722,0.9305,0.8993,0.8801,0.7860
0xA300,V2_spectral_limit,0.9986,0.9945,0.9812,0.9493,0.9218,0.8877,0.7469
0xA300,V3_reproj+spectral,0.9958,0.9834,0.9378,0.8042,0.5167,0.1122,-0.0969
0xA301,V0_baseline,0.9960,0.9883,0.9691,0.8604,0.5592,0.5714,0.7145
0xA301,V1_manifold_reproj,0.9925,0.9759,0.9362,0.8766,0.8218,0.7169,0.5953
0xA301,V2_spectral_limit,0.9974,0.9916,0.9783,0.9578,0.8997,0.6848,0.6057
0xA301,V3_reproj+spectral,0.9918,0.9713,0.9123,0.7961,0.6778,0.5712,0.4372
0xA302,V0_baseline,0.9969,0.9893,0.9700,0.9092,0.7943,0.8016,0.7951
0xA302,V1_manifold_reproj,0.9983,0.9941,0.9759,0.9654,0.9480,0.9709,0.9698
0xA302,V2_spectral_limit,0.9994,0.9977,0.9919,0.9784,0.9589,0.8534,0.7935
0xA302,V3_reproj+spectral,0.9985,0.9936,0.9734,0.9090,0.7851,0.5926,0.4062
0xA303,V0_baseline,0.9935,0.9709,0.8709,0.5892,0.4171,0.6962,0.6709
0xA303,V1_manifold_reproj,0.9989,0.9958,0.9781,0.8888,0.6910,0.4471,0.3282
0xA303,V2_spectral_limit,0.9984,0.9930,0.9666,0.8511,0.6200,0.4129,0.3804
0xA303,V3_reproj+spectral,0.9977,0.9901,0.9546,0.8062,0.4822,0.0841,-0.0889
0xA304,V0_baseline,0.9504,0.9198,0.8853,0.8376,0.7862,0.7804,0.7894
0xA304,V1_manifold_reproj,0.9519,0.9506,0.9571,0.9765,0.9859,0.9908,0.9957
0xA304,V2_spectral_limit,0.9928,0.9762,0.9422,0.8927,0.8301,0.7858,0.7894
0xA304,V3_reproj+spectral,0.9983,0.9958,0.9930,0.9910,0.9945,0.9969,0.9980
0xA305,V0_baseline,0.9937,0.9802,0.9508,0.9157,-0.2058,-0.7229,-0.8360
0xA305,V1_manifold_reproj,0.9982,0.9942,0.9821,0.9658,0.9870,0.9853,0.9222
0xA305,V2_spectral_limit,0.9987,0.9945,0.9763,0.9233,0.8827,0.9125,-0.7030
0xA305,V3_reproj+spectral,0.9988,0.9959,0.9860,0.9531,0.8939,0.7709,0.5467
0xA306,V0_baseline,0.9988,0.9872,0.3832,-0.8530,-0.9157,-0.8911,0.3133
0xA306,V1_manifold_reproj,0.9992,0.9958,0.9679,0.8702,-0.2282,-0.2900,-0.0879
0xA306,V2_spectral_limit,0.9998,0.9989,0.9951,0.9769,0.8672,-0.6984,-0.7512
0xA306,V3_reproj+spectral,0.9998,0.9993,0.9972,0.9898,0.9684,0.8713,0.4876
0xA307,V0_baseline,0.9697,0.9470,0.8783,0.7045,-0.1380,-0.2675,-0.3075
0xA307,V1_manifold_reproj,0.9791,0.9403,0.8560,0.7459,0.6860,0.6806,0.6784
0xA307,V2_spectral_limit,0.9935,0.9809,0.9543,0.9200,0.7944,-0.0613,-0.3075
0xA307,V3_reproj+spectral,0.9937,0.9798,0.9416,0.8813,0.8367,0.8205,0.8093
0xA308,V0_baseline,0.9612,0.8881,0.6288,0.3208,-0.0467,-0.2088,-0.2547
0xA308,V1_manifold_reproj,0.9712,0.9306,0.7461,0.5141,0.3159,0.2410,0.2031
0xA308,V2_spectral_limit,0.9798,0.9576,0.8323,0.6487,0.3531,-0.0310,-0.1958
0xA308,V3_reproj+spectral,0.9704,0.9342,0.8382,0.6688,0.4977,0.3102,0.2123
0xA309,V0_baseline,0.9952,0.9880,0.9759,0.9590,0.9599,0.8456,0.8357
0xA309,V1_manifold_reproj,0.9955,0.9877,0.9733,0.9429,0.8809,0.8864,0.9500
0xA309,V2_spectral_limit,0.9997,0.9988,0.9960,0.9904,0.9876,0.9861,0.8868
0xA309,V3_reproj+spectral,0.9998,0.9994,0.9984,0.9964,0.9925,0.9865,0.9818
0xA30A,V0_baseline,0.9983,0.9941,0.9799,0.9248,0.7165,-0.1726,0.8866
0xA30A,V1_manifold_reproj,0.9977,0.9924,0.9783,0.9601,0.9725,0.9943,0.9992
0xA30A,V2_spectral_limit,0.9964,0.9854,0.9449,0.8499,0.8279,0.9035,0.3392
0xA30A,V3_reproj+spectral,0.9940,0.9756,0.9066,0.7198,0.4737,0.2068,0.0003
0xA30B,V0_baseline,0.9961,0.9862,0.9608,0.9211,0.8840,0.8087,0.7642
0xA30B,V1_manifold_reproj,0.9995,0.9987,0.9976,0.9958,0.9951,0.9942,0.9892
0xA30B,V2_spectral_limit,0.9995,0.9980,0.9933,0.9799,0.9532,0.9079,0.8543
0xA30B,V3_reproj+spectral,0.9997,0.9989,0.9966,0.9924,0.9928,0.9906,0.9861
0xA30C,V0_baseline,0.9689,0.8992,0.6858,0.2571,0.0565,-0.5314,-0.6844
0xA30C,V1_manifold_reproj,0.9841,0.9626,0.9564,0.9619,0.9461,0.9194,0.8959
0xA30C,V2_spectral_limit,0.9959,0.9874,0.9703,0.9334,0.7575,0.3718,-0.0581
0xA30C,V3_reproj+spectral,0.9912,0.9713,0.9260,0.8468,0.6427,0.2264,-0.3262
0xA30D,V0_baseline,0.9594,0.8953,0.8576,0.9162,0.9453,0.9289,0.9175
0xA30D,V1_manifold_reproj,0.9723,0.9637,0.9638,0.9753,0.9766,0.9586,0.9333
0xA30D,V2_spectral_limit,0.9977,0.9916,0.9736,0.9431,0.9261,0.9268,0.9151
0xA30D,V3_reproj+spectral,0.9995,0.9977,0.9892,0.9510,0.8487,0.5701,0.4861
0xA30E,V0_baseline,0.8869,0.7695,0.6716,0.6998,0.8202,0.8920,0.9238
0xA30E,V1_manifold_reproj,0.8982,0.7808,0.6935,0.7150,0.7841,0.8556,0.8845
0xA30E,V2_spectral_limit,0.9644,0.8977,0.7871,0.7313,0.8027,0.8901,0.9233
0xA30E,V3_reproj+spectral,0.9798,0.9324,0.8250,0.7746,0.8099,0.8471,0.8700
0xA30F,V0_baseline,0.9988,0.9967,0.9942,0.9951,0.9941,0.9923,0.9740
0xA30F,V1_manifold_reproj,0.9989,0.9962,0.9905,0.9859,0.9895,0.9818,0.9708
0xA30F,V2_spectral_limit,0.9991,0.9968,0.9909,0.9846,0.9910,0.9893,0.9831
0xA30F,V3_reproj+spectral,0.9991,0.9966,0.9899,0.9792,0.9772,0.9756,0.9690
