experiment,seed,condition,partition,n_examples,params,compute,accuracy,cosine,energy,manifold_distance,stability,leakage,cdt_queries,rqm_queries,table_queries,nn_queries,attractor_queries,direct_memory_queries,status,notes
E45,0xB400,L1_liquid_gated,TEST,256,962,83003,0.0391,0.6114,1.0484,0.1916,0.3954,0,0,0,0,0,0,0,CLEAN,"set1_after_p1=0.125 set1_after_p2=0.000 forgetting=0.125 set2=0.078 retention_deleted_episodes=0.500 consolidation_ms=2521.9 params_changed=962 bytes=7696 latency_us=9.81 updates=83003 ms_per_acc_point=25218.83"
E45,0xB400,L2_liquid_lowrank,TEST,256,1228,64000,0.0000,0.2088,1.5671,0.2258,1.0766,0,0,0,0,0,0,0,CLEAN,"set1_after_p1=0.125 set1_after_p2=0.000 forgetting=0.125 set2=0.000 retention_deleted_episodes=0.000 consolidation_ms=2040.6 params_changed=972 bytes=9824 latency_us=10.03 updates=64000 ms_per_acc_point=20406.20"
E45,0xB400,T1_thermo_cdt,TEST,256,384,96,0.8320,0.9618,0.9983,0.1667,0.0230,0,0,0,0,0,0,0,CLEAN,"set1_after_p1=0.875 set1_after_p2=0.875 forgetting=0.000 set2=0.789 retention_deleted_episodes=0.906 consolidation_ms=0.9 params_changed=384 bytes=3072 latency_us=0.12 updates=96 ms_per_acc_point=0.01"
E45,0xB400,H_liquid_inf_cdt_cons,TEST,256,962,128000,0.1562,0.8926,1.0282,0.1869,0.0916,0,0,0,0,0,0,0,CLEAN,"set1_after_p1=0.227 set1_after_p2=0.164 forgetting=0.062 set2=0.148 retention_deleted_episodes=0.292 consolidation_ms=2106.1 params_changed=962 bytes=7696 latency_us=9.64 updates=128000 ms_per_acc_point=185.92"
E45,0xB400,L2g_liquid_lowrank_gated,TEST,256,2026,64000,0.0703,0.7793,1.0004,0.2023,0.1372,0,0,0,0,0,0,0,CLEAN,"set1_after_p1=0.125 set1_after_p2=0.125 forgetting=0.000 set2=0.016 retention_deleted_episodes=0.438 consolidation_ms=2061.0 params_changed=1770 bytes=16208 latency_us=10.97 updates=64000 ms_per_acc_point=753.73"
E45,0xB400,L3_energy_landscape,TEST,256,55,144,0.0156,0.3074,0.9229,0.1747,0.3165,0,0,0,0,0,0,0,CLEAN,"set1_after_p1=0.008 set1_after_p2=0.023 forgetting=-0.016 set2=0.008 retention_deleted_episodes=0.010 consolidation_ms=2.0 params_changed=55 bytes=440 latency_us=0.09 updates=144 ms_per_acc_point=19.69"
E45,0xB400,GATE,TEST,0,0,0,0.0000,0.0000,0.0000,0.0000,0.0000,0,0,0,0,0,0,0,FAIL,"L1=0.039 L2=0.000 T1=0.832 H=0.156 static=0.043 L2_rollback_exact=true all_queries_zero=true"
E45b,0xB400,GATE,TEST,0,0,0,0.0000,0.0000,0.0000,0.0000,0.0000,0,0,0,0,0,0,0,FAIL,"L1=0.039 L2=0.000 L2g=0.070 L3=0.016 T1=0.832 H=0.156"
E45c,0xB400,GATE,TEST,0,0,0,0.0000,0.0000,0.0000,0.0000,0.0000,0,0,0,0,0,0,0,FAIL,"L1:chain=0.000,direct=0.125 L2g:chain=0.000,direct=0.000 L3:chain=0.000,direct=0.000 T1:chain=1.000,direct=0.969 H:chain=0.000,direct=0.125 STATIC:chain=0.031,direct=0.031"
E45a,0xB400,GATE,TEST,0,0,0,0.0000,0.0000,0.0000,0.0000,0.0000,0,0,0,0,0,0,0,FAIL,"L1[acc1=0.000 acc_adapt=0.000 bin0:acc1=0.00,adapt=0.00,n=8.00 bin1:acc1=0.00,adapt=0.00,n=8.00 bin2:acc1=0.00,adapt=0.00,n=8.00] H[acc1=0.219 acc_adapt=0.000 bin0:acc1=0.30,adapt=0.00,n=8.00 bin1:acc1=0.23,adapt=0.00,n=8.00 bin2:acc1=0.05,adapt=0.00,n=8.00]"
E45,0xB401,L1_liquid_gated,TEST,256,962,80274,0.0547,0.5763,1.1783,0.1894,0.4849,0,0,0,0,0,0,0,CLEAN,"set1_after_p1=0.055 set1_after_p2=0.000 forgetting=0.055 set2=0.109 retention_deleted_episodes=0.281 consolidation_ms=2248.8 params_changed=962 bytes=7696 latency_us=9.03 updates=80274 ms_per_acc_point=1151.41"
E45,0xB401,L2_liquid_lowrank,TEST,256,1228,64000,0.0000,0.2490,1.2504,0.1567,1.0356,0,0,0,0,0,0,0,CLEAN,"set1_after_p1=0.055 set1_after_p2=0.000 forgetting=0.055 set2=0.000 retention_deleted_episodes=0.000 consolidation_ms=2050.8 params_changed=972 bytes=9824 latency_us=10.87 updates=64000 ms_per_acc_point=20507.62"
E45,0xB401,T1_thermo_cdt,TEST,256,384,96,0.7930,0.9480,0.9961,0.1602,0.0358,0,0,0,0,0,0,0,CLEAN,"set1_after_p1=0.766 set1_after_p2=0.766 forgetting=0.000 set2=0.820 retention_deleted_episodes=0.792 consolidation_ms=0.8 params_changed=384 bytes=3072 latency_us=0.12 updates=96 ms_per_acc_point=0.01"
E45,0xB401,H_liquid_inf_cdt_cons,TEST,256,962,128000,0.3086,0.9039,0.9861,0.1831,0.0876,0,0,0,0,0,0,0,CLEAN,"set1_after_p1=0.398 set1_after_p2=0.359 forgetting=0.039 set2=0.258 retention_deleted_episodes=0.438 consolidation_ms=2465.8 params_changed=962 bytes=7696 latency_us=24.78 updates=128000 ms_per_acc_point=90.18"
E45,0xB401,L2g_liquid_lowrank_gated,TEST,256,2026,64000,0.0586,0.7801,0.9960,0.2071,0.1271,0,0,0,0,0,0,0,CLEAN,"set1_after_p1=0.055 set1_after_p2=0.055 forgetting=0.000 set2=0.062 retention_deleted_episodes=0.573 consolidation_ms=1893.8 params_changed=1770 bytes=16208 latency_us=10.34 updates=64000 ms_per_acc_point=808.00"
E45,0xB401,L3_energy_landscape,TEST,256,55,144,0.0078,0.2298,0.9306,0.1854,0.3229,0,0,0,0,0,0,0,CLEAN,"set1_after_p1=0.016 set1_after_p2=0.008 forgetting=0.008 set2=0.008 retention_deleted_episodes=0.010 consolidation_ms=1.4 params_changed=55 bytes=440 latency_us=0.08 updates=144 ms_per_acc_point=13.63"
E45,0xB401,GATE,TEST,0,0,0,0.0000,0.0000,0.0000,0.0000,0.0000,0,0,0,0,0,0,0,FAIL,"L1=0.055 L2=0.000 T1=0.793 H=0.309 static=0.035 L2_rollback_exact=true all_queries_zero=true"
E45b,0xB401,GATE,TEST,0,0,0,0.0000,0.0000,0.0000,0.0000,0.0000,0,0,0,0,0,0,0,FAIL,"L1=0.055 L2=0.000 L2g=0.059 L3=0.008 T1=0.793 H=0.309"
E45c,0xB401,GATE,TEST,0,0,0,0.0000,0.0000,0.0000,0.0000,0.0000,0,0,0,0,0,0,0,PASS,"L1:chain=0.000,direct=0.031 L2g:chain=0.000,direct=0.031 L3:chain=0.000,direct=0.000 T1:chain=1.000,direct=1.000 H:chain=0.062,direct=0.125 STATIC:chain=0.000,direct=0.000"
E45a,0xB401,GATE,TEST,0,0,0,0.0000,0.0000,0.0000,0.0000,0.0000,0,0,0,0,0,0,0,FAIL,"L1[acc1=0.000 acc_adapt=0.000 bin0:acc1=0.00,adapt=0.00,n=8.00 bin1:acc1=0.00,adapt=0.00,n=8.00 bin2:acc1=0.00,adapt=0.00,n=8.00] H[acc1=0.479 acc_adapt=0.000 bin0:acc1=0.62,adapt=0.00,n=8.00 bin1:acc1=0.44,adapt=0.00,n=8.00 bin2:acc1=0.08,adapt=0.00,n=8.00]"
E45,0xB402,L1_liquid_gated,TEST,256,962,90628,0.0312,0.6235,1.0945,0.1803,0.4263,0,0,0,0,0,0,0,CLEAN,"set1_after_p1=0.117 set1_after_p2=0.000 forgetting=0.117 set2=0.062 retention_deleted_episodes=0.323 consolidation_ms=2351.6 params_changed=962 bytes=7696 latency_us=10.73 updates=90628 ms_per_acc_point=23516.04"
E45,0xB402,L2_liquid_lowrank,TEST,256,1228,64000,0.0000,0.3531,1.3720,0.2179,0.9833,0,0,0,0,0,0,0,CLEAN,"set1_after_p1=0.117 set1_after_p2=0.000 forgetting=0.117 set2=0.000 retention_deleted_episodes=0.010 consolidation_ms=1974.7 params_changed=972 bytes=9824 latency_us=11.06 updates=64000 ms_per_acc_point=19746.64"
E45,0xB402,T1_thermo_cdt,TEST,256,384,96,0.7656,0.9459,0.9970,0.1611,0.0345,0,0,0,0,0,0,0,CLEAN,"set1_after_p1=0.789 set1_after_p2=0.789 forgetting=0.000 set2=0.742 retention_deleted_episodes=0.802 consolidation_ms=0.8 params_changed=384 bytes=3072 latency_us=0.13 updates=96 ms_per_acc_point=0.01"
E45,0xB402,H_liquid_inf_cdt_cons,TEST,256,962,128000,0.2930,0.8962,1.0173,0.1789,0.0879,0,0,0,0,0,0,0,CLEAN,"set1_after_p1=0.453 set1_after_p2=0.320 forgetting=0.133 set2=0.266 retention_deleted_episodes=0.354 consolidation_ms=2177.1 params_changed=962 bytes=7696 latency_us=11.37 updates=128000 ms_per_acc_point=85.74"
E45,0xB402,L2g_liquid_lowrank_gated,TEST,256,2026,64000,0.0703,0.7933,0.9986,0.1998,0.1308,0,0,0,0,0,0,0,CLEAN,"set1_after_p1=0.117 set1_after_p2=0.117 forgetting=0.000 set2=0.023 retention_deleted_episodes=0.333 consolidation_ms=1961.8 params_changed=1770 bytes=16208 latency_us=9.33 updates=64000 ms_per_acc_point=627.78"
E45,0xB402,L3_energy_landscape,TEST,256,55,144,0.0273,0.3487,0.9453,0.2024,0.3024,0,0,0,0,0,0,0,CLEAN,"set1_after_p1=0.008 set1_after_p2=0.000 forgetting=0.008 set2=0.055 retention_deleted_episodes=0.000 consolidation_ms=1.3 params_changed=55 bytes=440 latency_us=0.07 updates=144 ms_per_acc_point=13.34"
E45,0xB402,GATE,TEST,0,0,0,0.0000,0.0000,0.0000,0.0000,0.0000,0,0,0,0,0,0,0,FAIL,"L1=0.031 L2=0.000 T1=0.766 H=0.293 static=0.039 L2_rollback_exact=true all_queries_zero=true"
E45b,0xB402,GATE,TEST,0,0,0,0.0000,0.0000,0.0000,0.0000,0.0000,0,0,0,0,0,0,0,FAIL,"L1=0.031 L2=0.000 L2g=0.070 L3=0.027 T1=0.766 H=0.293"
E45c,0xB402,GATE,TEST,0,0,0,0.0000,0.0000,0.0000,0.0000,0.0000,0,0,0,0,0,0,0,PASS,"L1:chain=0.000,direct=0.000 L2g:chain=0.000,direct=0.000 L3:chain=0.000,direct=0.000 T1:chain=1.000,direct=0.969 H:chain=0.156,direct=0.250 STATIC:chain=0.000,direct=0.000"
E45a,0xB402,GATE,TEST,0,0,0,0.0000,0.0000,0.0000,0.0000,0.0000,0,0,0,0,0,0,0,FAIL,"L1[acc1=0.000 acc_adapt=0.000 bin0:acc1=0.00,adapt=0.00,n=8.00 bin1:acc1=0.00,adapt=0.00,n=8.00 bin2:acc1=0.00,adapt=0.00,n=8.00] H[acc1=0.427 acc_adapt=0.000 bin0:acc1=0.71,adapt=0.00,n=8.00 bin1:acc1=0.30,adapt=0.00,n=8.00 bin2:acc1=0.19,adapt=0.00,n=8.00]"
E45,0xB403,L1_liquid_gated,TEST,256,962,79305,0.0586,0.5864,1.0974,0.1980,0.4711,0,0,0,0,0,0,0,CLEAN,"set1_after_p1=0.023 set1_after_p2=0.000 forgetting=0.023 set2=0.117 retention_deleted_episodes=0.500 consolidation_ms=2309.3 params_changed=962 bytes=7696 latency_us=20.70 updates=79305 ms_per_acc_point=537.45"
E45,0xB403,L2_liquid_lowrank,TEST,256,1228,64000,0.0039,0.2907,1.2550,0.1865,1.0062,0,0,0,0,0,0,0,CLEAN,"set1_after_p1=0.023 set1_after_p2=0.000 forgetting=0.023 set2=0.008 retention_deleted_episodes=0.000 consolidation_ms=2046.0 params_changed=972 bytes=9824 latency_us=9.91 updates=64000 ms_per_acc_point=20459.75"
E45,0xB403,T1_thermo_cdt,TEST,256,384,96,0.7891,0.9403,0.9969,0.1605,0.0318,0,0,0,0,0,0,0,CLEAN,"set1_after_p1=0.750 set1_after_p2=0.750 forgetting=0.000 set2=0.828 retention_deleted_episodes=0.885 consolidation_ms=0.8 params_changed=384 bytes=3072 latency_us=0.12 updates=96 ms_per_acc_point=0.01"
E45,0xB403,H_liquid_inf_cdt_cons,TEST,256,962,128000,0.2148,0.8871,0.9719,0.1861,0.1003,0,0,0,0,0,0,0,CLEAN,"set1_after_p1=0.164 set1_after_p2=0.094 forgetting=0.070 set2=0.336 retention_deleted_episodes=0.500 consolidation_ms=2374.3 params_changed=962 bytes=7696 latency_us=10.65 updates=128000 ms_per_acc_point=119.18"
E45,0xB403,L2g_liquid_lowrank_gated,TEST,256,2026,64000,0.0312,0.7978,0.9820,0.2091,0.1416,0,0,0,0,0,0,0,CLEAN,"set1_after_p1=0.023 set1_after_p2=0.023 forgetting=0.000 set2=0.039 retention_deleted_episodes=0.406 consolidation_ms=1929.4 params_changed=1770 bytes=16208 latency_us=10.76 updates=64000 ms_per_acc_point=1234.78"
E45,0xB403,L3_energy_landscape,TEST,256,55,144,0.0078,0.1732,0.9134,0.2282,0.3452,0,0,0,0,0,0,0,CLEAN,"set1_after_p1=0.000 set1_after_p2=0.000 forgetting=0.000 set2=0.016 retention_deleted_episodes=0.010 consolidation_ms=1.6 params_changed=55 bytes=440 latency_us=0.08 updates=144 ms_per_acc_point=15.61"
E45,0xB403,GATE,TEST,0,0,0,0.0000,0.0000,0.0000,0.0000,0.0000,0,0,0,0,0,0,0,FAIL,"L1=0.059 L2=0.004 T1=0.789 H=0.215 static=0.016 L2_rollback_exact=true all_queries_zero=true"
E45b,0xB403,GATE,TEST,0,0,0,0.0000,0.0000,0.0000,0.0000,0.0000,0,0,0,0,0,0,0,FAIL,"L1=0.059 L2=0.004 L2g=0.031 L3=0.008 T1=0.789 H=0.215"
E45c,0xB403,GATE,TEST,0,0,0,0.0000,0.0000,0.0000,0.0000,0.0000,0,0,0,0,0,0,0,FAIL,"L1:chain=0.000,direct=0.062 L2g:chain=0.000,direct=0.000 L3:chain=0.000,direct=0.000 T1:chain=1.000,direct=0.969 H:chain=0.031,direct=0.219 STATIC:chain=0.000,direct=0.000"
E45a,0xB403,GATE,TEST,0,0,0,0.0000,0.0000,0.0000,0.0000,0.0000,0,0,0,0,0,0,0,FAIL,"L1[acc1=0.000 acc_adapt=0.000 bin0:acc1=0.00,adapt=0.00,n=8.00 bin1:acc1=0.00,adapt=0.00,n=8.00 bin2:acc1=0.00,adapt=0.00,n=8.00] H[acc1=0.115 acc_adapt=0.000 bin0:acc1=0.14,adapt=0.00,n=8.00 bin1:acc1=0.08,adapt=0.00,n=8.00 bin2:acc1=0.20,adapt=0.00,n=8.00]"
E45,0xB404,L1_liquid_gated,TEST,256,962,78108,0.0664,0.6282,1.1573,0.1796,0.4218,0,0,0,0,0,0,0,CLEAN,"set1_after_p1=0.039 set1_after_p2=0.000 forgetting=0.039 set2=0.133 retention_deleted_episodes=0.500 consolidation_ms=2413.1 params_changed=962 bytes=7696 latency_us=9.91 updates=78108 ms_per_acc_point=561.59"
E45,0xB404,L2_liquid_lowrank,TEST,256,1228,64000,0.0000,0.2248,1.4421,0.1419,1.1586,0,0,0,0,0,0,0,CLEAN,"set1_after_p1=0.039 set1_after_p2=0.000 forgetting=0.039 set2=0.000 retention_deleted_episodes=0.000 consolidation_ms=2092.7 params_changed=972 bytes=9824 latency_us=9.61 updates=64000 ms_per_acc_point=20926.81"
E45,0xB404,T1_thermo_cdt,TEST,256,384,96,0.7852,0.9640,0.9970,0.1613,0.0427,0,0,0,0,0,0,0,CLEAN,"set1_after_p1=0.766 set1_after_p2=0.766 forgetting=0.000 set2=0.805 retention_deleted_episodes=0.906 consolidation_ms=0.9 params_changed=384 bytes=3072 latency_us=0.13 updates=96 ms_per_acc_point=0.01"
E45,0xB404,H_liquid_inf_cdt_cons,TEST,256,962,128000,0.3047,0.9069,1.0071,0.1767,0.1007,0,0,0,0,0,0,0,CLEAN,"set1_after_p1=0.375 set1_after_p2=0.297 forgetting=0.078 set2=0.312 retention_deleted_episodes=0.302 consolidation_ms=1939.9 params_changed=962 bytes=7696 latency_us=10.45 updates=128000 ms_per_acc_point=68.98"
E45,0xB404,L2g_liquid_lowrank_gated,TEST,256,2026,64000,0.0312,0.8085,0.9966,0.2029,0.1399,0,0,0,0,0,0,0,CLEAN,"set1_after_p1=0.039 set1_after_p2=0.039 forgetting=0.000 set2=0.023 retention_deleted_episodes=0.385 consolidation_ms=1959.2 params_changed=1770 bytes=16208 latency_us=9.34 updates=64000 ms_per_acc_point=2507.78"
E45,0xB404,L3_energy_landscape,TEST,256,55,144,0.0156,0.3119,0.9215,0.2281,0.3229,0,0,0,0,0,0,0,CLEAN,"set1_after_p1=0.000 set1_after_p2=0.000 forgetting=0.000 set2=0.031 retention_deleted_episodes=0.000 consolidation_ms=1.7 params_changed=55 bytes=440 latency_us=0.09 updates=144 ms_per_acc_point=16.82"
E45,0xB404,GATE,TEST,0,0,0,0.0000,0.0000,0.0000,0.0000,0.0000,0,0,0,0,0,0,0,FAIL,"L1=0.066 L2=0.000 T1=0.785 H=0.305 static=0.023 L2_rollback_exact=true all_queries_zero=true"
E45b,0xB404,GATE,TEST,0,0,0,0.0000,0.0000,0.0000,0.0000,0.0000,0,0,0,0,0,0,0,FAIL,"L1=0.066 L2=0.000 L2g=0.031 L3=0.016 T1=0.785 H=0.305"
E45c,0xB404,GATE,TEST,0,0,0,0.0000,0.0000,0.0000,0.0000,0.0000,0,0,0,0,0,0,0,FAIL,"L1:chain=0.000,direct=0.062 L2g:chain=0.000,direct=0.000 L3:chain=0.000,direct=0.000 T1:chain=1.000,direct=0.750 H:chain=0.031,direct=0.094 STATIC:chain=0.000,direct=0.000"
E45a,0xB404,GATE,TEST,0,0,0,0.0000,0.0000,0.0000,0.0000,0.0000,0,0,0,0,0,0,0,FAIL,"L1[acc1=0.000 acc_adapt=0.000 bin0:acc1=0.00,adapt=0.00,n=8.00 bin1:acc1=0.00,adapt=0.00,n=8.00 bin2:acc1=0.00,adapt=0.00,n=8.00] H[acc1=0.396 acc_adapt=0.000 bin0:acc1=0.60,adapt=0.00,n=8.00 bin1:acc1=0.23,adapt=0.00,n=8.00 bin2:acc1=0.11,adapt=0.00,n=8.00]"
E45,0xB405,L1_liquid_gated,TEST,256,962,86811,0.0547,0.5976,1.1607,0.1764,0.3803,0,0,0,0,0,0,0,CLEAN,"set1_after_p1=0.102 set1_after_p2=0.000 forgetting=0.102 set2=0.109 retention_deleted_episodes=0.438 consolidation_ms=2284.1 params_changed=962 bytes=7696 latency_us=10.84 updates=86811 ms_per_acc_point=1949.14"
E45,0xB405,L2_liquid_lowrank,TEST,256,1228,64000,0.0039,0.2329,1.2849,0.1681,1.1273,0,0,0,0,0,0,0,CLEAN,"set1_after_p1=0.102 set1_after_p2=0.000 forgetting=0.102 set2=0.008 retention_deleted_episodes=0.010 consolidation_ms=1920.6 params_changed=972 bytes=9824 latency_us=9.80 updates=64000 ms_per_acc_point=19206.19"
E45,0xB405,T1_thermo_cdt,TEST,256,384,96,0.8086,0.9502,0.9966,0.1600,0.0401,0,0,0,0,0,0,0,CLEAN,"set1_after_p1=0.797 set1_after_p2=0.797 forgetting=0.000 set2=0.820 retention_deleted_episodes=0.938 consolidation_ms=0.8 params_changed=384 bytes=3072 latency_us=0.13 updates=96 ms_per_acc_point=0.01"
E45,0xB405,H_liquid_inf_cdt_cons,TEST,256,962,128000,0.1172,0.8789,1.0052,0.1816,0.1075,0,0,0,0,0,0,0,CLEAN,"set1_after_p1=0.266 set1_after_p2=0.078 forgetting=0.188 set2=0.156 retention_deleted_episodes=0.260 consolidation_ms=1953.6 params_changed=962 bytes=7696 latency_us=11.51 updates=128000 ms_per_acc_point=263.23"
E45,0xB405,L2g_liquid_lowrank_gated,TEST,256,2026,64000,0.0586,0.7972,1.0095,0.2052,0.1376,0,0,0,0,0,0,0,CLEAN,"set1_after_p1=0.102 set1_after_p2=0.102 forgetting=0.000 set2=0.016 retention_deleted_episodes=0.448 consolidation_ms=1921.5 params_changed=1770 bytes=16208 latency_us=9.65 updates=64000 ms_per_acc_point=1229.73"
E45,0xB405,L3_energy_landscape,TEST,256,55,144,0.0117,0.2786,0.9136,0.2115,0.3237,0,0,0,0,0,0,0,CLEAN,"set1_after_p1=0.000 set1_after_p2=0.008 forgetting=-0.008 set2=0.016 retention_deleted_episodes=0.031 consolidation_ms=1.3 params_changed=55 bytes=440 latency_us=0.07 updates=144 ms_per_acc_point=12.66"
E45,0xB405,GATE,TEST,0,0,0,0.0000,0.0000,0.0000,0.0000,0.0000,0,0,0,0,0,0,0,FAIL,"L1=0.055 L2=0.004 T1=0.809 H=0.117 static=0.043 L2_rollback_exact=true all_queries_zero=true"
E45b,0xB405,GATE,TEST,0,0,0,0.0000,0.0000,0.0000,0.0000,0.0000,0,0,0,0,0,0,0,FAIL,"L1=0.055 L2=0.004 L2g=0.059 L3=0.012 T1=0.809 H=0.117"
E45c,0xB405,GATE,TEST,0,0,0,0.0000,0.0000,0.0000,0.0000,0.0000,0,0,0,0,0,0,0,PASS,"L1:chain=0.000,direct=0.188 L2g:chain=0.000,direct=0.000 L3:chain=0.000,direct=0.000 T1:chain=1.000,direct=1.000 H:chain=0.062,direct=0.125 STATIC:chain=0.000,direct=0.000"
E45a,0xB405,GATE,TEST,0,0,0,0.0000,0.0000,0.0000,0.0000,0.0000,0,0,0,0,0,0,0,FAIL,"L1[acc1=0.000 acc_adapt=0.000 bin0:acc1=0.00,adapt=0.00,n=8.00 bin1:acc1=0.00,adapt=0.00,n=8.00 bin2:acc1=0.00,adapt=0.00,n=8.00] H[acc1=0.104 acc_adapt=0.000 bin0:acc1=0.10,adapt=0.00,n=8.00 bin1:acc1=0.10,adapt=0.00,n=8.00 bin2:acc1=0.14,adapt=0.00,n=8.00]"
E45,0xB406,L1_liquid_gated,TEST,256,962,84685,0.0586,0.5982,1.0283,0.1973,0.3426,0,0,0,0,0,0,0,CLEAN,"set1_after_p1=0.031 set1_after_p2=0.000 forgetting=0.031 set2=0.117 retention_deleted_episodes=0.500 consolidation_ms=2348.6 params_changed=962 bytes=7696 latency_us=8.92 updates=84685 ms_per_acc_point=858.92"
E45,0xB406,L2_liquid_lowrank,TEST,256,1228,64000,0.0000,0.2573,1.1144,0.1535,1.0668,0,0,0,0,0,0,0,CLEAN,"set1_after_p1=0.031 set1_after_p2=0.000 forgetting=0.031 set2=0.000 retention_deleted_episodes=0.010 consolidation_ms=1966.2 params_changed=972 bytes=9824 latency_us=9.92 updates=64000 ms_per_acc_point=19662.29"
E45,0xB406,T1_thermo_cdt,TEST,256,384,96,0.8047,0.9579,0.9978,0.1639,0.0315,0,0,0,0,0,0,0,CLEAN,"set1_after_p1=0.797 set1_after_p2=0.797 forgetting=0.000 set2=0.812 retention_deleted_episodes=0.865 consolidation_ms=0.8 params_changed=384 bytes=3072 latency_us=0.12 updates=96 ms_per_acc_point=0.01"
E45,0xB406,H_liquid_inf_cdt_cons,TEST,256,962,128000,0.2109,0.9072,1.0000,0.1825,0.0926,0,0,0,0,0,0,0,CLEAN,"set1_after_p1=0.203 set1_after_p2=0.219 forgetting=-0.016 set2=0.203 retention_deleted_episodes=0.365 consolidation_ms=2054.3 params_changed=962 bytes=7696 latency_us=10.13 updates=128000 ms_per_acc_point=114.33"
E45,0xB406,L2g_liquid_lowrank_gated,TEST,256,2026,64000,0.0469,0.8010,0.9721,0.2037,0.1278,0,0,0,0,0,0,0,CLEAN,"set1_after_p1=0.031 set1_after_p2=0.031 forgetting=0.000 set2=0.062 retention_deleted_episodes=0.500 consolidation_ms=1901.3 params_changed=1770 bytes=16208 latency_us=9.32 updates=64000 ms_per_acc_point=1216.80"
E45,0xB406,L3_energy_landscape,TEST,256,55,144,0.0156,0.2272,0.9493,0.2045,0.3420,0,0,0,0,0,0,0,CLEAN,"set1_after_p1=0.000 set1_after_p2=0.023 forgetting=-0.023 set2=0.008 retention_deleted_episodes=0.021 consolidation_ms=1.3 params_changed=55 bytes=440 latency_us=0.08 updates=144 ms_per_acc_point=12.57"
E45,0xB406,GATE,TEST,0,0,0,0.0000,0.0000,0.0000,0.0000,0.0000,0,0,0,0,0,0,0,FAIL,"L1=0.059 L2=0.000 T1=0.805 H=0.211 static=0.031 L2_rollback_exact=true all_queries_zero=true"
E45b,0xB406,GATE,TEST,0,0,0,0.0000,0.0000,0.0000,0.0000,0.0000,0,0,0,0,0,0,0,FAIL,"L1=0.059 L2=0.000 L2g=0.047 L3=0.016 T1=0.805 H=0.211"
E45c,0xB406,GATE,TEST,0,0,0,0.0000,0.0000,0.0000,0.0000,0.0000,0,0,0,0,0,0,0,FAIL,"L1:chain=0.000,direct=0.094 L2g:chain=0.000,direct=0.031 L3:chain=0.000,direct=0.000 T1:chain=1.000,direct=0.938 H:chain=0.000,direct=0.500 STATIC:chain=0.000,direct=0.000"
E45a,0xB406,GATE,TEST,0,0,0,0.0000,0.0000,0.0000,0.0000,0.0000,0,0,0,0,0,0,0,FAIL,"L1[acc1=0.000 acc_adapt=0.000 bin0:acc1=0.00,adapt=0.00,n=8.00 bin1:acc1=0.00,adapt=0.00,n=8.00 bin2:acc1=0.00,adapt=0.00,n=8.00] H[acc1=0.292 acc_adapt=0.000 bin0:acc1=0.48,adapt=0.00,n=8.00 bin1:acc1=0.27,adapt=0.00,n=8.00 bin2:acc1=0.00,adapt=0.00,n=8.00]"
E45,0xB407,L1_liquid_gated,TEST,256,962,80691,0.0273,0.5585,1.0965,0.1683,0.5300,0,0,0,0,0,0,0,CLEAN,"set1_after_p1=0.055 set1_after_p2=0.000 forgetting=0.055 set2=0.055 retention_deleted_episodes=0.500 consolidation_ms=2408.0 params_changed=962 bytes=7696 latency_us=14.30 updates=80691 ms_per_acc_point=24079.99"
E45,0xB407,L2_liquid_lowrank,TEST,256,1228,64000,0.0039,0.3272,1.2772,0.1936,0.9881,0,0,0,0,0,0,0,CLEAN,"set1_after_p1=0.055 set1_after_p2=0.000 forgetting=0.055 set2=0.008 retention_deleted_episodes=0.000 consolidation_ms=2111.1 params_changed=972 bytes=9824 latency_us=10.34 updates=64000 ms_per_acc_point=21111.43"
E45,0xB407,T1_thermo_cdt,TEST,256,384,96,0.8164,0.9410,0.9927,0.1613,0.0351,0,0,0,0,0,0,0,CLEAN,"set1_after_p1=0.805 set1_after_p2=0.805 forgetting=0.000 set2=0.828 retention_deleted_episodes=0.958 consolidation_ms=0.8 params_changed=384 bytes=3072 latency_us=0.12 updates=96 ms_per_acc_point=0.01"
E45,0xB407,H_liquid_inf_cdt_cons,TEST,256,962,128000,0.2266,0.8803,1.0180,0.1800,0.0974,0,0,0,0,0,0,0,CLEAN,"set1_after_p1=0.242 set1_after_p2=0.250 forgetting=-0.008 set2=0.203 retention_deleted_episodes=0.396 consolidation_ms=2111.1 params_changed=962 bytes=7696 latency_us=9.46 updates=128000 ms_per_acc_point=122.83"
E45,0xB407,L2g_liquid_lowrank_gated,TEST,256,2026,64000,0.0312,0.7614,0.9898,0.2069,0.1425,0,0,0,0,0,0,0,CLEAN,"set1_after_p1=0.055 set1_after_p2=0.055 forgetting=0.000 set2=0.008 retention_deleted_episodes=0.458 consolidation_ms=1928.3 params_changed=1770 bytes=16208 latency_us=10.54 updates=64000 ms_per_acc_point=19282.58"
E45,0xB407,L3_energy_landscape,TEST,256,55,144,0.0078,0.1989,0.8580,0.2151,0.3469,0,0,0,0,0,0,0,CLEAN,"set1_after_p1=0.000 set1_after_p2=0.000 forgetting=0.000 set2=0.016 retention_deleted_episodes=0.010 consolidation_ms=1.4 params_changed=55 bytes=440 latency_us=0.08 updates=144 ms_per_acc_point=13.65"
E45,0xB407,GATE,TEST,0,0,0,0.0000,0.0000,0.0000,0.0000,0.0000,0,0,0,0,0,0,0,FAIL,"L1=0.027 L2=0.004 T1=0.816 H=0.227 static=0.055 L2_rollback_exact=true all_queries_zero=true"
E45b,0xB407,GATE,TEST,0,0,0,0.0000,0.0000,0.0000,0.0000,0.0000,0,0,0,0,0,0,0,FAIL,"L1=0.027 L2=0.004 L2g=0.031 L3=0.008 T1=0.816 H=0.227"
E45c,0xB407,GATE,TEST,0,0,0,0.0000,0.0000,0.0000,0.0000,0.0000,0,0,0,0,0,0,0,FAIL,"L1:chain=0.000,direct=0.031 L2g:chain=0.000,direct=0.000 L3:chain=0.000,direct=0.031 T1:chain=0.906,direct=1.000 H:chain=0.031,direct=0.125 STATIC:chain=0.000,direct=0.000"
E45a,0xB407,GATE,TEST,0,0,0,0.0000,0.0000,0.0000,0.0000,0.0000,0,0,0,0,0,0,0,FAIL,"L1[acc1=0.000 acc_adapt=0.000 bin0:acc1=0.00,adapt=0.00,n=8.00 bin1:acc1=0.00,adapt=0.00,n=8.00 bin2:acc1=0.00,adapt=0.00,n=8.00] H[acc1=0.333 acc_adapt=0.000 bin0:acc1=0.53,adapt=0.00,n=8.00 bin1:acc1=0.22,adapt=0.00,n=8.00 bin2:acc1=0.13,adapt=0.00,n=8.00]"
E45,0xB408,L1_liquid_gated,TEST,256,962,66838,0.1172,0.6732,1.1235,0.1927,0.3462,0,0,0,0,0,0,0,CLEAN,"set1_after_p1=0.039 set1_after_p2=0.000 forgetting=0.039 set2=0.234 retention_deleted_episodes=0.500 consolidation_ms=2331.8 params_changed=962 bytes=7696 latency_us=17.87 updates=66838 ms_per_acc_point=351.14"
E45,0xB408,L2_liquid_lowrank,TEST,256,1228,64000,0.0000,0.3522,1.1882,0.1526,0.7552,0,0,0,0,0,0,0,CLEAN,"set1_after_p1=0.039 set1_after_p2=0.000 forgetting=0.039 set2=0.000 retention_deleted_episodes=0.000 consolidation_ms=2211.9 params_changed=972 bytes=9824 latency_us=14.01 updates=64000 ms_per_acc_point=22119.35"
E45,0xB408,T1_thermo_cdt,TEST,256,384,96,0.8359,0.9519,0.9963,0.1539,0.0314,0,0,0,0,0,0,0,CLEAN,"set1_after_p1=0.812 set1_after_p2=0.812 forgetting=0.000 set2=0.859 retention_deleted_episodes=0.948 consolidation_ms=1.3 params_changed=384 bytes=3072 latency_us=0.20 updates=96 ms_per_acc_point=0.02"
E45,0xB408,H_liquid_inf_cdt_cons,TEST,256,962,128000,0.4297,0.9012,1.0050,0.1719,0.0913,0,0,0,0,0,0,0,CLEAN,"set1_after_p1=0.367 set1_after_p2=0.414 forgetting=-0.047 set2=0.445 retention_deleted_episodes=0.500 consolidation_ms=2060.5 params_changed=962 bytes=7696 latency_us=10.18 updates=128000 ms_per_acc_point=54.38"
E45,0xB408,L2g_liquid_lowrank_gated,TEST,256,2026,64000,0.0469,0.7719,0.9969,0.1977,0.1445,0,0,0,0,0,0,0,CLEAN,"set1_after_p1=0.039 set1_after_p2=0.039 forgetting=0.000 set2=0.055 retention_deleted_episodes=0.500 consolidation_ms=1893.8 params_changed=1770 bytes=16208 latency_us=10.38 updates=64000 ms_per_acc_point=18937.84"
E45,0xB408,L3_energy_landscape,TEST,256,55,144,0.0039,0.1777,0.9454,0.2100,0.3494,0,0,0,0,0,0,0,CLEAN,"set1_after_p1=0.008 set1_after_p2=0.000 forgetting=0.008 set2=0.008 retention_deleted_episodes=0.010 consolidation_ms=1.8 params_changed=55 bytes=440 latency_us=0.09 updates=144 ms_per_acc_point=18.03"
E45,0xB408,GATE,TEST,0,0,0,0.0000,0.0000,0.0000,0.0000,0.0000,0,0,0,0,0,0,0,FAIL,"L1=0.117 L2=0.000 T1=0.836 H=0.430 static=0.051 L2_rollback_exact=true all_queries_zero=true"
E45b,0xB408,GATE,TEST,0,0,0,0.0000,0.0000,0.0000,0.0000,0.0000,0,0,0,0,0,0,0,FAIL,"L1=0.117 L2=0.000 L2g=0.047 L3=0.004 T1=0.836 H=0.430"
E45c,0xB408,GATE,TEST,0,0,0,0.0000,0.0000,0.0000,0.0000,0.0000,0,0,0,0,0,0,0,PASS,"L1:chain=0.000,direct=0.156 L2g:chain=0.000,direct=0.031 L3:chain=0.000,direct=0.000 T1:chain=1.000,direct=1.000 H:chain=0.250,direct=0.156 STATIC:chain=0.000,direct=0.000"
E45a,0xB408,GATE,TEST,0,0,0,0.0000,0.0000,0.0000,0.0000,0.0000,0,0,0,0,0,0,0,FAIL,"L1[acc1=0.000 acc_adapt=0.000 bin0:acc1=0.00,adapt=0.00,n=8.00 bin1:acc1=0.00,adapt=0.00,n=8.00 bin2:acc1=0.00,adapt=0.00,n=8.00] H[acc1=0.552 acc_adapt=0.000 bin0:acc1=0.88,adapt=0.00,n=8.00 bin1:acc1=0.41,adapt=0.00,n=8.00 bin2:acc1=0.00,adapt=0.00,n=8.00]"
E45,0xB409,L1_liquid_gated,TEST,256,962,82899,0.0469,0.4867,1.0693,0.2223,0.5369,0,0,0,0,0,0,0,CLEAN,"set1_after_p1=0.055 set1_after_p2=0.000 forgetting=0.055 set2=0.094 retention_deleted_episodes=0.500 consolidation_ms=2361.4 params_changed=962 bytes=7696 latency_us=9.67 updates=82899 ms_per_acc_point=3022.55"
E45,0xB409,L2_liquid_lowrank,TEST,256,1228,64000,0.0000,0.2592,1.1653,0.1582,0.9786,0,0,0,0,0,0,0,CLEAN,"set1_after_p1=0.055 set1_after_p2=0.000 forgetting=0.055 set2=0.000 retention_deleted_episodes=0.010 consolidation_ms=1967.9 params_changed=972 bytes=9824 latency_us=12.80 updates=64000 ms_per_acc_point=19678.97"
E45,0xB409,T1_thermo_cdt,TEST,256,384,96,0.7734,0.9424,0.9979,0.1757,0.0401,0,0,0,0,0,0,0,CLEAN,"set1_after_p1=0.789 set1_after_p2=0.789 forgetting=0.000 set2=0.758 retention_deleted_episodes=0.885 consolidation_ms=1.0 params_changed=384 bytes=3072 latency_us=0.19 updates=96 ms_per_acc_point=0.01"
E45,0xB409,H_liquid_inf_cdt_cons,TEST,256,962,128000,0.2383,0.8846,0.9963,0.1965,0.1001,0,0,0,0,0,0,0,CLEAN,"set1_after_p1=0.305 set1_after_p2=0.195 forgetting=0.109 set2=0.281 retention_deleted_episodes=0.333 consolidation_ms=2092.5 params_changed=962 bytes=7696 latency_us=9.79 updates=128000 ms_per_acc_point=105.03"
E45,0xB409,L2g_liquid_lowrank_gated,TEST,256,2026,64000,0.0273,0.7217,0.9987,0.2047,0.1574,0,0,0,0,0,0,0,CLEAN,"set1_after_p1=0.055 set1_after_p2=0.055 forgetting=0.000 set2=0.000 retention_deleted_episodes=0.365 consolidation_ms=1919.5 params_changed=1770 bytes=16208 latency_us=9.35 updates=64000 ms_per_acc_point=19194.68"
E45,0xB409,L3_energy_landscape,TEST,256,55,144,0.0039,0.2114,0.8846,0.2106,0.3301,0,0,0,0,0,0,0,CLEAN,"set1_after_p1=0.000 set1_after_p2=0.000 forgetting=0.000 set2=0.008 retention_deleted_episodes=0.010 consolidation_ms=1.5 params_changed=55 bytes=440 latency_us=0.09 updates=144 ms_per_acc_point=15.25"
E45,0xB409,GATE,TEST,0,0,0,0.0000,0.0000,0.0000,0.0000,0.0000,0,0,0,0,0,0,0,FAIL,"L1=0.047 L2=0.000 T1=0.773 H=0.238 static=0.039 L2_rollback_exact=true all_queries_zero=true"
E45b,0xB409,GATE,TEST,0,0,0,0.0000,0.0000,0.0000,0.0000,0.0000,0,0,0,0,0,0,0,FAIL,"L1=0.047 L2=0.000 L2g=0.027 L3=0.004 T1=0.773 H=0.238"
E45c,0xB409,GATE,TEST,0,0,0,0.0000,0.0000,0.0000,0.0000,0.0000,0,0,0,0,0,0,0,FAIL,"L1:chain=0.000,direct=0.188 L2g:chain=0.000,direct=0.000 L3:chain=0.000,direct=0.000 T1:chain=1.000,direct=1.000 H:chain=0.000,direct=0.344 STATIC:chain=0.000,direct=0.000"
E45a,0xB409,GATE,TEST,0,0,0,0.0000,0.0000,0.0000,0.0000,0.0000,0,0,0,0,0,0,0,FAIL,"L1[acc1=0.000 acc_adapt=0.000 bin0:acc1=0.00,adapt=0.00,n=8.00 bin1:acc1=0.00,adapt=0.00,n=8.00 bin2:acc1=0.00,adapt=0.00,n=8.00] H[acc1=0.260 acc_adapt=0.000 bin0:acc1=0.37,adapt=0.00,n=8.00 bin1:acc1=0.22,adapt=0.00,n=8.00 bin2:acc1=0.09,adapt=0.00,n=8.00]"
E45,0xB40A,L1_liquid_gated,TEST,256,962,71155,0.0352,0.5402,1.1546,0.2191,0.5066,0,0,0,0,0,0,0,CLEAN,"set1_after_p1=0.055 set1_after_p2=0.000 forgetting=0.055 set2=0.070 retention_deleted_episodes=0.500 consolidation_ms=2568.9 params_changed=962 bytes=7696 latency_us=11.12 updates=71155 ms_per_acc_point=25688.80"
E45,0xB40A,L2_liquid_lowrank,TEST,256,1228,64000,0.0000,0.2951,1.3712,0.1829,1.4559,0,0,0,0,0,0,0,CLEAN,"set1_after_p1=0.055 set1_after_p2=0.000 forgetting=0.055 set2=0.000 retention_deleted_episodes=0.010 consolidation_ms=2216.4 params_changed=972 bytes=9824 latency_us=9.61 updates=64000 ms_per_acc_point=22163.53"
E45,0xB40A,T1_thermo_cdt,TEST,256,384,96,0.8047,0.9526,0.9978,0.1600,0.0299,0,0,0,0,0,0,0,CLEAN,"set1_after_p1=0.789 set1_after_p2=0.789 forgetting=0.000 set2=0.820 retention_deleted_episodes=0.906 consolidation_ms=0.9 params_changed=384 bytes=3072 latency_us=0.13 updates=96 ms_per_acc_point=0.01"
E45,0xB40A,H_liquid_inf_cdt_cons,TEST,256,962,128000,0.1758,0.8782,0.9927,0.1838,0.0973,0,0,0,0,0,0,0,CLEAN,"set1_after_p1=0.312 set1_after_p2=0.133 forgetting=0.180 set2=0.219 retention_deleted_episodes=0.240 consolidation_ms=2305.6 params_changed=962 bytes=7696 latency_us=10.07 updates=128000 ms_per_acc_point=173.60"
E45,0xB40A,L2g_liquid_lowrank_gated,TEST,256,2026,64000,0.0352,0.8127,0.9858,0.1994,0.1226,0,0,0,0,0,0,0,CLEAN,"set1_after_p1=0.055 set1_after_p2=0.055 forgetting=0.000 set2=0.016 retention_deleted_episodes=0.562 consolidation_ms=2010.2 params_changed=1770 bytes=16208 latency_us=10.27 updates=64000 ms_per_acc_point=20101.75"
E45,0xB40A,L3_energy_landscape,TEST,256,55,144,0.0000,0.3164,0.9320,0.2162,0.3028,0,0,0,0,0,0,0,CLEAN,"set1_after_p1=0.000 set1_after_p2=0.000 forgetting=0.000 set2=0.000 retention_deleted_episodes=0.021 consolidation_ms=1.8 params_changed=55 bytes=440 latency_us=0.09 updates=144 ms_per_acc_point=17.95"
E45,0xB40A,GATE,TEST,0,0,0,0.0000,0.0000,0.0000,0.0000,0.0000,0,0,0,0,0,0,0,FAIL,"L1=0.035 L2=0.000 T1=0.805 H=0.176 static=0.043 L2_rollback_exact=true all_queries_zero=true"
E45b,0xB40A,GATE,TEST,0,0,0,0.0000,0.0000,0.0000,0.0000,0.0000,0,0,0,0,0,0,0,FAIL,"L1=0.035 L2=0.000 L2g=0.035 L3=0.000 T1=0.805 H=0.176"
E45c,0xB40A,GATE,TEST,0,0,0,0.0000,0.0000,0.0000,0.0000,0.0000,0,0,0,0,0,0,0,FAIL,"L1:chain=0.000,direct=0.031 L2g:chain=0.031,direct=0.000 L3:chain=0.000,direct=0.000 T1:chain=1.000,direct=1.000 H:chain=0.000,direct=0.125 STATIC:chain=0.000,direct=0.000"
E45a,0xB40A,GATE,TEST,0,0,0,0.0000,0.0000,0.0000,0.0000,0.0000,0,0,0,0,0,0,0,FAIL,"L1[acc1=0.000 acc_adapt=0.000 bin0:acc1=0.00,adapt=0.00,n=8.00 bin1:acc1=0.00,adapt=0.00,n=8.00 bin2:acc1=0.00,adapt=0.00,n=8.00] H[acc1=0.177 acc_adapt=0.000 bin0:acc1=0.30,adapt=0.00,n=8.00 bin1:acc1=0.08,adapt=0.00,n=8.00 bin2:acc1=0.07,adapt=0.00,n=8.00]"
E45,0xB40B,L1_liquid_gated,TEST,256,962,75465,0.0469,0.6041,1.0519,0.2021,0.4879,0,0,0,0,0,0,0,CLEAN,"set1_after_p1=0.078 set1_after_p2=0.000 forgetting=0.078 set2=0.094 retention_deleted_episodes=0.500 consolidation_ms=2291.9 params_changed=962 bytes=7696 latency_us=8.91 updates=75465 ms_per_acc_point=22919.30"
E45,0xB40B,L2_liquid_lowrank,TEST,256,1228,64000,0.0000,0.2611,1.2561,0.1795,0.8832,0,0,0,0,0,0,0,CLEAN,"set1_after_p1=0.078 set1_after_p2=0.000 forgetting=0.078 set2=0.000 retention_deleted_episodes=0.000 consolidation_ms=1937.1 params_changed=972 bytes=9824 latency_us=9.91 updates=64000 ms_per_acc_point=19371.15"
E45,0xB40B,T1_thermo_cdt,TEST,256,384,96,0.8203,0.9644,0.9967,0.1581,0.0274,0,0,0,0,0,0,0,CLEAN,"set1_after_p1=0.836 set1_after_p2=0.836 forgetting=0.000 set2=0.805 retention_deleted_episodes=0.938 consolidation_ms=0.8 params_changed=384 bytes=3072 latency_us=0.12 updates=96 ms_per_acc_point=0.01"
E45,0xB40B,H_liquid_inf_cdt_cons,TEST,256,962,128000,0.2461,0.8974,0.9854,0.1836,0.0900,0,0,0,0,0,0,0,CLEAN,"set1_after_p1=0.273 set1_after_p2=0.258 forgetting=0.016 set2=0.234 retention_deleted_episodes=0.490 consolidation_ms=2380.8 params_changed=962 bytes=7696 latency_us=25.88 updates=128000 ms_per_acc_point=124.39"
E45,0xB40B,L2g_liquid_lowrank_gated,TEST,256,2026,64000,0.0547,0.7973,0.9658,0.2145,0.1378,0,0,0,0,0,0,0,CLEAN,"set1_after_p1=0.078 set1_after_p2=0.078 forgetting=0.000 set2=0.031 retention_deleted_episodes=0.604 consolidation_ms=2000.3 params_changed=1770 bytes=16208 latency_us=9.31 updates=64000 ms_per_acc_point=20003.46"
E45,0xB40B,L3_energy_landscape,TEST,256,55,144,0.0039,0.2451,0.9768,0.2501,0.3381,0,0,0,0,0,0,0,CLEAN,"set1_after_p1=0.000 set1_after_p2=0.000 forgetting=0.000 set2=0.008 retention_deleted_episodes=0.031 consolidation_ms=1.7 params_changed=55 bytes=440 latency_us=0.08 updates=144 ms_per_acc_point=16.61"
E45,0xB40B,GATE,TEST,0,0,0,0.0000,0.0000,0.0000,0.0000,0.0000,0,0,0,0,0,0,0,FAIL,"L1=0.047 L2=0.000 T1=0.820 H=0.246 static=0.055 L2_rollback_exact=true all_queries_zero=true"
E45b,0xB40B,GATE,TEST,0,0,0,0.0000,0.0000,0.0000,0.0000,0.0000,0,0,0,0,0,0,0,FAIL,"L1=0.047 L2=0.000 L2g=0.055 L3=0.004 T1=0.820 H=0.246"
E45c,0xB40B,GATE,TEST,0,0,0,0.0000,0.0000,0.0000,0.0000,0.0000,0,0,0,0,0,0,0,PASS,"L1:chain=0.000,direct=0.062 L2g:chain=0.000,direct=0.000 L3:chain=0.000,direct=0.000 T1:chain=1.000,direct=1.000 H:chain=0.094,direct=0.219 STATIC:chain=0.000,direct=0.000"
E45a,0xB40B,GATE,TEST,0,0,0,0.0000,0.0000,0.0000,0.0000,0.0000,0,0,0,0,0,0,0,FAIL,"L1[acc1=0.000 acc_adapt=0.000 bin0:acc1=0.00,adapt=0.00,n=8.00 bin1:acc1=0.00,adapt=0.00,n=8.00 bin2:acc1=0.00,adapt=0.00,n=8.00] H[acc1=0.333 acc_adapt=0.000 bin0:acc1=0.65,adapt=0.00,n=8.00 bin1:acc1=0.17,adapt=0.00,n=8.00 bin2:acc1=0.00,adapt=0.00,n=8.00]"
E45,0xB40C,L1_liquid_gated,TEST,256,962,70925,0.0547,0.6385,1.0485,0.2293,0.3592,0,0,0,0,0,0,0,CLEAN,"set1_after_p1=0.062 set1_after_p2=0.000 forgetting=0.062 set2=0.109 retention_deleted_episodes=0.500 consolidation_ms=2168.7 params_changed=962 bytes=7696 latency_us=9.55 updates=70925 ms_per_acc_point=925.32"
E45,0xB40C,L2_liquid_lowrank,TEST,256,1228,64000,0.0039,0.3495,1.1555,0.1742,0.9148,0,0,0,0,0,0,0,CLEAN,"set1_after_p1=0.062 set1_after_p2=0.000 forgetting=0.062 set2=0.008 retention_deleted_episodes=0.000 consolidation_ms=2245.7 params_changed=972 bytes=9824 latency_us=12.01 updates=64000 ms_per_acc_point=22457.32"
E45,0xB40C,T1_thermo_cdt,TEST,256,384,96,0.8398,0.9735,0.9980,0.1600,0.0257,0,0,0,0,0,0,0,CLEAN,"set1_after_p1=0.805 set1_after_p2=0.805 forgetting=0.000 set2=0.875 retention_deleted_episodes=0.927 consolidation_ms=0.9 params_changed=384 bytes=3072 latency_us=0.11 updates=96 ms_per_acc_point=0.01"
E45,0xB40C,H_liquid_inf_cdt_cons,TEST,256,962,128000,0.2305,0.9054,0.9997,0.1797,0.0847,0,0,0,0,0,0,0,CLEAN,"set1_after_p1=0.398 set1_after_p2=0.219 forgetting=0.180 set2=0.242 retention_deleted_episodes=0.354 consolidation_ms=2204.1 params_changed=962 bytes=7696 latency_us=9.04 updates=128000 ms_per_acc_point=110.64"
E45,0xB40C,L2g_liquid_lowrank_gated,TEST,256,2026,64000,0.0469,0.8077,1.0061,0.1996,0.1250,0,0,0,0,0,0,0,CLEAN,"set1_after_p1=0.062 set1_after_p2=0.062 forgetting=0.000 set2=0.031 retention_deleted_episodes=0.375 consolidation_ms=1848.7 params_changed=1770 bytes=16208 latency_us=10.36 updates=64000 ms_per_acc_point=1183.19"
E45,0xB40C,L3_energy_landscape,TEST,256,55,144,0.0078,0.3104,0.8983,0.2149,0.3016,0,0,0,0,0,0,0,CLEAN,"set1_after_p1=0.008 set1_after_p2=0.000 forgetting=0.008 set2=0.016 retention_deleted_episodes=0.031 consolidation_ms=1.5 params_changed=55 bytes=440 latency_us=0.08 updates=144 ms_per_acc_point=14.75"
E45,0xB40C,GATE,TEST,0,0,0,0.0000,0.0000,0.0000,0.0000,0.0000,0,0,0,0,0,0,0,FAIL,"L1=0.055 L2=0.004 T1=0.840 H=0.230 static=0.031 L2_rollback_exact=true all_queries_zero=true"
E45b,0xB40C,GATE,TEST,0,0,0,0.0000,0.0000,0.0000,0.0000,0.0000,0,0,0,0,0,0,0,FAIL,"L1=0.055 L2=0.004 L2g=0.047 L3=0.008 T1=0.840 H=0.230"
E45c,0xB40C,GATE,TEST,0,0,0,0.0000,0.0000,0.0000,0.0000,0.0000,0,0,0,0,0,0,0,FAIL,"L1:chain=0.000,direct=0.031 L2g:chain=0.000,direct=0.000 L3:chain=0.000,direct=0.000 T1:chain=1.000,direct=1.000 H:chain=0.000,direct=0.062 STATIC:chain=0.031,direct=0.031"
E45a,0xB40C,GATE,TEST,0,0,0,0.0000,0.0000,0.0000,0.0000,0.0000,0,0,0,0,0,0,0,FAIL,"L1[acc1=0.000 acc_adapt=0.000 bin0:acc1=0.00,adapt=0.00,n=8.00 bin1:acc1=0.00,adapt=0.00,n=8.00 bin2:acc1=0.00,adapt=0.00,n=8.00] H[acc1=0.292 acc_adapt=0.000 bin0:acc1=0.39,adapt=0.00,n=8.00 bin1:acc1=0.33,adapt=0.00,n=8.00 bin2:acc1=0.00,adapt=0.00,n=8.00]"
E45,0xB40D,L1_liquid_gated,TEST,256,962,88262,0.0938,0.5873,1.1152,0.1934,0.4407,0,0,0,0,0,0,0,CLEAN,"set1_after_p1=0.070 set1_after_p2=0.000 forgetting=0.070 set2=0.188 retention_deleted_episodes=0.396 consolidation_ms=2373.7 params_changed=962 bytes=7696 latency_us=9.15 updates=88262 ms_per_acc_point=467.43"
E45,0xB40D,L2_liquid_lowrank,TEST,256,1228,64000,0.0039,0.2742,1.2411,0.2074,0.7229,0,0,0,0,0,0,0,CLEAN,"set1_after_p1=0.070 set1_after_p2=0.000 forgetting=0.070 set2=0.008 retention_deleted_episodes=0.000 consolidation_ms=2137.9 params_changed=972 bytes=9824 latency_us=10.22 updates=64000 ms_per_acc_point=21379.16"
E45,0xB40D,T1_thermo_cdt,TEST,256,384,96,0.7656,0.9418,0.9982,0.1626,0.0346,0,0,0,0,0,0,0,CLEAN,"set1_after_p1=0.766 set1_after_p2=0.766 forgetting=0.000 set2=0.766 retention_deleted_episodes=0.833 consolidation_ms=0.8 params_changed=384 bytes=3072 latency_us=0.13 updates=96 ms_per_acc_point=0.01"
E45,0xB40D,H_liquid_inf_cdt_cons,TEST,256,962,128000,0.2773,0.9108,0.9975,0.1811,0.0929,0,0,0,0,0,0,0,CLEAN,"set1_after_p1=0.336 set1_after_p2=0.234 forgetting=0.102 set2=0.320 retention_deleted_episodes=0.323 consolidation_ms=1957.7 params_changed=962 bytes=7696 latency_us=10.75 updates=128000 ms_per_acc_point=83.53"
E45,0xB40D,L2g_liquid_lowrank_gated,TEST,256,2026,64000,0.0469,0.7770,0.9864,0.2024,0.1374,0,0,0,0,0,0,0,CLEAN,"set1_after_p1=0.070 set1_after_p2=0.070 forgetting=0.000 set2=0.023 retention_deleted_episodes=0.281 consolidation_ms=1995.2 params_changed=1770 bytes=16208 latency_us=9.93 updates=64000 ms_per_acc_point=5107.62"
E45,0xB40D,L3_energy_landscape,TEST,256,55,144,0.0156,0.2891,0.9207,0.2118,0.3300,0,0,0,0,0,0,0,CLEAN,"set1_after_p1=0.000 set1_after_p2=0.000 forgetting=0.000 set2=0.031 retention_deleted_episodes=0.000 consolidation_ms=1.4 params_changed=55 bytes=440 latency_us=0.08 updates=144 ms_per_acc_point=14.47"
E45,0xB40D,GATE,TEST,0,0,0,0.0000,0.0000,0.0000,0.0000,0.0000,0,0,0,0,0,0,0,FAIL,"L1=0.094 L2=0.004 T1=0.766 H=0.277 static=0.043 L2_rollback_exact=true all_queries_zero=true"
E45b,0xB40D,GATE,TEST,0,0,0,0.0000,0.0000,0.0000,0.0000,0.0000,0,0,0,0,0,0,0,FAIL,"L1=0.094 L2=0.004 L2g=0.047 L3=0.016 T1=0.766 H=0.277"
E45c,0xB40D,GATE,TEST,0,0,0,0.0000,0.0000,0.0000,0.0000,0.0000,0,0,0,0,0,0,0,FAIL,"L1:chain=0.000,direct=0.156 L2g:chain=0.000,direct=0.000 L3:chain=0.000,direct=0.000 T1:chain=1.000,direct=1.000 H:chain=0.031,direct=0.188 STATIC:chain=0.000,direct=0.000"
E45a,0xB40D,GATE,TEST,0,0,0,0.0000,0.0000,0.0000,0.0000,0.0000,0,0,0,0,0,0,0,FAIL,"L1[acc1=0.000 acc_adapt=0.000 bin0:acc1=0.00,adapt=0.00,n=8.00 bin1:acc1=0.00,adapt=0.00,n=8.00 bin2:acc1=0.00,adapt=0.00,n=8.00] H[acc1=0.312 acc_adapt=0.000 bin0:acc1=0.64,adapt=0.00,n=8.00 bin1:acc1=0.16,adapt=0.00,n=8.00 bin2:acc1=0.00,adapt=0.00,n=8.00]"
E45,0xB40E,L1_liquid_gated,TEST,256,962,82091,0.1406,0.5924,1.0823,0.1812,0.4735,0,0,0,0,0,0,0,CLEAN,"set1_after_p1=0.094 set1_after_p2=0.000 forgetting=0.094 set2=0.281 retention_deleted_episodes=0.500 consolidation_ms=2728.8 params_changed=962 bytes=7696 latency_us=9.92 updates=82091 ms_per_acc_point=279.43"
E45,0xB40E,L2_liquid_lowrank,TEST,256,1228,64000,0.0000,0.3247,1.3445,0.1872,0.9544,0,0,0,0,0,0,0,CLEAN,"set1_after_p1=0.094 set1_after_p2=0.000 forgetting=0.094 set2=0.000 retention_deleted_episodes=0.000 consolidation_ms=2224.4 params_changed=972 bytes=9824 latency_us=10.17 updates=64000 ms_per_acc_point=22244.20"
E45,0xB40E,T1_thermo_cdt,TEST,256,384,96,0.8008,0.9424,0.9978,0.1610,0.0285,0,0,0,0,0,0,0,CLEAN,"set1_after_p1=0.789 set1_after_p2=0.789 forgetting=0.000 set2=0.812 retention_deleted_episodes=0.875 consolidation_ms=0.8 params_changed=384 bytes=3072 latency_us=0.14 updates=96 ms_per_acc_point=0.01"
E45,0xB40E,H_liquid_inf_cdt_cons,TEST,256,962,128000,0.3281,0.9192,0.9852,0.1787,0.0811,0,0,0,0,0,0,0,CLEAN,"set1_after_p1=0.430 set1_after_p2=0.273 forgetting=0.156 set2=0.383 retention_deleted_episodes=0.385 consolidation_ms=2024.8 params_changed=962 bytes=7696 latency_us=9.85 updates=128000 ms_per_acc_point=71.01"
E45,0xB40E,L2g_liquid_lowrank_gated,TEST,256,2026,64000,0.0625,0.8130,0.9856,0.1963,0.1134,0,0,0,0,0,0,0,CLEAN,"set1_after_p1=0.094 set1_after_p2=0.094 forgetting=0.000 set2=0.031 retention_deleted_episodes=0.583 consolidation_ms=2099.2 params_changed=1770 bytes=16208 latency_us=9.36 updates=64000 ms_per_acc_point=1074.77"
E45,0xB40E,L3_energy_landscape,TEST,256,55,144,0.0117,0.3137,0.9426,0.2031,0.3168,0,0,0,0,0,0,0,CLEAN,"set1_after_p1=0.008 set1_after_p2=0.000 forgetting=0.008 set2=0.023 retention_deleted_episodes=0.010 consolidation_ms=1.4 params_changed=55 bytes=440 latency_us=0.09 updates=144 ms_per_acc_point=14.47"
E45,0xB40E,GATE,TEST,0,0,0,0.0000,0.0000,0.0000,0.0000,0.0000,0,0,0,0,0,0,0,FAIL,"L1=0.141 L2=0.000 T1=0.801 H=0.328 static=0.043 L2_rollback_exact=true all_queries_zero=true"
E45b,0xB40E,GATE,TEST,0,0,0,0.0000,0.0000,0.0000,0.0000,0.0000,0,0,0,0,0,0,0,FAIL,"L1=0.141 L2=0.000 L2g=0.062 L3=0.012 T1=0.801 H=0.328"
E45c,0xB40E,GATE,TEST,0,0,0,0.0000,0.0000,0.0000,0.0000,0.0000,0,0,0,0,0,0,0,PASS,"L1:chain=0.000,direct=0.094 L2g:chain=0.000,direct=0.031 L3:chain=0.000,direct=0.000 T1:chain=1.000,direct=1.000 H:chain=0.219,direct=0.406 STATIC:chain=0.031,direct=0.031"
E45a,0xB40E,GATE,TEST,0,0,0,0.0000,0.0000,0.0000,0.0000,0.0000,0,0,0,0,0,0,0,FAIL,"L1[acc1=0.000 acc_adapt=0.000 bin0:acc1=0.00,adapt=0.00,n=8.00 bin1:acc1=0.00,adapt=0.00,n=8.00 bin2:acc1=0.00,adapt=0.00,n=8.00] H[acc1=0.365 acc_adapt=0.000 bin0:acc1=0.69,adapt=0.00,n=8.00 bin1:acc1=0.23,adapt=0.00,n=8.00 bin2:acc1=0.00,adapt=0.00,n=8.00]"
E45,0xB40F,L1_liquid_gated,TEST,256,962,78413,0.0469,0.6238,1.0335,0.1954,0.4544,0,0,0,0,0,0,0,CLEAN,"set1_after_p1=0.125 set1_after_p2=0.000 forgetting=0.125 set2=0.094 retention_deleted_episodes=0.438 consolidation_ms=2372.2 params_changed=962 bytes=7696 latency_us=8.94 updates=78413 ms_per_acc_point=1012.14"
E45,0xB40F,L2_liquid_lowrank,TEST,256,1228,64000,0.0000,0.3216,1.2997,0.2001,1.3409,0,0,0,0,0,0,0,CLEAN,"set1_after_p1=0.125 set1_after_p2=0.000 forgetting=0.125 set2=0.000 retention_deleted_episodes=0.000 consolidation_ms=2052.4 params_changed=972 bytes=9824 latency_us=10.49 updates=64000 ms_per_acc_point=20524.05"
E45,0xB40F,T1_thermo_cdt,TEST,256,384,96,0.7969,0.9424,0.9966,0.1563,0.0329,0,0,0,0,0,0,0,CLEAN,"set1_after_p1=0.797 set1_after_p2=0.797 forgetting=0.000 set2=0.797 retention_deleted_episodes=0.885 consolidation_ms=1.6 params_changed=384 bytes=3072 latency_us=0.13 updates=96 ms_per_acc_point=0.02"
E45,0xB40F,H_liquid_inf_cdt_cons,TEST,256,962,128000,0.2617,0.8792,1.0060,0.1786,0.0942,0,0,0,0,0,0,0,CLEAN,"set1_after_p1=0.484 set1_after_p2=0.297 forgetting=0.188 set2=0.227 retention_deleted_episodes=0.229 consolidation_ms=2132.1 params_changed=962 bytes=7696 latency_us=25.87 updates=128000 ms_per_acc_point=89.48"
E45,0xB40F,L2g_liquid_lowrank_gated,TEST,256,2026,64000,0.0742,0.7433,0.9920,0.1944,0.1301,0,0,0,0,0,0,0,CLEAN,"set1_after_p1=0.125 set1_after_p2=0.125 forgetting=0.000 set2=0.023 retention_deleted_episodes=0.500 consolidation_ms=1997.1 params_changed=1770 bytes=16208 latency_us=10.99 updates=64000 ms_per_acc_point=393.28"
E45,0xB40F,L3_energy_landscape,TEST,256,55,144,0.0000,0.3014,0.8877,0.1899,0.3100,0,0,0,0,0,0,0,CLEAN,"set1_after_p1=0.000 set1_after_p2=0.000 forgetting=0.000 set2=0.000 retention_deleted_episodes=0.010 consolidation_ms=1.5 params_changed=55 bytes=440 latency_us=0.10 updates=144 ms_per_acc_point=15.43"
E45,0xB40F,GATE,TEST,0,0,0,0.0000,0.0000,0.0000,0.0000,0.0000,0,0,0,0,0,0,0,FAIL,"L1=0.047 L2=0.000 T1=0.797 H=0.262 static=0.023 L2_rollback_exact=true all_queries_zero=true"
E45b,0xB40F,GATE,TEST,0,0,0,0.0000,0.0000,0.0000,0.0000,0.0000,0,0,0,0,0,0,0,FAIL,"L1=0.047 L2=0.000 L2g=0.074 L3=0.000 T1=0.797 H=0.262"
E45c,0xB40F,GATE,TEST,0,0,0,0.0000,0.0000,0.0000,0.0000,0.0000,0,0,0,0,0,0,0,PASS,"L1:chain=0.000,direct=0.062 L2g:chain=0.000,direct=0.000 L3:chain=0.000,direct=0.000 T1:chain=1.000,direct=0.969 H:chain=0.094,direct=0.000 STATIC:chain=0.031,direct=0.031"
E45a,0xB40F,GATE,TEST,0,0,0,0.0000,0.0000,0.0000,0.0000,0.0000,0,0,0,0,0,0,0,FAIL,"L1[acc1=0.000 acc_adapt=0.000 bin0:acc1=0.00,adapt=0.00,n=8.00 bin1:acc1=0.00,adapt=0.00,n=8.00 bin2:acc1=0.00,adapt=0.00,n=8.00] H[acc1=0.396 acc_adapt=0.000 bin0:acc1=0.77,adapt=0.00,n=8.00 bin1:acc1=0.20,adapt=0.00,n=8.00 bin2:acc1=0.09,adapt=0.00,n=8.00]"
