seed,exp,encoder,lang,subset,method,n,acc
0xB400,E43,gemma,es,novel,dphi,9,0.1111
0xB400,E43,gemma,es,novel,offset,9,0.2222
0xB400,E43,gemma,es,novel,static,9,0.0000
0xB400,E43,gemma,en,novel,dphi,9,0.1111
0xB400,E43,gemma,en,novel,offset,9,0.2222
0xB400,E43,gemma,en,novel,static,9,0.0000
0xB400,E43,gemma,fr,novel,dphi,8,0.1250
0xB400,E43,gemma,fr,novel,offset,8,0.2500
0xB400,E43,gemma,fr,novel,static,8,0.0000
0xB400,E43,gemma,ja,novel,dphi,7,0.1429
0xB400,E43,gemma,ja,novel,offset,7,0.0000
0xB400,E43,gemma,ja,novel,static,7,0.0000
0xB400,E43,random,es,novel,dphi,9,0.4444
0xB400,E43,random,es,novel,offset,9,0.1111
0xB400,E43,random,es,novel,static,9,0.0000
0xB400,E43,random,en,novel,dphi,9,0.0000
0xB400,E43,random,en,novel,offset,9,0.0000
0xB400,E43,random,en,novel,static,9,0.0000
0xB400,E43,random,fr,novel,dphi,8,0.1250
0xB400,E43,random,fr,novel,offset,8,0.0000
0xB400,E43,random,fr,novel,static,8,0.0000
0xB400,E43,random,ja,novel,dphi,7,0.0000
0xB400,E43,random,ja,novel,offset,7,0.0000
0xB400,E43,random,ja,novel,static,7,0.0000
0xB400,E44,qwen_aligned,es,novel,dphi,9,0.1111
0xB400,E44,qwen_aligned,es,novel,offset,9,0.1111
0xB400,E44,qwen_aligned,es,novel,static,9,0.0000
0xB400,E44,qwen_aligned,en,novel,dphi,9,0.1111
0xB400,E44,qwen_aligned,en,novel,offset,9,0.1111
0xB400,E44,qwen_aligned,en,novel,static,9,0.0000
0xB400,E44,qwen_aligned,fr,novel,dphi,8,0.0000
0xB400,E44,qwen_aligned,fr,novel,offset,8,0.0000
0xB400,E44,qwen_aligned,fr,novel,static,8,0.0000
0xB400,E44,qwen_aligned,ja,novel,dphi,7,0.0000
0xB400,E44,qwen_aligned,ja,novel,offset,7,0.0000
0xB400,E44,qwen_aligned,ja,novel,static,7,0.0000
0xB400,E44,random_aligned,es,novel,dphi,9,0.1111
0xB400,E44,random_aligned,es,novel,offset,9,0.1111
0xB400,E44,random_aligned,es,novel,static,9,0.0000
0xB400,E44,random_aligned,en,novel,dphi,9,0.0000
0xB400,E44,random_aligned,en,novel,offset,9,0.1111
0xB400,E44,random_aligned,en,novel,static,9,0.0000
0xB400,E44,random_aligned,fr,novel,dphi,8,0.0000
0xB400,E44,random_aligned,fr,novel,offset,8,0.0000
0xB400,E44,random_aligned,fr,novel,static,8,0.0000
0xB400,E44,random_aligned,ja,novel,dphi,7,0.0000
0xB400,E44,random_aligned,ja,novel,offset,7,0.0000
0xB400,E44,random_aligned,ja,novel,static,7,0.0000
0xB400,E44,gemma_aligned,es,novel,dphi,9,0.0000
0xB400,E44,gemma_aligned,es,novel,offset,9,0.3333
0xB400,E44,gemma_aligned,es,novel,static,9,0.0000
0xB400,E44,gemma_aligned,en,novel,dphi,9,0.0000
0xB400,E44,gemma_aligned,en,novel,offset,9,0.2222
0xB400,E44,gemma_aligned,en,novel,static,9,0.0000
0xB400,E44,gemma_aligned,fr,novel,dphi,8,0.1250
0xB400,E44,gemma_aligned,fr,novel,offset,8,0.2500
0xB400,E44,gemma_aligned,fr,novel,static,8,0.0000
0xB400,E44,gemma_aligned,ja,novel,dphi,7,0.0000
0xB400,E44,gemma_aligned,ja,novel,offset,7,0.0000
0xB400,E44,gemma_aligned,ja,novel,static,7,0.0000
0xB401,E43,gemma,es,novel,dphi,9,0.2222
0xB401,E43,gemma,es,novel,offset,9,0.4444
0xB401,E43,gemma,es,novel,static,9,0.0000
0xB401,E43,gemma,en,novel,dphi,9,0.0000
0xB401,E43,gemma,en,novel,offset,9,0.1111
0xB401,E43,gemma,en,novel,static,9,0.0000
0xB401,E43,gemma,fr,novel,dphi,9,0.1111
0xB401,E43,gemma,fr,novel,offset,9,0.1111
0xB401,E43,gemma,fr,novel,static,9,0.0000
0xB401,E43,gemma,ja,novel,dphi,7,0.0000
0xB401,E43,gemma,ja,novel,offset,7,0.0000
0xB401,E43,gemma,ja,novel,static,7,0.0000
0xB401,E43,random,es,novel,dphi,9,0.2222
0xB401,E43,random,es,novel,offset,9,0.2222
0xB401,E43,random,es,novel,static,9,0.0000
0xB401,E43,random,en,novel,dphi,9,0.0000
0xB401,E43,random,en,novel,offset,9,0.2222
0xB401,E43,random,en,novel,static,9,0.0000
0xB401,E43,random,fr,novel,dphi,9,0.0000
0xB401,E43,random,fr,novel,offset,9,0.2222
0xB401,E43,random,fr,novel,static,9,0.0000
0xB401,E43,random,ja,novel,dphi,7,0.0000
0xB401,E43,random,ja,novel,offset,7,0.0000
0xB401,E43,random,ja,novel,static,7,0.0000
0xB401,E44,qwen_aligned,es,novel,dphi,9,0.1111
0xB401,E44,qwen_aligned,es,novel,offset,9,0.1111
0xB401,E44,qwen_aligned,es,novel,static,9,0.0000
0xB401,E44,qwen_aligned,en,novel,dphi,9,0.1111
0xB401,E44,qwen_aligned,en,novel,offset,9,0.0000
0xB401,E44,qwen_aligned,en,novel,static,9,0.0000
0xB401,E44,qwen_aligned,fr,novel,dphi,9,0.0000
0xB401,E44,qwen_aligned,fr,novel,offset,9,0.0000
0xB401,E44,qwen_aligned,fr,novel,static,9,0.0000
0xB401,E44,qwen_aligned,ja,novel,dphi,7,0.1429
0xB401,E44,qwen_aligned,ja,novel,offset,7,0.0000
0xB401,E44,qwen_aligned,ja,novel,static,7,0.0000
0xB401,E44,random_aligned,es,novel,dphi,9,0.0000
0xB401,E44,random_aligned,es,novel,offset,9,0.4444
0xB401,E44,random_aligned,es,novel,static,9,0.0000
0xB401,E44,random_aligned,en,novel,dphi,9,0.0000
0xB401,E44,random_aligned,en,novel,offset,9,0.1111
0xB401,E44,random_aligned,en,novel,static,9,0.0000
0xB401,E44,random_aligned,fr,novel,dphi,9,0.0000
0xB401,E44,random_aligned,fr,novel,offset,9,0.1111
0xB401,E44,random_aligned,fr,novel,static,9,0.0000
0xB401,E44,random_aligned,ja,novel,dphi,7,0.0000
0xB401,E44,random_aligned,ja,novel,offset,7,0.0000
0xB401,E44,random_aligned,ja,novel,static,7,0.0000
0xB401,E44,gemma_aligned,es,novel,dphi,9,0.3333
0xB401,E44,gemma_aligned,es,novel,offset,9,0.4444
0xB401,E44,gemma_aligned,es,novel,static,9,0.0000
0xB401,E44,gemma_aligned,en,novel,dphi,9,0.0000
0xB401,E44,gemma_aligned,en,novel,offset,9,0.1111
0xB401,E44,gemma_aligned,en,novel,static,9,0.0000
0xB401,E44,gemma_aligned,fr,novel,dphi,9,0.1111
0xB401,E44,gemma_aligned,fr,novel,offset,9,0.1111
0xB401,E44,gemma_aligned,fr,novel,static,9,0.0000
0xB401,E44,gemma_aligned,ja,novel,dphi,7,0.0000
0xB401,E44,gemma_aligned,ja,novel,offset,7,0.0000
0xB401,E44,gemma_aligned,ja,novel,static,7,0.0000
0xB402,E43,gemma,es,novel,dphi,9,0.2222
0xB402,E43,gemma,es,novel,offset,9,0.1111
0xB402,E43,gemma,es,novel,static,9,0.0000
0xB402,E43,gemma,en,novel,dphi,9,0.1111
0xB402,E43,gemma,en,novel,offset,9,0.0000
0xB402,E43,gemma,en,novel,static,9,0.0000
0xB402,E43,gemma,fr,novel,dphi,9,0.1111
0xB402,E43,gemma,fr,novel,offset,9,0.3333
0xB402,E43,gemma,fr,novel,static,9,0.0000
0xB402,E43,gemma,ja,novel,dphi,3,0.3333
0xB402,E43,gemma,ja,novel,offset,3,0.0000
0xB402,E43,gemma,ja,novel,static,3,0.0000
0xB402,E43,random,es,novel,dphi,9,0.1111
0xB402,E43,random,es,novel,offset,9,0.0000
0xB402,E43,random,es,novel,static,9,0.0000
0xB402,E43,random,en,novel,dphi,9,0.0000
0xB402,E43,random,en,novel,offset,9,0.2222
0xB402,E43,random,en,novel,static,9,0.0000
0xB402,E43,random,fr,novel,dphi,9,0.1111
0xB402,E43,random,fr,novel,offset,9,0.2222
0xB402,E43,random,fr,novel,static,9,0.0000
0xB402,E43,random,ja,novel,dphi,3,0.0000
0xB402,E43,random,ja,novel,offset,3,0.0000
0xB402,E43,random,ja,novel,static,3,0.0000
0xB402,E44,qwen_aligned,es,novel,dphi,9,0.2222
0xB402,E44,qwen_aligned,es,novel,offset,9,0.3333
0xB402,E44,qwen_aligned,es,novel,static,9,0.0000
0xB402,E44,qwen_aligned,en,novel,dphi,9,0.2222
0xB402,E44,qwen_aligned,en,novel,offset,9,0.1111
0xB402,E44,qwen_aligned,en,novel,static,9,0.0000
0xB402,E44,qwen_aligned,fr,novel,dphi,9,0.1111
0xB402,E44,qwen_aligned,fr,novel,offset,9,0.2222
0xB402,E44,qwen_aligned,fr,novel,static,9,0.0000
0xB402,E44,qwen_aligned,ja,novel,dphi,3,0.0000
0xB402,E44,qwen_aligned,ja,novel,offset,3,0.3333
0xB402,E44,qwen_aligned,ja,novel,static,3,0.0000
0xB402,E44,random_aligned,es,novel,dphi,9,0.0000
0xB402,E44,random_aligned,es,novel,offset,9,0.0000
0xB402,E44,random_aligned,es,novel,static,9,0.0000
0xB402,E44,random_aligned,en,novel,dphi,9,0.1111
0xB402,E44,random_aligned,en,novel,offset,9,0.4444
0xB402,E44,random_aligned,en,novel,static,9,0.0000
0xB402,E44,random_aligned,fr,novel,dphi,9,0.1111
0xB402,E44,random_aligned,fr,novel,offset,9,0.0000
0xB402,E44,random_aligned,fr,novel,static,9,0.0000
0xB402,E44,random_aligned,ja,novel,dphi,3,0.0000
0xB402,E44,random_aligned,ja,novel,offset,3,0.0000
0xB402,E44,random_aligned,ja,novel,static,3,0.0000
0xB402,E44,gemma_aligned,es,novel,dphi,9,0.1111
0xB402,E44,gemma_aligned,es,novel,offset,9,0.1111
0xB402,E44,gemma_aligned,es,novel,static,9,0.0000
0xB402,E44,gemma_aligned,en,novel,dphi,9,0.1111
0xB402,E44,gemma_aligned,en,novel,offset,9,0.1111
0xB402,E44,gemma_aligned,en,novel,static,9,0.0000
0xB402,E44,gemma_aligned,fr,novel,dphi,9,0.0000
0xB402,E44,gemma_aligned,fr,novel,offset,9,0.2222
0xB402,E44,gemma_aligned,fr,novel,static,9,0.0000
0xB402,E44,gemma_aligned,ja,novel,dphi,3,0.3333
0xB402,E44,gemma_aligned,ja,novel,offset,3,0.0000
0xB402,E44,gemma_aligned,ja,novel,static,3,0.0000
0xB403,E43,gemma,es,novel,dphi,9,0.3333
0xB403,E43,gemma,es,novel,offset,9,0.3333
0xB403,E43,gemma,es,novel,static,9,0.0000
0xB403,E43,gemma,en,novel,dphi,9,0.0000
0xB403,E43,gemma,en,novel,offset,9,0.0000
0xB403,E43,gemma,en,novel,static,9,0.0000
0xB403,E43,gemma,fr,novel,dphi,9,0.1111
0xB403,E43,gemma,fr,novel,offset,9,0.1111
0xB403,E43,gemma,fr,novel,static,9,0.0000
0xB403,E43,gemma,ja,novel,dphi,4,0.0000
0xB403,E43,gemma,ja,novel,offset,4,0.0000
0xB403,E43,gemma,ja,novel,static,4,0.0000
0xB403,E43,random,es,novel,dphi,9,0.1111
0xB403,E43,random,es,novel,offset,9,0.0000
0xB403,E43,random,es,novel,static,9,0.0000
0xB403,E43,random,en,novel,dphi,9,0.2222
0xB403,E43,random,en,novel,offset,9,0.0000
0xB403,E43,random,en,novel,static,9,0.0000
0xB403,E43,random,fr,novel,dphi,9,0.0000
0xB403,E43,random,fr,novel,offset,9,0.1111
0xB403,E43,random,fr,novel,static,9,0.0000
0xB403,E43,random,ja,novel,dphi,4,0.0000
0xB403,E43,random,ja,novel,offset,4,0.0000
0xB403,E43,random,ja,novel,static,4,0.0000
0xB403,E44,qwen_aligned,es,novel,dphi,9,0.0000
0xB403,E44,qwen_aligned,es,novel,offset,9,0.0000
0xB403,E44,qwen_aligned,es,novel,static,9,0.0000
0xB403,E44,qwen_aligned,en,novel,dphi,9,0.0000
0xB403,E44,qwen_aligned,en,novel,offset,9,0.1111
0xB403,E44,qwen_aligned,en,novel,static,9,0.0000
0xB403,E44,qwen_aligned,fr,novel,dphi,9,0.0000
0xB403,E44,qwen_aligned,fr,novel,offset,9,0.1111
0xB403,E44,qwen_aligned,fr,novel,static,9,0.0000
0xB403,E44,qwen_aligned,ja,novel,dphi,4,0.0000
0xB403,E44,qwen_aligned,ja,novel,offset,4,0.0000
0xB403,E44,qwen_aligned,ja,novel,static,4,0.0000
0xB403,E44,random_aligned,es,novel,dphi,9,0.0000
0xB403,E44,random_aligned,es,novel,offset,9,0.1111
0xB403,E44,random_aligned,es,novel,static,9,0.0000
0xB403,E44,random_aligned,en,novel,dphi,9,0.1111
0xB403,E44,random_aligned,en,novel,offset,9,0.1111
0xB403,E44,random_aligned,en,novel,static,9,0.0000
0xB403,E44,random_aligned,fr,novel,dphi,9,0.0000
0xB403,E44,random_aligned,fr,novel,offset,9,0.2222
0xB403,E44,random_aligned,fr,novel,static,9,0.0000
0xB403,E44,random_aligned,ja,novel,dphi,4,0.0000
0xB403,E44,random_aligned,ja,novel,offset,4,0.0000
0xB403,E44,random_aligned,ja,novel,static,4,0.0000
0xB403,E44,gemma_aligned,es,novel,dphi,9,0.3333
0xB403,E44,gemma_aligned,es,novel,offset,9,0.4444
0xB403,E44,gemma_aligned,es,novel,static,9,0.0000
0xB403,E44,gemma_aligned,en,novel,dphi,9,0.0000
0xB403,E44,gemma_aligned,en,novel,offset,9,0.1111
0xB403,E44,gemma_aligned,en,novel,static,9,0.0000
0xB403,E44,gemma_aligned,fr,novel,dphi,9,0.1111
0xB403,E44,gemma_aligned,fr,novel,offset,9,0.1111
0xB403,E44,gemma_aligned,fr,novel,static,9,0.0000
0xB403,E44,gemma_aligned,ja,novel,dphi,4,0.0000
0xB403,E44,gemma_aligned,ja,novel,offset,4,0.0000
0xB403,E44,gemma_aligned,ja,novel,static,4,0.0000
0xB404,E43,gemma,es,novel,dphi,9,0.1111
0xB404,E43,gemma,es,novel,offset,9,0.3333
0xB404,E43,gemma,es,novel,static,9,0.0000
0xB404,E43,gemma,en,novel,dphi,9,0.0000
0xB404,E43,gemma,en,novel,offset,9,0.0000
0xB404,E43,gemma,en,novel,static,9,0.0000
0xB404,E43,gemma,fr,novel,dphi,9,0.1111
0xB404,E43,gemma,fr,novel,offset,9,0.2222
0xB404,E43,gemma,fr,novel,static,9,0.0000
0xB404,E43,gemma,ja,novel,dphi,6,0.1667
0xB404,E43,gemma,ja,novel,offset,6,0.0000
0xB404,E43,gemma,ja,novel,static,6,0.0000
0xB404,E43,random,es,novel,dphi,9,0.2222
0xB404,E43,random,es,novel,offset,9,0.0000
0xB404,E43,random,es,novel,static,9,0.0000
0xB404,E43,random,en,novel,dphi,9,0.1111
0xB404,E43,random,en,novel,offset,9,0.1111
0xB404,E43,random,en,novel,static,9,0.0000
0xB404,E43,random,fr,novel,dphi,9,0.2222
0xB404,E43,random,fr,novel,offset,9,0.0000
0xB404,E43,random,fr,novel,static,9,0.0000
0xB404,E43,random,ja,novel,dphi,6,0.1667
0xB404,E43,random,ja,novel,offset,6,0.0000
0xB404,E43,random,ja,novel,static,6,0.0000
0xB404,E44,qwen_aligned,es,novel,dphi,9,0.0000
0xB404,E44,qwen_aligned,es,novel,offset,9,0.3333
0xB404,E44,qwen_aligned,es,novel,static,9,0.0000
0xB404,E44,qwen_aligned,en,novel,dphi,9,0.0000
0xB404,E44,qwen_aligned,en,novel,offset,9,0.0000
0xB404,E44,qwen_aligned,en,novel,static,9,0.0000
0xB404,E44,qwen_aligned,fr,novel,dphi,9,0.2222
0xB404,E44,qwen_aligned,fr,novel,offset,9,0.1111
0xB404,E44,qwen_aligned,fr,novel,static,9,0.0000
0xB404,E44,qwen_aligned,ja,novel,dphi,6,0.0000
0xB404,E44,qwen_aligned,ja,novel,offset,6,0.1667
0xB404,E44,qwen_aligned,ja,novel,static,6,0.0000
0xB404,E44,random_aligned,es,novel,dphi,9,0.0000
0xB404,E44,random_aligned,es,novel,offset,9,0.0000
0xB404,E44,random_aligned,es,novel,static,9,0.0000
0xB404,E44,random_aligned,en,novel,dphi,9,0.0000
0xB404,E44,random_aligned,en,novel,offset,9,0.0000
0xB404,E44,random_aligned,en,novel,static,9,0.0000
0xB404,E44,random_aligned,fr,novel,dphi,9,0.0000
0xB404,E44,random_aligned,fr,novel,offset,9,0.0000
0xB404,E44,random_aligned,fr,novel,static,9,0.0000
0xB404,E44,random_aligned,ja,novel,dphi,6,0.1667
0xB404,E44,random_aligned,ja,novel,offset,6,0.0000
0xB404,E44,random_aligned,ja,novel,static,6,0.0000
0xB404,E44,gemma_aligned,es,novel,dphi,9,0.1111
0xB404,E44,gemma_aligned,es,novel,offset,9,0.2222
0xB404,E44,gemma_aligned,es,novel,static,9,0.0000
0xB404,E44,gemma_aligned,en,novel,dphi,9,0.1111
0xB404,E44,gemma_aligned,en,novel,offset,9,0.0000
0xB404,E44,gemma_aligned,en,novel,static,9,0.0000
0xB404,E44,gemma_aligned,fr,novel,dphi,9,0.1111
0xB404,E44,gemma_aligned,fr,novel,offset,9,0.2222
0xB404,E44,gemma_aligned,fr,novel,static,9,0.0000
0xB404,E44,gemma_aligned,ja,novel,dphi,6,0.1667
0xB404,E44,gemma_aligned,ja,novel,offset,6,0.0000
0xB404,E44,gemma_aligned,ja,novel,static,6,0.0000
0xB405,E43,gemma,es,novel,dphi,9,0.2222
0xB405,E43,gemma,es,novel,offset,9,0.3333
0xB405,E43,gemma,es,novel,static,9,0.0000
0xB405,E43,gemma,en,novel,dphi,9,0.0000
0xB405,E43,gemma,en,novel,offset,9,0.2222
0xB405,E43,gemma,en,novel,static,9,0.0000
0xB405,E43,gemma,fr,novel,dphi,9,0.2222
0xB405,E43,gemma,fr,novel,offset,9,0.3333
0xB405,E43,gemma,fr,novel,static,9,0.0000
0xB405,E43,gemma,ja,novel,dphi,4,0.0000
0xB405,E43,gemma,ja,novel,offset,4,0.0000
0xB405,E43,gemma,ja,novel,static,4,0.0000
0xB405,E43,random,es,novel,dphi,9,0.2222
0xB405,E43,random,es,novel,offset,9,0.1111
0xB405,E43,random,es,novel,static,9,0.0000
0xB405,E43,random,en,novel,dphi,9,0.1111
0xB405,E43,random,en,novel,offset,9,0.2222
0xB405,E43,random,en,novel,static,9,0.0000
0xB405,E43,random,fr,novel,dphi,9,0.1111
0xB405,E43,random,fr,novel,offset,9,0.3333
0xB405,E43,random,fr,novel,static,9,0.0000
0xB405,E43,random,ja,novel,dphi,4,0.0000
0xB405,E43,random,ja,novel,offset,4,0.0000
0xB405,E43,random,ja,novel,static,4,0.0000
0xB405,E44,qwen_aligned,es,novel,dphi,9,0.2222
0xB405,E44,qwen_aligned,es,novel,offset,9,0.2222
0xB405,E44,qwen_aligned,es,novel,static,9,0.0000
0xB405,E44,qwen_aligned,en,novel,dphi,9,0.0000
0xB405,E44,qwen_aligned,en,novel,offset,9,0.0000
0xB405,E44,qwen_aligned,en,novel,static,9,0.0000
0xB405,E44,qwen_aligned,fr,novel,dphi,9,0.0000
0xB405,E44,qwen_aligned,fr,novel,offset,9,0.1111
0xB405,E44,qwen_aligned,fr,novel,static,9,0.0000
0xB405,E44,qwen_aligned,ja,novel,dphi,4,0.0000
0xB405,E44,qwen_aligned,ja,novel,offset,4,0.0000
0xB405,E44,qwen_aligned,ja,novel,static,4,0.0000
0xB405,E44,random_aligned,es,novel,dphi,9,0.1111
0xB405,E44,random_aligned,es,novel,offset,9,0.1111
0xB405,E44,random_aligned,es,novel,static,9,0.0000
0xB405,E44,random_aligned,en,novel,dphi,9,0.1111
0xB405,E44,random_aligned,en,novel,offset,9,0.3333
0xB405,E44,random_aligned,en,novel,static,9,0.0000
0xB405,E44,random_aligned,fr,novel,dphi,9,0.0000
0xB405,E44,random_aligned,fr,novel,offset,9,0.1111
0xB405,E44,random_aligned,fr,novel,static,9,0.0000
0xB405,E44,random_aligned,ja,novel,dphi,4,0.0000
0xB405,E44,random_aligned,ja,novel,offset,4,0.0000
0xB405,E44,random_aligned,ja,novel,static,4,0.0000
0xB405,E44,gemma_aligned,es,novel,dphi,9,0.1111
0xB405,E44,gemma_aligned,es,novel,offset,9,0.3333
0xB405,E44,gemma_aligned,es,novel,static,9,0.0000
0xB405,E44,gemma_aligned,en,novel,dphi,9,0.0000
0xB405,E44,gemma_aligned,en,novel,offset,9,0.2222
0xB405,E44,gemma_aligned,en,novel,static,9,0.0000
0xB405,E44,gemma_aligned,fr,novel,dphi,9,0.1111
0xB405,E44,gemma_aligned,fr,novel,offset,9,0.2222
0xB405,E44,gemma_aligned,fr,novel,static,9,0.0000
0xB405,E44,gemma_aligned,ja,novel,dphi,4,0.0000
0xB405,E44,gemma_aligned,ja,novel,offset,4,0.0000
0xB405,E44,gemma_aligned,ja,novel,static,4,0.0000
0xB406,E43,gemma,es,novel,dphi,9,0.1111
0xB406,E43,gemma,es,novel,offset,9,0.1111
0xB406,E43,gemma,es,novel,static,9,0.0000
0xB406,E43,gemma,en,novel,dphi,9,0.0000
0xB406,E43,gemma,en,novel,offset,9,0.1111
0xB406,E43,gemma,en,novel,static,9,0.0000
0xB406,E43,gemma,fr,novel,dphi,9,0.1111
0xB406,E43,gemma,fr,novel,offset,9,0.3333
0xB406,E43,gemma,fr,novel,static,9,0.0000
0xB406,E43,gemma,ja,novel,dphi,5,0.0000
0xB406,E43,gemma,ja,novel,offset,5,0.0000
0xB406,E43,gemma,ja,novel,static,5,0.0000
0xB406,E43,random,es,novel,dphi,9,0.3333
0xB406,E43,random,es,novel,offset,9,0.1111
0xB406,E43,random,es,novel,static,9,0.0000
0xB406,E43,random,en,novel,dphi,9,0.0000
0xB406,E43,random,en,novel,offset,9,0.0000
0xB406,E43,random,en,novel,static,9,0.0000
0xB406,E43,random,fr,novel,dphi,9,0.2222
0xB406,E43,random,fr,novel,offset,9,0.2222
0xB406,E43,random,fr,novel,static,9,0.0000
0xB406,E43,random,ja,novel,dphi,5,0.0000
0xB406,E43,random,ja,novel,offset,5,0.0000
0xB406,E43,random,ja,novel,static,5,0.0000
0xB406,E44,qwen_aligned,es,novel,dphi,9,0.0000
0xB406,E44,qwen_aligned,es,novel,offset,9,0.0000
0xB406,E44,qwen_aligned,es,novel,static,9,0.0000
0xB406,E44,qwen_aligned,en,novel,dphi,9,0.0000
0xB406,E44,qwen_aligned,en,novel,offset,9,0.1111
0xB406,E44,qwen_aligned,en,novel,static,9,0.0000
0xB406,E44,qwen_aligned,fr,novel,dphi,9,0.1111
0xB406,E44,qwen_aligned,fr,novel,offset,9,0.0000
0xB406,E44,qwen_aligned,fr,novel,static,9,0.0000
0xB406,E44,qwen_aligned,ja,novel,dphi,5,0.0000
0xB406,E44,qwen_aligned,ja,novel,offset,5,0.0000
0xB406,E44,qwen_aligned,ja,novel,static,5,0.0000
0xB406,E44,random_aligned,es,novel,dphi,9,0.1111
0xB406,E44,random_aligned,es,novel,offset,9,0.1111
0xB406,E44,random_aligned,es,novel,static,9,0.0000
0xB406,E44,random_aligned,en,novel,dphi,9,0.1111
0xB406,E44,random_aligned,en,novel,offset,9,0.2222
0xB406,E44,random_aligned,en,novel,static,9,0.0000
0xB406,E44,random_aligned,fr,novel,dphi,9,0.1111
0xB406,E44,random_aligned,fr,novel,offset,9,0.3333
0xB406,E44,random_aligned,fr,novel,static,9,0.0000
0xB406,E44,random_aligned,ja,novel,dphi,5,0.0000
0xB406,E44,random_aligned,ja,novel,offset,5,0.0000
0xB406,E44,random_aligned,ja,novel,static,5,0.0000
0xB406,E44,gemma_aligned,es,novel,dphi,9,0.0000
0xB406,E44,gemma_aligned,es,novel,offset,9,0.2222
0xB406,E44,gemma_aligned,es,novel,static,9,0.0000
0xB406,E44,gemma_aligned,en,novel,dphi,9,0.0000
0xB406,E44,gemma_aligned,en,novel,offset,9,0.0000
0xB406,E44,gemma_aligned,en,novel,static,9,0.0000
0xB406,E44,gemma_aligned,fr,novel,dphi,9,0.1111
0xB406,E44,gemma_aligned,fr,novel,offset,9,0.2222
0xB406,E44,gemma_aligned,fr,novel,static,9,0.0000
0xB406,E44,gemma_aligned,ja,novel,dphi,5,0.0000
0xB406,E44,gemma_aligned,ja,novel,offset,5,0.0000
0xB406,E44,gemma_aligned,ja,novel,static,5,0.0000
0xB407,E43,gemma,es,novel,dphi,9,0.4444
0xB407,E43,gemma,es,novel,offset,9,0.3333
0xB407,E43,gemma,es,novel,static,9,0.0000
0xB407,E43,gemma,en,novel,dphi,9,0.0000
0xB407,E43,gemma,en,novel,offset,9,0.0000
0xB407,E43,gemma,en,novel,static,9,0.0000
0xB407,E43,gemma,fr,novel,dphi,9,0.1111
0xB407,E43,gemma,fr,novel,offset,9,0.2222
0xB407,E43,gemma,fr,novel,static,9,0.0000
0xB407,E43,gemma,ja,novel,dphi,6,0.0000
0xB407,E43,gemma,ja,novel,offset,6,0.0000
0xB407,E43,gemma,ja,novel,static,6,0.0000
0xB407,E43,random,es,novel,dphi,9,0.0000
0xB407,E43,random,es,novel,offset,9,0.0000
0xB407,E43,random,es,novel,static,9,0.0000
0xB407,E43,random,en,novel,dphi,9,0.2222
0xB407,E43,random,en,novel,offset,9,0.0000
0xB407,E43,random,en,novel,static,9,0.0000
0xB407,E43,random,fr,novel,dphi,9,0.4444
0xB407,E43,random,fr,novel,offset,9,0.1111
0xB407,E43,random,fr,novel,static,9,0.0000
0xB407,E43,random,ja,novel,dphi,6,0.1667
0xB407,E43,random,ja,novel,offset,6,0.1667
0xB407,E43,random,ja,novel,static,6,0.0000
0xB407,E44,qwen_aligned,es,novel,dphi,9,0.1111
0xB407,E44,qwen_aligned,es,novel,offset,9,0.1111
0xB407,E44,qwen_aligned,es,novel,static,9,0.0000
0xB407,E44,qwen_aligned,en,novel,dphi,9,0.0000
0xB407,E44,qwen_aligned,en,novel,offset,9,0.1111
0xB407,E44,qwen_aligned,en,novel,static,9,0.0000
0xB407,E44,qwen_aligned,fr,novel,dphi,9,0.0000
0xB407,E44,qwen_aligned,fr,novel,offset,9,0.0000
0xB407,E44,qwen_aligned,fr,novel,static,9,0.0000
0xB407,E44,qwen_aligned,ja,novel,dphi,6,0.0000
0xB407,E44,qwen_aligned,ja,novel,offset,6,0.0000
0xB407,E44,qwen_aligned,ja,novel,static,6,0.0000
0xB407,E44,random_aligned,es,novel,dphi,9,0.1111
0xB407,E44,random_aligned,es,novel,offset,9,0.1111
0xB407,E44,random_aligned,es,novel,static,9,0.0000
0xB407,E44,random_aligned,en,novel,dphi,9,0.1111
0xB407,E44,random_aligned,en,novel,offset,9,0.1111
0xB407,E44,random_aligned,en,novel,static,9,0.0000
0xB407,E44,random_aligned,fr,novel,dphi,9,0.0000
0xB407,E44,random_aligned,fr,novel,offset,9,0.1111
0xB407,E44,random_aligned,fr,novel,static,9,0.0000
0xB407,E44,random_aligned,ja,novel,dphi,6,0.1667
0xB407,E44,random_aligned,ja,novel,offset,6,0.0000
0xB407,E44,random_aligned,ja,novel,static,6,0.0000
0xB407,E44,gemma_aligned,es,novel,dphi,9,0.2222
0xB407,E44,gemma_aligned,es,novel,offset,9,0.3333
0xB407,E44,gemma_aligned,es,novel,static,9,0.0000
0xB407,E44,gemma_aligned,en,novel,dphi,9,0.0000
0xB407,E44,gemma_aligned,en,novel,offset,9,0.0000
0xB407,E44,gemma_aligned,en,novel,static,9,0.0000
0xB407,E44,gemma_aligned,fr,novel,dphi,9,0.1111
0xB407,E44,gemma_aligned,fr,novel,offset,9,0.1111
0xB407,E44,gemma_aligned,fr,novel,static,9,0.0000
0xB407,E44,gemma_aligned,ja,novel,dphi,6,0.0000
0xB407,E44,gemma_aligned,ja,novel,offset,6,0.0000
0xB407,E44,gemma_aligned,ja,novel,static,6,0.0000
0xB408,E43,gemma,es,novel,dphi,9,0.0000
0xB408,E43,gemma,es,novel,offset,9,0.2222
0xB408,E43,gemma,es,novel,static,9,0.0000
0xB408,E43,gemma,en,novel,dphi,9,0.0000
0xB408,E43,gemma,en,novel,offset,9,0.1111
0xB408,E43,gemma,en,novel,static,9,0.0000
0xB408,E43,gemma,fr,novel,dphi,8,0.0000
0xB408,E43,gemma,fr,novel,offset,8,0.0000
0xB408,E43,gemma,fr,novel,static,8,0.0000
0xB408,E43,gemma,ja,novel,dphi,6,0.0000
0xB408,E43,gemma,ja,novel,offset,6,0.0000
0xB408,E43,gemma,ja,novel,static,6,0.0000
0xB408,E43,random,es,novel,dphi,9,0.2222
0xB408,E43,random,es,novel,offset,9,0.1111
0xB408,E43,random,es,novel,static,9,0.0000
0xB408,E43,random,en,novel,dphi,9,0.0000
0xB408,E43,random,en,novel,offset,9,0.1111
0xB408,E43,random,en,novel,static,9,0.0000
0xB408,E43,random,fr,novel,dphi,8,0.1250
0xB408,E43,random,fr,novel,offset,8,0.1250
0xB408,E43,random,fr,novel,static,8,0.0000
0xB408,E43,random,ja,novel,dphi,6,0.0000
0xB408,E43,random,ja,novel,offset,6,0.0000
0xB408,E43,random,ja,novel,static,6,0.0000
0xB408,E44,qwen_aligned,es,novel,dphi,9,0.0000
0xB408,E44,qwen_aligned,es,novel,offset,9,0.0000
0xB408,E44,qwen_aligned,es,novel,static,9,0.0000
0xB408,E44,qwen_aligned,en,novel,dphi,9,0.0000
0xB408,E44,qwen_aligned,en,novel,offset,9,0.0000
0xB408,E44,qwen_aligned,en,novel,static,9,0.0000
0xB408,E44,qwen_aligned,fr,novel,dphi,8,0.0000
0xB408,E44,qwen_aligned,fr,novel,offset,8,0.0000
0xB408,E44,qwen_aligned,fr,novel,static,8,0.0000
0xB408,E44,qwen_aligned,ja,novel,dphi,6,0.1667
0xB408,E44,qwen_aligned,ja,novel,offset,6,0.0000
0xB408,E44,qwen_aligned,ja,novel,static,6,0.0000
0xB408,E44,random_aligned,es,novel,dphi,9,0.1111
0xB408,E44,random_aligned,es,novel,offset,9,0.0000
0xB408,E44,random_aligned,es,novel,static,9,0.0000
0xB408,E44,random_aligned,en,novel,dphi,9,0.1111
0xB408,E44,random_aligned,en,novel,offset,9,0.1111
0xB408,E44,random_aligned,en,novel,static,9,0.0000
0xB408,E44,random_aligned,fr,novel,dphi,8,0.0000
0xB408,E44,random_aligned,fr,novel,offset,8,0.1250
0xB408,E44,random_aligned,fr,novel,static,8,0.0000
0xB408,E44,random_aligned,ja,novel,dphi,6,0.0000
0xB408,E44,random_aligned,ja,novel,offset,6,0.0000
0xB408,E44,random_aligned,ja,novel,static,6,0.0000
0xB408,E44,gemma_aligned,es,novel,dphi,9,0.0000
0xB408,E44,gemma_aligned,es,novel,offset,9,0.1111
0xB408,E44,gemma_aligned,es,novel,static,9,0.0000
0xB408,E44,gemma_aligned,en,novel,dphi,9,0.0000
0xB408,E44,gemma_aligned,en,novel,offset,9,0.1111
0xB408,E44,gemma_aligned,en,novel,static,9,0.0000
0xB408,E44,gemma_aligned,fr,novel,dphi,8,0.0000
0xB408,E44,gemma_aligned,fr,novel,offset,8,0.0000
0xB408,E44,gemma_aligned,fr,novel,static,8,0.0000
0xB408,E44,gemma_aligned,ja,novel,dphi,6,0.0000
0xB408,E44,gemma_aligned,ja,novel,offset,6,0.0000
0xB408,E44,gemma_aligned,ja,novel,static,6,0.0000
0xB409,E43,gemma,es,novel,dphi,9,0.1111
0xB409,E43,gemma,es,novel,offset,9,0.0000
0xB409,E43,gemma,es,novel,static,9,0.0000
0xB409,E43,gemma,en,novel,dphi,9,0.1111
0xB409,E43,gemma,en,novel,offset,9,0.0000
0xB409,E43,gemma,en,novel,static,9,0.0000
0xB409,E43,gemma,fr,novel,dphi,9,0.0000
0xB409,E43,gemma,fr,novel,offset,9,0.1111
0xB409,E43,gemma,fr,novel,static,9,0.0000
0xB409,E43,gemma,ja,novel,dphi,6,0.0000
0xB409,E43,gemma,ja,novel,offset,6,0.1667
0xB409,E43,gemma,ja,novel,static,6,0.0000
0xB409,E43,random,es,novel,dphi,9,0.1111
0xB409,E43,random,es,novel,offset,9,0.1111
0xB409,E43,random,es,novel,static,9,0.0000
0xB409,E43,random,en,novel,dphi,9,0.1111
0xB409,E43,random,en,novel,offset,9,0.0000
0xB409,E43,random,en,novel,static,9,0.0000
0xB409,E43,random,fr,novel,dphi,9,0.1111
0xB409,E43,random,fr,novel,offset,9,0.2222
0xB409,E43,random,fr,novel,static,9,0.0000
0xB409,E43,random,ja,novel,dphi,6,0.0000
0xB409,E43,random,ja,novel,offset,6,0.0000
0xB409,E43,random,ja,novel,static,6,0.0000
0xB409,E44,qwen_aligned,es,novel,dphi,9,0.2222
0xB409,E44,qwen_aligned,es,novel,offset,9,0.2222
0xB409,E44,qwen_aligned,es,novel,static,9,0.0000
0xB409,E44,qwen_aligned,en,novel,dphi,9,0.0000
0xB409,E44,qwen_aligned,en,novel,offset,9,0.1111
0xB409,E44,qwen_aligned,en,novel,static,9,0.0000
0xB409,E44,qwen_aligned,fr,novel,dphi,9,0.0000
0xB409,E44,qwen_aligned,fr,novel,offset,9,0.1111
0xB409,E44,qwen_aligned,fr,novel,static,9,0.0000
0xB409,E44,qwen_aligned,ja,novel,dphi,6,0.0000
0xB409,E44,qwen_aligned,ja,novel,offset,6,0.0000
0xB409,E44,qwen_aligned,ja,novel,static,6,0.0000
0xB409,E44,random_aligned,es,novel,dphi,9,0.0000
0xB409,E44,random_aligned,es,novel,offset,9,0.2222
0xB409,E44,random_aligned,es,novel,static,9,0.0000
0xB409,E44,random_aligned,en,novel,dphi,9,0.2222
0xB409,E44,random_aligned,en,novel,offset,9,0.0000
0xB409,E44,random_aligned,en,novel,static,9,0.0000
0xB409,E44,random_aligned,fr,novel,dphi,9,0.0000
0xB409,E44,random_aligned,fr,novel,offset,9,0.0000
0xB409,E44,random_aligned,fr,novel,static,9,0.0000
0xB409,E44,random_aligned,ja,novel,dphi,6,0.0000
0xB409,E44,random_aligned,ja,novel,offset,6,0.0000
0xB409,E44,random_aligned,ja,novel,static,6,0.0000
0xB409,E44,gemma_aligned,es,novel,dphi,9,0.2222
0xB409,E44,gemma_aligned,es,novel,offset,9,0.0000
0xB409,E44,gemma_aligned,es,novel,static,9,0.0000
0xB409,E44,gemma_aligned,en,novel,dphi,9,0.1111
0xB409,E44,gemma_aligned,en,novel,offset,9,0.0000
0xB409,E44,gemma_aligned,en,novel,static,9,0.0000
0xB409,E44,gemma_aligned,fr,novel,dphi,9,0.0000
0xB409,E44,gemma_aligned,fr,novel,offset,9,0.1111
0xB409,E44,gemma_aligned,fr,novel,static,9,0.0000
0xB409,E44,gemma_aligned,ja,novel,dphi,6,0.0000
0xB409,E44,gemma_aligned,ja,novel,offset,6,0.1667
0xB409,E44,gemma_aligned,ja,novel,static,6,0.0000
0xB40A,E43,gemma,es,novel,dphi,9,0.0000
0xB40A,E43,gemma,es,novel,offset,9,0.2222
0xB40A,E43,gemma,es,novel,static,9,0.0000
0xB40A,E43,gemma,en,novel,dphi,9,0.1111
0xB40A,E43,gemma,en,novel,offset,9,0.2222
0xB40A,E43,gemma,en,novel,static,9,0.0000
0xB40A,E43,gemma,fr,novel,dphi,8,0.1250
0xB40A,E43,gemma,fr,novel,offset,8,0.3750
0xB40A,E43,gemma,fr,novel,static,8,0.0000
0xB40A,E43,gemma,ja,novel,dphi,7,0.1429
0xB40A,E43,gemma,ja,novel,offset,7,0.0000
0xB40A,E43,gemma,ja,novel,static,7,0.0000
0xB40A,E43,random,es,novel,dphi,9,0.3333
0xB40A,E43,random,es,novel,offset,9,0.1111
0xB40A,E43,random,es,novel,static,9,0.0000
0xB40A,E43,random,en,novel,dphi,9,0.1111
0xB40A,E43,random,en,novel,offset,9,0.3333
0xB40A,E43,random,en,novel,static,9,0.0000
0xB40A,E43,random,fr,novel,dphi,8,0.0000
0xB40A,E43,random,fr,novel,offset,8,0.2500
0xB40A,E43,random,fr,novel,static,8,0.0000
0xB40A,E43,random,ja,novel,dphi,7,0.1429
0xB40A,E43,random,ja,novel,offset,7,0.1429
0xB40A,E43,random,ja,novel,static,7,0.0000
0xB40A,E44,qwen_aligned,es,novel,dphi,9,0.2222
0xB40A,E44,qwen_aligned,es,novel,offset,9,0.2222
0xB40A,E44,qwen_aligned,es,novel,static,9,0.0000
0xB40A,E44,qwen_aligned,en,novel,dphi,9,0.0000
0xB40A,E44,qwen_aligned,en,novel,offset,9,0.0000
0xB40A,E44,qwen_aligned,en,novel,static,9,0.0000
0xB40A,E44,qwen_aligned,fr,novel,dphi,8,0.1250
0xB40A,E44,qwen_aligned,fr,novel,offset,8,0.1250
0xB40A,E44,qwen_aligned,fr,novel,static,8,0.0000
0xB40A,E44,qwen_aligned,ja,novel,dphi,7,0.0000
0xB40A,E44,qwen_aligned,ja,novel,offset,7,0.0000
0xB40A,E44,qwen_aligned,ja,novel,static,7,0.0000
0xB40A,E44,random_aligned,es,novel,dphi,9,0.0000
0xB40A,E44,random_aligned,es,novel,offset,9,0.0000
0xB40A,E44,random_aligned,es,novel,static,9,0.0000
0xB40A,E44,random_aligned,en,novel,dphi,9,0.1111
0xB40A,E44,random_aligned,en,novel,offset,9,0.2222
0xB40A,E44,random_aligned,en,novel,static,9,0.0000
0xB40A,E44,random_aligned,fr,novel,dphi,8,0.0000
0xB40A,E44,random_aligned,fr,novel,offset,8,0.0000
0xB40A,E44,random_aligned,fr,novel,static,8,0.0000
0xB40A,E44,random_aligned,ja,novel,dphi,7,0.1429
0xB40A,E44,random_aligned,ja,novel,offset,7,0.0000
0xB40A,E44,random_aligned,ja,novel,static,7,0.0000
0xB40A,E44,gemma_aligned,es,novel,dphi,9,0.1111
0xB40A,E44,gemma_aligned,es,novel,offset,9,0.2222
0xB40A,E44,gemma_aligned,es,novel,static,9,0.0000
0xB40A,E44,gemma_aligned,en,novel,dphi,9,0.0000
0xB40A,E44,gemma_aligned,en,novel,offset,9,0.2222
0xB40A,E44,gemma_aligned,en,novel,static,9,0.0000
0xB40A,E44,gemma_aligned,fr,novel,dphi,8,0.0000
0xB40A,E44,gemma_aligned,fr,novel,offset,8,0.2500
0xB40A,E44,gemma_aligned,fr,novel,static,8,0.0000
0xB40A,E44,gemma_aligned,ja,novel,dphi,7,0.0000
0xB40A,E44,gemma_aligned,ja,novel,offset,7,0.0000
0xB40A,E44,gemma_aligned,ja,novel,static,7,0.0000
0xB40B,E43,gemma,es,novel,dphi,9,0.2222
0xB40B,E43,gemma,es,novel,offset,9,0.2222
0xB40B,E43,gemma,es,novel,static,9,0.0000
0xB40B,E43,gemma,en,novel,dphi,9,0.0000
0xB40B,E43,gemma,en,novel,offset,9,0.1111
0xB40B,E43,gemma,en,novel,static,9,0.0000
0xB40B,E43,gemma,fr,novel,dphi,9,0.1111
0xB40B,E43,gemma,fr,novel,offset,9,0.2222
0xB40B,E43,gemma,fr,novel,static,9,0.0000
0xB40B,E43,gemma,ja,novel,dphi,7,0.1429
0xB40B,E43,gemma,ja,novel,offset,7,0.0000
0xB40B,E43,gemma,ja,novel,static,7,0.0000
0xB40B,E43,random,es,novel,dphi,9,0.1111
0xB40B,E43,random,es,novel,offset,9,0.1111
0xB40B,E43,random,es,novel,static,9,0.0000
0xB40B,E43,random,en,novel,dphi,9,0.2222
0xB40B,E43,random,en,novel,offset,9,0.2222
0xB40B,E43,random,en,novel,static,9,0.0000
0xB40B,E43,random,fr,novel,dphi,9,0.4444
0xB40B,E43,random,fr,novel,offset,9,0.3333
0xB40B,E43,random,fr,novel,static,9,0.0000
0xB40B,E43,random,ja,novel,dphi,7,0.0000
0xB40B,E43,random,ja,novel,offset,7,0.0000
0xB40B,E43,random,ja,novel,static,7,0.0000
0xB40B,E44,qwen_aligned,es,novel,dphi,9,0.1111
0xB40B,E44,qwen_aligned,es,novel,offset,9,0.2222
0xB40B,E44,qwen_aligned,es,novel,static,9,0.0000
0xB40B,E44,qwen_aligned,en,novel,dphi,9,0.1111
0xB40B,E44,qwen_aligned,en,novel,offset,9,0.1111
0xB40B,E44,qwen_aligned,en,novel,static,9,0.0000
0xB40B,E44,qwen_aligned,fr,novel,dphi,9,0.2222
0xB40B,E44,qwen_aligned,fr,novel,offset,9,0.0000
0xB40B,E44,qwen_aligned,fr,novel,static,9,0.0000
0xB40B,E44,qwen_aligned,ja,novel,dphi,7,0.0000
0xB40B,E44,qwen_aligned,ja,novel,offset,7,0.0000
0xB40B,E44,qwen_aligned,ja,novel,static,7,0.0000
0xB40B,E44,random_aligned,es,novel,dphi,9,0.1111
0xB40B,E44,random_aligned,es,novel,offset,9,0.1111
0xB40B,E44,random_aligned,es,novel,static,9,0.0000
0xB40B,E44,random_aligned,en,novel,dphi,9,0.1111
0xB40B,E44,random_aligned,en,novel,offset,9,0.2222
0xB40B,E44,random_aligned,en,novel,static,9,0.0000
0xB40B,E44,random_aligned,fr,novel,dphi,9,0.2222
0xB40B,E44,random_aligned,fr,novel,offset,9,0.0000
0xB40B,E44,random_aligned,fr,novel,static,9,0.0000
0xB40B,E44,random_aligned,ja,novel,dphi,7,0.0000
0xB40B,E44,random_aligned,ja,novel,offset,7,0.0000
0xB40B,E44,random_aligned,ja,novel,static,7,0.0000
0xB40B,E44,gemma_aligned,es,novel,dphi,9,0.2222
0xB40B,E44,gemma_aligned,es,novel,offset,9,0.2222
0xB40B,E44,gemma_aligned,es,novel,static,9,0.0000
0xB40B,E44,gemma_aligned,en,novel,dphi,9,0.0000
0xB40B,E44,gemma_aligned,en,novel,offset,9,0.1111
0xB40B,E44,gemma_aligned,en,novel,static,9,0.0000
0xB40B,E44,gemma_aligned,fr,novel,dphi,9,0.0000
0xB40B,E44,gemma_aligned,fr,novel,offset,9,0.1111
0xB40B,E44,gemma_aligned,fr,novel,static,9,0.0000
0xB40B,E44,gemma_aligned,ja,novel,dphi,7,0.1429
0xB40B,E44,gemma_aligned,ja,novel,offset,7,0.0000
0xB40B,E44,gemma_aligned,ja,novel,static,7,0.0000
0xB40C,E43,gemma,es,novel,dphi,9,0.3333
0xB40C,E43,gemma,es,novel,offset,9,0.4444
0xB40C,E43,gemma,es,novel,static,9,0.0000
0xB40C,E43,gemma,en,novel,dphi,9,0.0000
0xB40C,E43,gemma,en,novel,offset,9,0.1111
0xB40C,E43,gemma,en,novel,static,9,0.0000
0xB40C,E43,gemma,fr,novel,dphi,9,0.0000
0xB40C,E43,gemma,fr,novel,offset,9,0.2222
0xB40C,E43,gemma,fr,novel,static,9,0.0000
0xB40C,E43,gemma,ja,novel,dphi,6,0.0000
0xB40C,E43,gemma,ja,novel,offset,6,0.0000
0xB40C,E43,gemma,ja,novel,static,6,0.0000
0xB40C,E43,random,es,novel,dphi,9,0.1111
0xB40C,E43,random,es,novel,offset,9,0.1111
0xB40C,E43,random,es,novel,static,9,0.0000
0xB40C,E43,random,en,novel,dphi,9,0.0000
0xB40C,E43,random,en,novel,offset,9,0.1111
0xB40C,E43,random,en,novel,static,9,0.0000
0xB40C,E43,random,fr,novel,dphi,9,0.1111
0xB40C,E43,random,fr,novel,offset,9,0.1111
0xB40C,E43,random,fr,novel,static,9,0.0000
0xB40C,E43,random,ja,novel,dphi,6,0.0000
0xB40C,E43,random,ja,novel,offset,6,0.0000
0xB40C,E43,random,ja,novel,static,6,0.0000
0xB40C,E44,qwen_aligned,es,novel,dphi,9,0.1111
0xB40C,E44,qwen_aligned,es,novel,offset,9,0.0000
0xB40C,E44,qwen_aligned,es,novel,static,9,0.0000
0xB40C,E44,qwen_aligned,en,novel,dphi,9,0.0000
0xB40C,E44,qwen_aligned,en,novel,offset,9,0.0000
0xB40C,E44,qwen_aligned,en,novel,static,9,0.0000
0xB40C,E44,qwen_aligned,fr,novel,dphi,9,0.0000
0xB40C,E44,qwen_aligned,fr,novel,offset,9,0.1111
0xB40C,E44,qwen_aligned,fr,novel,static,9,0.0000
0xB40C,E44,qwen_aligned,ja,novel,dphi,6,0.0000
0xB40C,E44,qwen_aligned,ja,novel,offset,6,0.1667
0xB40C,E44,qwen_aligned,ja,novel,static,6,0.0000
0xB40C,E44,random_aligned,es,novel,dphi,9,0.0000
0xB40C,E44,random_aligned,es,novel,offset,9,0.3333
0xB40C,E44,random_aligned,es,novel,static,9,0.0000
0xB40C,E44,random_aligned,en,novel,dphi,9,0.1111
0xB40C,E44,random_aligned,en,novel,offset,9,0.2222
0xB40C,E44,random_aligned,en,novel,static,9,0.0000
0xB40C,E44,random_aligned,fr,novel,dphi,9,0.2222
0xB40C,E44,random_aligned,fr,novel,offset,9,0.1111
0xB40C,E44,random_aligned,fr,novel,static,9,0.0000
0xB40C,E44,random_aligned,ja,novel,dphi,6,0.0000
0xB40C,E44,random_aligned,ja,novel,offset,6,0.0000
0xB40C,E44,random_aligned,ja,novel,static,6,0.0000
0xB40C,E44,gemma_aligned,es,novel,dphi,9,0.3333
0xB40C,E44,gemma_aligned,es,novel,offset,9,0.5556
0xB40C,E44,gemma_aligned,es,novel,static,9,0.0000
0xB40C,E44,gemma_aligned,en,novel,dphi,9,0.0000
0xB40C,E44,gemma_aligned,en,novel,offset,9,0.1111
0xB40C,E44,gemma_aligned,en,novel,static,9,0.0000
0xB40C,E44,gemma_aligned,fr,novel,dphi,9,0.0000
0xB40C,E44,gemma_aligned,fr,novel,offset,9,0.2222
0xB40C,E44,gemma_aligned,fr,novel,static,9,0.0000
0xB40C,E44,gemma_aligned,ja,novel,dphi,6,0.0000
0xB40C,E44,gemma_aligned,ja,novel,offset,6,0.0000
0xB40C,E44,gemma_aligned,ja,novel,static,6,0.0000
0xB40D,E43,gemma,es,novel,dphi,9,0.0000
0xB40D,E43,gemma,es,novel,offset,9,0.3333
0xB40D,E43,gemma,es,novel,static,9,0.0000
0xB40D,E43,gemma,en,novel,dphi,9,0.1111
0xB40D,E43,gemma,en,novel,offset,9,0.1111
0xB40D,E43,gemma,en,novel,static,9,0.0000
0xB40D,E43,gemma,fr,novel,dphi,8,0.1250
0xB40D,E43,gemma,fr,novel,offset,8,0.2500
0xB40D,E43,gemma,fr,novel,static,8,0.0000
0xB40D,E43,gemma,ja,novel,dphi,5,0.0000
0xB40D,E43,gemma,ja,novel,offset,5,0.0000
0xB40D,E43,gemma,ja,novel,static,5,0.0000
0xB40D,E43,random,es,novel,dphi,9,0.1111
0xB40D,E43,random,es,novel,offset,9,0.0000
0xB40D,E43,random,es,novel,static,9,0.0000
0xB40D,E43,random,en,novel,dphi,9,0.0000
0xB40D,E43,random,en,novel,offset,9,0.0000
0xB40D,E43,random,en,novel,static,9,0.0000
0xB40D,E43,random,fr,novel,dphi,8,0.0000
0xB40D,E43,random,fr,novel,offset,8,0.0000
0xB40D,E43,random,fr,novel,static,8,0.0000
0xB40D,E43,random,ja,novel,dphi,5,0.2000
0xB40D,E43,random,ja,novel,offset,5,0.0000
0xB40D,E43,random,ja,novel,static,5,0.0000
0xB40D,E44,qwen_aligned,es,novel,dphi,9,0.0000
0xB40D,E44,qwen_aligned,es,novel,offset,9,0.2222
0xB40D,E44,qwen_aligned,es,novel,static,9,0.0000
0xB40D,E44,qwen_aligned,en,novel,dphi,9,0.1111
0xB40D,E44,qwen_aligned,en,novel,offset,9,0.1111
0xB40D,E44,qwen_aligned,en,novel,static,9,0.0000
0xB40D,E44,qwen_aligned,fr,novel,dphi,8,0.0000
0xB40D,E44,qwen_aligned,fr,novel,offset,8,0.2500
0xB40D,E44,qwen_aligned,fr,novel,static,8,0.0000
0xB40D,E44,qwen_aligned,ja,novel,dphi,5,0.0000
0xB40D,E44,qwen_aligned,ja,novel,offset,5,0.0000
0xB40D,E44,qwen_aligned,ja,novel,static,5,0.0000
0xB40D,E44,random_aligned,es,novel,dphi,9,0.0000
0xB40D,E44,random_aligned,es,novel,offset,9,0.1111
0xB40D,E44,random_aligned,es,novel,static,9,0.0000
0xB40D,E44,random_aligned,en,novel,dphi,9,0.0000
0xB40D,E44,random_aligned,en,novel,offset,9,0.2222
0xB40D,E44,random_aligned,en,novel,static,9,0.0000
0xB40D,E44,random_aligned,fr,novel,dphi,8,0.0000
0xB40D,E44,random_aligned,fr,novel,offset,8,0.0000
0xB40D,E44,random_aligned,fr,novel,static,8,0.0000
0xB40D,E44,random_aligned,ja,novel,dphi,5,0.0000
0xB40D,E44,random_aligned,ja,novel,offset,5,0.0000
0xB40D,E44,random_aligned,ja,novel,static,5,0.0000
0xB40D,E44,gemma_aligned,es,novel,dphi,9,0.1111
0xB40D,E44,gemma_aligned,es,novel,offset,9,0.3333
0xB40D,E44,gemma_aligned,es,novel,static,9,0.0000
0xB40D,E44,gemma_aligned,en,novel,dphi,9,0.2222
0xB40D,E44,gemma_aligned,en,novel,offset,9,0.1111
0xB40D,E44,gemma_aligned,en,novel,static,9,0.0000
0xB40D,E44,gemma_aligned,fr,novel,dphi,8,0.1250
0xB40D,E44,gemma_aligned,fr,novel,offset,8,0.1250
0xB40D,E44,gemma_aligned,fr,novel,static,8,0.0000
0xB40D,E44,gemma_aligned,ja,novel,dphi,5,0.0000
0xB40D,E44,gemma_aligned,ja,novel,offset,5,0.0000
0xB40D,E44,gemma_aligned,ja,novel,static,5,0.0000
0xB40E,E43,gemma,es,novel,dphi,9,0.0000
0xB40E,E43,gemma,es,novel,offset,9,0.2222
0xB40E,E43,gemma,es,novel,static,9,0.0000
0xB40E,E43,gemma,en,novel,dphi,9,0.0000
0xB40E,E43,gemma,en,novel,offset,9,0.0000
0xB40E,E43,gemma,en,novel,static,9,0.0000
0xB40E,E43,gemma,fr,novel,dphi,9,0.0000
0xB40E,E43,gemma,fr,novel,offset,9,0.1111
0xB40E,E43,gemma,fr,novel,static,9,0.0000
0xB40E,E43,gemma,ja,novel,dphi,8,0.0000
0xB40E,E43,gemma,ja,novel,offset,8,0.0000
0xB40E,E43,gemma,ja,novel,static,8,0.0000
0xB40E,E43,random,es,novel,dphi,9,0.1111
0xB40E,E43,random,es,novel,offset,9,0.0000
0xB40E,E43,random,es,novel,static,9,0.0000
0xB40E,E43,random,en,novel,dphi,9,0.1111
0xB40E,E43,random,en,novel,offset,9,0.1111
0xB40E,E43,random,en,novel,static,9,0.0000
0xB40E,E43,random,fr,novel,dphi,9,0.0000
0xB40E,E43,random,fr,novel,offset,9,0.1111
0xB40E,E43,random,fr,novel,static,9,0.0000
0xB40E,E43,random,ja,novel,dphi,8,0.0000
0xB40E,E43,random,ja,novel,offset,8,0.0000
0xB40E,E43,random,ja,novel,static,8,0.0000
0xB40E,E44,qwen_aligned,es,novel,dphi,9,0.1111
0xB40E,E44,qwen_aligned,es,novel,offset,9,0.1111
0xB40E,E44,qwen_aligned,es,novel,static,9,0.0000
0xB40E,E44,qwen_aligned,en,novel,dphi,9,0.0000
0xB40E,E44,qwen_aligned,en,novel,offset,9,0.0000
0xB40E,E44,qwen_aligned,en,novel,static,9,0.0000
0xB40E,E44,qwen_aligned,fr,novel,dphi,9,0.0000
0xB40E,E44,qwen_aligned,fr,novel,offset,9,0.1111
0xB40E,E44,qwen_aligned,fr,novel,static,9,0.0000
0xB40E,E44,qwen_aligned,ja,novel,dphi,8,0.0000
0xB40E,E44,qwen_aligned,ja,novel,offset,8,0.1250
0xB40E,E44,qwen_aligned,ja,novel,static,8,0.0000
0xB40E,E44,random_aligned,es,novel,dphi,9,0.2222
0xB40E,E44,random_aligned,es,novel,offset,9,0.4444
0xB40E,E44,random_aligned,es,novel,static,9,0.0000
0xB40E,E44,random_aligned,en,novel,dphi,9,0.0000
0xB40E,E44,random_aligned,en,novel,offset,9,0.1111
0xB40E,E44,random_aligned,en,novel,static,9,0.0000
0xB40E,E44,random_aligned,fr,novel,dphi,9,0.1111
0xB40E,E44,random_aligned,fr,novel,offset,9,0.1111
0xB40E,E44,random_aligned,fr,novel,static,9,0.0000
0xB40E,E44,random_aligned,ja,novel,dphi,8,0.0000
0xB40E,E44,random_aligned,ja,novel,offset,8,0.0000
0xB40E,E44,random_aligned,ja,novel,static,8,0.0000
0xB40E,E44,gemma_aligned,es,novel,dphi,9,0.0000
0xB40E,E44,gemma_aligned,es,novel,offset,9,0.2222
0xB40E,E44,gemma_aligned,es,novel,static,9,0.0000
0xB40E,E44,gemma_aligned,en,novel,dphi,9,0.0000
0xB40E,E44,gemma_aligned,en,novel,offset,9,0.0000
0xB40E,E44,gemma_aligned,en,novel,static,9,0.0000
0xB40E,E44,gemma_aligned,fr,novel,dphi,9,0.0000
0xB40E,E44,gemma_aligned,fr,novel,offset,9,0.0000
0xB40E,E44,gemma_aligned,fr,novel,static,9,0.0000
0xB40E,E44,gemma_aligned,ja,novel,dphi,8,0.0000
0xB40E,E44,gemma_aligned,ja,novel,offset,8,0.0000
0xB40E,E44,gemma_aligned,ja,novel,static,8,0.0000
0xB40F,E43,gemma,es,novel,dphi,9,0.2222
0xB40F,E43,gemma,es,novel,offset,9,0.3333
0xB40F,E43,gemma,es,novel,static,9,0.0000
0xB40F,E43,gemma,en,novel,dphi,9,0.3333
0xB40F,E43,gemma,en,novel,offset,9,0.1111
0xB40F,E43,gemma,en,novel,static,9,0.0000
0xB40F,E43,gemma,fr,novel,dphi,9,0.0000
0xB40F,E43,gemma,fr,novel,offset,9,0.2222
0xB40F,E43,gemma,fr,novel,static,9,0.0000
0xB40F,E43,gemma,ja,novel,dphi,5,0.0000
0xB40F,E43,gemma,ja,novel,offset,5,0.0000
0xB40F,E43,gemma,ja,novel,static,5,0.0000
0xB40F,E43,random,es,novel,dphi,9,0.1111
0xB40F,E43,random,es,novel,offset,9,0.0000
0xB40F,E43,random,es,novel,static,9,0.0000
0xB40F,E43,random,en,novel,dphi,9,0.0000
0xB40F,E43,random,en,novel,offset,9,0.1111
0xB40F,E43,random,en,novel,static,9,0.0000
0xB40F,E43,random,fr,novel,dphi,9,0.2222
0xB40F,E43,random,fr,novel,offset,9,0.0000
0xB40F,E43,random,fr,novel,static,9,0.0000
0xB40F,E43,random,ja,novel,dphi,5,0.0000
0xB40F,E43,random,ja,novel,offset,5,0.0000
0xB40F,E43,random,ja,novel,static,5,0.0000
0xB40F,E44,qwen_aligned,es,novel,dphi,9,0.3333
0xB40F,E44,qwen_aligned,es,novel,offset,9,0.2222
0xB40F,E44,qwen_aligned,es,novel,static,9,0.0000
0xB40F,E44,qwen_aligned,en,novel,dphi,9,0.1111
0xB40F,E44,qwen_aligned,en,novel,offset,9,0.1111
0xB40F,E44,qwen_aligned,en,novel,static,9,0.0000
0xB40F,E44,qwen_aligned,fr,novel,dphi,9,0.1111
0xB40F,E44,qwen_aligned,fr,novel,offset,9,0.1111
0xB40F,E44,qwen_aligned,fr,novel,static,9,0.0000
0xB40F,E44,qwen_aligned,ja,novel,dphi,5,0.2000
0xB40F,E44,qwen_aligned,ja,novel,offset,5,0.4000
0xB40F,E44,qwen_aligned,ja,novel,static,5,0.0000
0xB40F,E44,random_aligned,es,novel,dphi,9,0.0000
0xB40F,E44,random_aligned,es,novel,offset,9,0.1111
0xB40F,E44,random_aligned,es,novel,static,9,0.0000
0xB40F,E44,random_aligned,en,novel,dphi,9,0.1111
0xB40F,E44,random_aligned,en,novel,offset,9,0.3333
0xB40F,E44,random_aligned,en,novel,static,9,0.0000
0xB40F,E44,random_aligned,fr,novel,dphi,9,0.0000
0xB40F,E44,random_aligned,fr,novel,offset,9,0.1111
0xB40F,E44,random_aligned,fr,novel,static,9,0.0000
0xB40F,E44,random_aligned,ja,novel,dphi,5,0.0000
0xB40F,E44,random_aligned,ja,novel,offset,5,0.2000
0xB40F,E44,random_aligned,ja,novel,static,5,0.0000
0xB40F,E44,gemma_aligned,es,novel,dphi,9,0.2222
0xB40F,E44,gemma_aligned,es,novel,offset,9,0.3333
0xB40F,E44,gemma_aligned,es,novel,static,9,0.0000
0xB40F,E44,gemma_aligned,en,novel,dphi,9,0.2222
0xB40F,E44,gemma_aligned,en,novel,offset,9,0.1111
0xB40F,E44,gemma_aligned,en,novel,static,9,0.0000
0xB40F,E44,gemma_aligned,fr,novel,dphi,9,0.0000
0xB40F,E44,gemma_aligned,fr,novel,offset,9,0.1111
0xB40F,E44,gemma_aligned,fr,novel,static,9,0.0000
0xB40F,E44,gemma_aligned,ja,novel,dphi,5,0.0000
0xB40F,E44,gemma_aligned,ja,novel,offset,5,0.0000
0xB40F,E44,gemma_aligned,ja,novel,static,5,0.0000
