experiment,seed,commit,rule,mode,cos_dyn,cos_static,cos_linear,cos_nn,cos_table,mse,rel_err,energy,stability,experience_gain,leakage,train_n,dev_n,test_n,test_sha256,hyperparam_lock,contamination,steps,verdict,field_only,notes
FASE_A_cleanroom_field_only,0xB300,ce282a2,,MODE_2_DYNAMIC_FIELD,0.000000,0.000000,0.000000,0.000000,0.000000,0.000000,0.000000,0.000000,0.000000,0.000000,0,0,0,0,,LOCKED,CLEAN,0,POSITIVE,true,"clean-room defaults: random init, CDT empty, RQM/NN/table/attractor OFF; leakage=0"
E18_reinforced_rule_learning,0xB300,ce282a2,translation,MODE_2_DYNAMIC_FIELD,0.991027,0.696669,0.984972,0.971132,0.000000,0.000748,0.132750,1.000000,0.999977,0.000000,0,80,20,24,e751ff9e0e5d6d92ce276f7866a1b3c035da61a3a7787aacab4e216b339cbe18,LOCKED,CLEAN,1555597,POSITIVE,true,"v3.7 SoftScale-train + Relative-static-probe; continuous T; X_new/B_new outside train; MSE=0.0007 rel=0.1328 energy=1.0000 stab=1.0000; path=input→FieldEncoder→D_phi→output; leak=0"
E18C_cdt_conditions_C0_C6,0xB3C0,ce282a2,rotation,MODE_3_DYNAMIC_PLUS_CDT_TRAINING,0.427036,0.616636,0.698577,0.762624,0.000000,0.047747,1.065723,1.000000,0.999914,-0.236105,0,80,20,24,07a061ce993a9d57507bf261ab45df60259f63a99aa5ecc3b029db1f1e4e5284,LOCKED,CLEAN,1751614,PARTIAL,true,"C0=0.427 C1=0.427 C2=0.191 C3=0.522 C4=0.224 C5=0.560 C6=0.484; gain=-0.236; FIELD_ONLY eval queries=0"
E19_provenance_audit,0xBD19,ce282a2,translation,MODE_2_DYNAMIC_FIELD,0.844481,0.609426,0.392206,0.679650,0.000000,0.012960,0.551371,1.000000,0.999466,0.000000,0,80,20,24,1dd04456ae51bb5e56fdc4ba1399e0a535a170d68cca63ddecc3005b2e3540b1,LOCKED,CLEAN,1523325,PARTIAL,true,"flags train/dev/cdt/rqm/attr/table/nn/equiv=0/0/0/0/0/0/0/0; queries cdt/rqm/table/nn/attr=0/0/0/0/0; leak=0"
E20_rule_vs_trajectory_antimem,0xB300,ce282a2,translation,MODE_2_DYNAMIC_FIELD,0.991592,0.991279,0.928134,0.929831,0.000000,0.000701,0.125133,1.000000,0.999913,0.000000,0,80,20,24,ae73490030526a56ec5cef1dac20bbab2c4848ffdf6e65a3f3c9a7f227db38fe,LOCKED,CLEAN,1745816,PARTIAL,true,"rule_cos=0.992 traj_cos=0.983 anti_cos=0.919; antimem_drop=0.072"
E21_interpolation_vs_extrapolation,0xB300,ce282a2,translation_param,MODE_2_DYNAMIC_FIELD,0.940159,0.269024,0.851578,0.690049,0.000000,0.004987,0.338580,1.000000,0.999800,0.000000,0,108,20,24,619457aeaba87c41a39e590d40eca3e867801131f1425b16cef60750f3014f1e,LOCKED,CLEAN,1932248,STRONG_POSITIVE,true,"v3.5 SoftScale-train + Relative-static-probe; interp_cos=0.993 extrap_cos=0.940 static_rel=0.269 (dx denser + multifamily; train dx in [-2,2] test dx=3; n_train=108)"
E22_composition_rqm_off,0xB300,ce282a2,compose,MODE_2_DYNAMIC_FIELD,0.658635,0.571588,0.677151,0.470516,0.000000,4.270553,0.823308,1.000000,0.999984,0.000000,0,120,0,24,9186abb14354eb41f669b30bc43b732714a126a6e9a92b10959188e5a71ce887,LOCKED,CLEAN,2170047,NULL,true,"v3.7 mid-agree-gated hop2|shot(0/24) + disagree-lin∩mlp + Relative-static SoftScale-dyn RQM-OFF cos=0.659 static_rel=0.572 step1=0.730 pt_err=4.271; oracle-mid=0.591; soft-hybrid-diag=0.604; single-shot=0.659; linear=0.677 nn=0.471 table=0.000"
E23_rollout_no_teacher_forcing,0xB300,ce282a2,translation,MODE_2_DYNAMIC_FIELD,0.428940,0.000000,0.000000,0.000000,0.000000,0.000000,0.000000,1.000000,0.734622,0.000000,0,80,0,24,b3610b79c95271804375362ff1db256a7f77cd061da2d4420242e21b03459b77,LOCKED,CLEAN,1447298,PARTIAL,true,"horizons [1, 2, 4, 8, 16, 32, 64] cos [0.9971541479110595, 0.9883068568635135, 0.9430200614720561, 0.7346221443157702, 0.41723902467368124, 0.42016260977339887, 0.4289404355869677] energy [1.0, 1.0, 1.0, 1.0, 1.0000000000000002, 0.9999999999999999, 0.9999999999999999] (v3.6: shared v3.5 mix retained; pure step eval; no TF; E22-focused levers)"
E24_static_vs_dynamic_paired,0xB300,ce282a2,,MODE_2_DYNAMIC_FIELD,0.992467,0.433685,0.883453,0.829062,0.000000,0.000628,0.122205,1.000000,0.999916,0.000000,0,80,0,24,6d92c6fd4ffe124dcda895639d4c43332a990fdfc27f7daa4887748a522ff5d5,LOCKED,CLEAN,1556309,POSITIVE,true,"v3.7 SoftScale-dyn + Relative-static; delta_mean=0.5588 median=0.5747 std=0.3059 bootstrap95%=[0.4311,0.6955] effect≈1.827; static=NO_ACTION"
E25_central_experience_cdt_cycle,0x515B,ce282a2,scaling,MODE_2_DYNAMIC_FIELD,0.607118,0.342708,0.477072,0.273517,0.000000,0.032740,0.858239,1.000000,0.999785,-0.274401,0,80,20,24,2ac09ace3a9353b981ca1109280fe09400d5226c5620b6cff29b0a61792acd5d,LOCKED,CLEAN,1751837,PARTIAL,true,"cycle E→CDT→D_phi→Y_new; with_exp=0.607 without=0.882 gain=-0.274; Y_new_unstored=true; memories OFF at eval"
E26_experience_ablation_A_G,0xBDE6,ce282a2,rotation,MODE_3_DYNAMIC_PLUS_CDT_TRAINING,0.572855,0.507332,0.596259,0.616158,0.000000,0.035595,0.849432,1.000000,0.999753,-0.353842,0,80,20,24,b49a3052dbb212e56828c500c6f7324da85243eb866f6cfe6e6783a19f267685,LOCKED,CLEAN,1738820,PARTIAL,true,"ablations A=no-exp B=unconsol C=consol D=corrupt E=irrelevant F=other-rule G=stats-only; C0=0.573 C1=0.573 C2=0.219 C3=0.269 C4=0.425 C5=0.271 C6=0.513; gain=-0.354; FIELD_ONLY eval queries=0"
E27_rule_transfer,0xB300,ce282a2,transfer_translation,MODE_2_DYNAMIC_FIELD,0.945308,0.710012,0.000000,0.000000,0.000000,0.000000,0.000000,0.000000,0.000000,0.000000,0,0,0,0,7d8e1325fe55f6b5fb70f47c33bb65271d521e47e6cdee4c62f8a45c28a5fce4,LOCKED,CLEAN,1179142,STRONG_POSITIVE,true,"B1=0.945 B2=0.862 B3=0.980; targets never in consolidation"
E28_continual_forgetting,0xB300,ce282a2,,MODE_3_DYNAMIC_PLUS_CDT_TRAINING,0.977128,0.000000,0.000000,0.000000,0.000000,0.000000,0.000000,0.000000,0.000000,0.000000,0,0,0,0,,LOCKED,CLEAN,2432181,PARTIAL,true,"R1..R4 retention [0.9953339329769947, 0.9135290833845439, 0.9997602478623708, 0.9998887173357999] forgetting=-0.005; CDT regularity replay"
E29_causal_intervention,0xB300,ce282a2,,,0.971995,0.987500,0.000000,0.000000,0.000000,0.000000,0.000000,0.000000,0.000000,0.000000,0,0,0,0,57f3df83253e226eabc6f5a3e8805e0f815b8a39fc43222ef31f47ccedb29d5b,LOCKED,CLEAN,0,PARTIAL,true,"baseline=0.972 targeted=0.761 random=0.973 rollback=0.972; drop_t=0.211 drop_r=-0.001 rollback_ok=true"
E30_serialize_reload_persistence,0xB300,ce282a2,,,0.986849,0.966680,0.000000,0.000000,0.000000,0.000000,0.000000,0.000000,0.000000,0.000000,0,0,0,0,eaa906de8a00de94161ed3c63d3b4e00ff584dba0e1dc6b75695edd1628a111e,LOCKED,CLEAN,0,PARTIAL,true,"P0(enc+dyn+cdt)=0.987 P1(enc+dyn)=0.987 P2(dyn+fresh_enc)=0.654 P3(cdt_stats)=0.967; in-process serialize/reload; OS restart deferred"
FASE_A_cleanroom_field_only,0xB301,ce282a2,,MODE_2_DYNAMIC_FIELD,0.000000,0.000000,0.000000,0.000000,0.000000,0.000000,0.000000,0.000000,0.000000,0.000000,0,0,0,0,,LOCKED,CLEAN,0,POSITIVE,true,"clean-room defaults: random init, CDT empty, RQM/NN/table/attractor OFF; leakage=0"
E18_reinforced_rule_learning,0xB301,ce282a2,translation,MODE_2_DYNAMIC_FIELD,0.931584,0.661441,0.940476,0.898268,0.000000,0.005701,0.365543,1.000000,0.999851,0.000000,0,80,20,24,3e637d1e20c109ad3ba0dea7b38540326d7da14edf0da1f73d56a5e2e8cf52b5,LOCKED,CLEAN,1494658,STRONG_POSITIVE,true,"v3.7 SoftScale-train + Relative-static-probe; continuous T; X_new/B_new outside train; MSE=0.0057 rel=0.3655 energy=1.0000 stab=0.9999; path=input→FieldEncoder→D_phi→output; leak=0"
E18C_cdt_conditions_C0_C6,0xB3C1,ce282a2,rotation,MODE_3_DYNAMIC_PLUS_CDT_TRAINING,0.350770,0.504707,-0.110504,-0.123138,0.000000,0.054103,1.108867,1.000000,0.999968,0.333340,0,80,20,24,79819b86980454449eba41f0883888512d34d6a8ed2363980e92e32d5720413b,LOCKED,CLEAN,1738644,PARTIAL,true,"C0=0.351 C1=0.351 C2=0.684 C3=0.617 C4=0.576 C5=0.585 C6=0.489; gain=0.333; FIELD_ONLY eval queries=0"
E19_provenance_audit,0xBD18,ce282a2,translation,MODE_2_DYNAMIC_FIELD,0.937050,0.439000,0.863546,0.829913,0.000000,0.005246,0.352783,1.000000,0.999898,0.000000,0,80,20,24,8d4fde4625e6924829b686dfb954862fab20a7d45c6e1e7f04e1b53d22c07b08,LOCKED,CLEAN,1551400,STRONG_POSITIVE,true,"flags train/dev/cdt/rqm/attr/table/nn/equiv=0/0/0/0/0/0/0/0; queries cdt/rqm/table/nn/attr=0/0/0/0/0; leak=0"
E20_rule_vs_trajectory_antimem,0xB301,ce282a2,translation,MODE_2_DYNAMIC_FIELD,0.990416,0.990069,0.935053,0.882612,0.000000,0.000799,0.137824,1.000000,0.999907,0.000000,0,80,20,24,43a04f23fe22b335af6d437828a4fd42e1c14d0884c92db5d8c9d1e7d0040b93,LOCKED,CLEAN,1750610,PARTIAL,true,"rule_cos=0.990 traj_cos=0.997 anti_cos=0.989; antimem_drop=0.001"
E21_interpolation_vs_extrapolation,0xB301,ce282a2,translation_param,MODE_2_DYNAMIC_FIELD,0.985186,0.495338,0.819982,0.791787,0.000000,0.001235,0.169896,1.000000,0.999805,0.000000,0,108,20,24,050a7fb9ee12befd31c515e38dda4bdd08db60c7b2ff0ea2e9c3e535a6f0cc07,LOCKED,CLEAN,1939054,STRONG_POSITIVE,true,"v3.5 SoftScale-train + Relative-static-probe; interp_cos=0.994 extrap_cos=0.985 static_rel=0.495 (dx denser + multifamily; train dx in [-2,2] test dx=3; n_train=108)"
E22_composition_rqm_off,0xB301,ce282a2,compose,MODE_2_DYNAMIC_FIELD,0.715498,0.402308,0.943525,0.895556,0.000000,3.109716,0.753481,1.000000,0.999986,0.000000,0,120,0,24,9766d9b3d0879f8bfba53f2234bddd6cbb7f8903f800182a5ace06851b2e8df0,LOCKED,CLEAN,2148632,PARTIAL,true,"v3.7 mid-agree-gated hop2|shot(0/24) + disagree-lin∩mlp + Relative-static SoftScale-dyn RQM-OFF cos=0.715 static_rel=0.402 step1=0.815 pt_err=3.110; oracle-mid=0.591; soft-hybrid-diag=0.563; single-shot=0.715; linear=0.944 nn=0.896 table=0.000"
E23_rollout_no_teacher_forcing,0xB301,ce282a2,translation,MODE_2_DYNAMIC_FIELD,0.869375,0.000000,0.000000,0.000000,0.000000,0.000000,0.000000,1.000000,0.551536,0.000000,0,80,0,24,6217bceaff4d23885585c21427329cbd02b3a245b37acb6dc2e47634802126c0,LOCKED,CLEAN,1444874,POSITIVE,true,"horizons [1, 2, 4, 8, 16, 32, 64] cos [0.9957719248346253, 0.9842883306514322, 0.9304385047448229, 0.5515357126087576, 0.13705881154700938, 0.7969814674283594, 0.8693754532186508] energy [1.0, 1.0, 1.0, 1.0, 1.0, 1.0, 1.0] (v3.6: shared v3.5 mix retained; pure step eval; no TF; E22-focused levers)"
E24_static_vs_dynamic_paired,0xB301,ce282a2,,MODE_2_DYNAMIC_FIELD,0.985879,0.607553,0.947016,0.888474,0.000000,0.001177,0.167372,1.000000,0.999971,0.000000,0,80,0,24,c344a27232a6935c508a579e30e6f41e5af51e96ebad1042ed9da1b324a8afb4,LOCKED,CLEAN,1565474,POSITIVE,true,"v3.7 SoftScale-dyn + Relative-static; delta_mean=0.3783 median=0.3305 std=0.1905 bootstrap95%=[0.3088,0.4540] effect≈1.986; static=NO_ACTION"
E25_central_experience_cdt_cycle,0x515A,ce282a2,scaling,MODE_2_DYNAMIC_FIELD,0.533351,0.569928,0.460038,0.301118,0.000000,0.038887,0.940644,1.000000,0.999826,-0.096072,0,80,20,24,87b4ef13358db1b7e0f39e5eb2d231af4543f6e9ccc25b6b742631872ee7c1d8,LOCKED,CLEAN,1749044,PARTIAL,true,"cycle E→CDT→D_phi→Y_new; with_exp=0.533 without=0.629 gain=-0.096; Y_new_unstored=true; memories OFF at eval"
E26_experience_ablation_A_G,0xBDE7,ce282a2,rotation,MODE_3_DYNAMIC_PLUS_CDT_TRAINING,0.641373,0.545527,0.677870,0.757221,0.000000,0.029886,0.827737,1.000000,0.999830,-0.044518,0,80,20,24,13285fa11f97fbd5c00df9660f323da3b2e35c7da40a2cb6595604fb89a1b77f,LOCKED,CLEAN,1765224,PARTIAL,true,"ablations A=no-exp B=unconsol C=consol D=corrupt E=irrelevant F=other-rule G=stats-only; C0=0.641 C1=0.641 C2=0.597 C3=0.525 C4=0.368 C5=0.524 C6=0.773; gain=-0.045; FIELD_ONLY eval queries=0"
E27_rule_transfer,0xB301,ce282a2,transfer_translation,MODE_2_DYNAMIC_FIELD,0.881520,0.834225,0.000000,0.000000,0.000000,0.000000,0.000000,0.000000,0.000000,0.000000,0,0,0,0,bf2a759e6f40a6172604d9c70bc03418e76325bec9e4bc2d3e482923d547d629,LOCKED,CLEAN,1157751,NULL,true,"B1=0.882 B2=0.571 B3=0.960; targets never in consolidation"
E28_continual_forgetting,0xB301,ce282a2,,MODE_3_DYNAMIC_PLUS_CDT_TRAINING,0.995595,0.000000,0.000000,0.000000,0.000000,0.000000,0.000000,0.000000,0.000000,0.000000,0,0,0,0,,LOCKED,CLEAN,2419212,PARTIAL,true,"R1..R4 retention [0.9877057028924536, 0.9970669257542455, 0.9981732643564939, 0.9994357902056005] forgetting=-0.012; CDT regularity replay"
E29_causal_intervention,0xB301,ce282a2,,,0.949309,0.931701,0.000000,0.000000,0.000000,0.000000,0.000000,0.000000,0.000000,0.000000,0,0,0,0,d6df8d477e302cf9778eab3ed346f3918f9c10fb6fd0e3bd77b0173a3383641b,LOCKED,CLEAN,0,PARTIAL,true,"baseline=0.949 targeted=0.874 random=0.947 rollback=0.949; drop_t=0.075 drop_r=0.003 rollback_ok=true"
E30_serialize_reload_persistence,0xB301,ce282a2,,,0.981365,0.988736,0.000000,0.000000,0.000000,0.000000,0.000000,0.000000,0.000000,0.000000,0,0,0,0,a943fb2bc87e799a449cdc8b17d46d8008d9cf0319880175a1529835d571e707,LOCKED,CLEAN,0,PARTIAL,true,"P0(enc+dyn+cdt)=0.981 P1(enc+dyn)=0.981 P2(dyn+fresh_enc)=0.485 P3(cdt_stats)=0.989; in-process serialize/reload; OS restart deferred"
FASE_A_cleanroom_field_only,0xB302,ce282a2,,MODE_2_DYNAMIC_FIELD,0.000000,0.000000,0.000000,0.000000,0.000000,0.000000,0.000000,0.000000,0.000000,0.000000,0,0,0,0,,LOCKED,CLEAN,0,POSITIVE,true,"clean-room defaults: random init, CDT empty, RQM/NN/table/attractor OFF; leakage=0"
E18_reinforced_rule_learning,0xB302,ce282a2,translation,MODE_2_DYNAMIC_FIELD,0.972699,0.453174,0.979865,0.956256,0.000000,0.002275,0.232507,1.000000,0.999802,0.000000,0,80,20,24,c289336b4874a310ff4429872dac61b0bd08c7a85c59aefc7de0f76880c09064,LOCKED,CLEAN,1524582,POSITIVE,true,"v3.7 SoftScale-train + Relative-static-probe; continuous T; X_new/B_new outside train; MSE=0.0023 rel=0.2325 energy=1.0000 stab=0.9998; path=input→FieldEncoder→D_phi→output; leak=0"
E18C_cdt_conditions_C0_C6,0xB3C2,ce282a2,rotation,MODE_3_DYNAMIC_PLUS_CDT_TRAINING,0.471794,0.693085,0.611794,-0.282396,0.000000,0.044017,0.996066,1.000000,0.999819,-0.255342,0,80,20,24,f8ef584aa492bcb1ce2b0f4f3534a16bac5d107820ad72744fc15bb521494ed9,LOCKED,CLEAN,1741556,PARTIAL,true,"C0=0.472 C1=0.472 C2=0.216 C3=0.751 C4=-0.303 C5=0.179 C6=-0.150; gain=-0.255; FIELD_ONLY eval queries=0"
E19_provenance_audit,0xBD1B,ce282a2,translation,MODE_2_DYNAMIC_FIELD,0.982380,0.651793,0.961126,0.956959,0.000000,0.001468,0.186839,1.000000,0.999917,0.000000,0,80,20,24,28966e809eb54c9a09bdbdd6e41bd1f28d313dfdd9a4287381b63bf42fc6f78d,LOCKED,CLEAN,1553622,STRONG_POSITIVE,true,"flags train/dev/cdt/rqm/attr/table/nn/equiv=0/0/0/0/0/0/0/0; queries cdt/rqm/table/nn/attr=0/0/0/0/0; leak=0"
E20_rule_vs_trajectory_antimem,0xB302,ce282a2,translation,MODE_2_DYNAMIC_FIELD,0.987691,0.988585,0.957380,0.873314,0.000000,0.001026,0.150998,1.000000,0.999937,0.000000,0,80,20,24,bb5ff1955fcbee2d0a62a480f1eea58bc93726cdf2475c4db71802480fcdf5dd,LOCKED,CLEAN,1759072,PARTIAL,true,"rule_cos=0.988 traj_cos=0.984 anti_cos=0.986; antimem_drop=0.002"
E21_interpolation_vs_extrapolation,0xB302,ce282a2,translation_param,MODE_2_DYNAMIC_FIELD,0.908213,0.452336,0.908782,0.892828,0.000000,0.007649,0.428020,1.000000,0.999477,0.000000,0,108,20,24,9a1cb472f503a24efbba713e4b4bd0c1bde5cbd70717148481ff314c92ab57d1,LOCKED,CLEAN,1900996,POSITIVE,true,"v3.5 SoftScale-train + Relative-static-probe; interp_cos=0.995 extrap_cos=0.908 static_rel=0.452 (dx denser + multifamily; train dx in [-2,2] test dx=3; n_train=108)"
E22_composition_rqm_off,0xB302,ce282a2,compose,MODE_2_DYNAMIC_FIELD,0.878764,0.452620,0.878715,0.835859,0.000000,5.305203,0.432538,1.000000,0.999924,0.000000,0,120,0,24,0ce1a91d3a9731cbc6ce4e27126f224b3770734b8066f7921c7cb7659bdfd100,LOCKED,CLEAN,2140404,POSITIVE,true,"v3.7 mid-agree-gated hop2|shot(14/10) + disagree-lin∩mlp + Relative-static SoftScale-dyn RQM-OFF cos=0.879 static_rel=0.453 step1=0.876 pt_err=5.305; oracle-mid=0.845; soft-hybrid-diag=0.847; single-shot=0.900; linear=0.879 nn=0.836 table=0.000"
E23_rollout_no_teacher_forcing,0xB302,ce282a2,translation,MODE_2_DYNAMIC_FIELD,0.651778,0.000000,0.000000,0.000000,0.000000,0.000000,0.000000,1.000000,0.890768,0.000000,0,80,0,24,88af3849bfd46b5c0704eb281d32b66c037a917e887595c2731ecb30fcf4ea8a,LOCKED,CLEAN,1441600,PARTIAL,true,"horizons [1, 2, 4, 8, 16, 32, 64] cos [0.9985749146963849, 0.9955949745052212, 0.9762896030264043, 0.890767853173593, 0.1292065684140739, 0.28760261749338745, 0.651778007152651] energy [1.0, 1.0, 1.0, 1.0, 1.0, 0.9999999999999999, 1.0] (v3.6: shared v3.5 mix retained; pure step eval; no TF; E22-focused levers)"
E24_static_vs_dynamic_paired,0xB302,ce282a2,,MODE_2_DYNAMIC_FIELD,0.987899,0.535153,0.939774,0.872468,0.000000,0.001008,0.144263,1.000000,0.999567,0.000000,0,80,0,24,024b7d49c02e1940cf408b480a47083bf2736af1032b8b61c18ad3b0d6afc908,LOCKED,CLEAN,1538674,POSITIVE,true,"v3.7 SoftScale-dyn + Relative-static; delta_mean=0.4527 median=0.3231 std=0.3196 bootstrap95%=[0.3453,0.5823] effect≈1.417; static=NO_ACTION"
E25_central_experience_cdt_cycle,0x5159,ce282a2,scaling,MODE_2_DYNAMIC_FIELD,0.803311,0.455279,0.653680,0.655984,0.000000,0.016391,0.584929,1.000000,0.999839,-0.014214,0,80,20,24,daa8393e278ee3cb00a992237e0f85a7abd2222108bab7ceb6b87d6e37b7b0bb,LOCKED,CLEAN,1729884,NULL,true,"cycle E→CDT→D_phi→Y_new; with_exp=0.803 without=0.818 gain=-0.014; Y_new_unstored=true; memories OFF at eval"
E26_experience_ablation_A_G,0xBDE4,ce282a2,rotation,MODE_3_DYNAMIC_PLUS_CDT_TRAINING,0.649667,0.798475,0.724178,0.269195,0.000000,0.029194,0.793466,1.000000,0.999929,-0.046312,0,80,20,24,59f9f8107338e3b56dc8caf7041111f25ce2c6383fa653f88a1102d1c3aed5b3,LOCKED,CLEAN,1744122,PARTIAL,true,"ablations A=no-exp B=unconsol C=consol D=corrupt E=irrelevant F=other-rule G=stats-only; C0=0.650 C1=0.650 C2=0.603 C3=0.231 C4=0.763 C5=0.702 C6=0.193; gain=-0.046; FIELD_ONLY eval queries=0"
E27_rule_transfer,0xB302,ce282a2,transfer_translation,MODE_2_DYNAMIC_FIELD,0.838788,0.818190,0.000000,0.000000,0.000000,0.000000,0.000000,0.000000,0.000000,0.000000,0,0,0,0,667c7903af79d73136d7d5709028801962516076dd61724143a95541fee80628,LOCKED,CLEAN,1166446,PARTIAL,true,"B1=0.839 B2=0.664 B3=0.968; targets never in consolidation"
E28_continual_forgetting,0xB302,ce282a2,,MODE_3_DYNAMIC_PLUS_CDT_TRAINING,0.987821,0.000000,0.000000,0.000000,0.000000,0.000000,0.000000,0.000000,0.000000,0.000000,0,0,0,0,,LOCKED,CLEAN,2421532,PARTIAL,true,"R1..R4 retention [0.9969532918706326, 0.9716352836632969, 0.9994205808061719, 0.9832748552644252] forgetting=0.014; CDT regularity replay"
E29_causal_intervention,0xB302,ce282a2,,,0.984466,0.991335,0.000000,0.000000,0.000000,0.000000,0.000000,0.000000,0.000000,0.000000,0,0,0,0,39b910308994f46833afeeab79b2e95ed5eb73799a685705e116183ab1b8b338,LOCKED,CLEAN,0,PARTIAL,true,"baseline=0.984 targeted=0.974 random=0.984 rollback=0.984; drop_t=0.011 drop_r=0.001 rollback_ok=true"
E30_serialize_reload_persistence,0xB302,ce282a2,,,0.930062,0.980977,0.000000,0.000000,0.000000,0.000000,0.000000,0.000000,0.000000,0.000000,0,0,0,0,f66e5c456be36f23b2bd2b059e47e5638fc6dd3fe1ebde43cc86b7114c8de323,LOCKED,CLEAN,0,PARTIAL,true,"P0(enc+dyn+cdt)=0.930 P1(enc+dyn)=0.930 P2(dyn+fresh_enc)=0.714 P3(cdt_stats)=0.981; in-process serialize/reload; OS restart deferred"
FASE_A_cleanroom_field_only,0xB303,ce282a2,,MODE_2_DYNAMIC_FIELD,0.000000,0.000000,0.000000,0.000000,0.000000,0.000000,0.000000,0.000000,0.000000,0.000000,0,0,0,0,,LOCKED,CLEAN,0,POSITIVE,true,"clean-room defaults: random init, CDT empty, RQM/NN/table/attractor OFF; leakage=0"
E18_reinforced_rule_learning,0xB303,ce282a2,translation,MODE_2_DYNAMIC_FIELD,0.969450,0.727914,0.859138,0.861084,0.000000,0.002546,0.239766,1.000000,0.999923,0.000000,0,80,20,24,e2b93a458d0adb00332cc7e36826d421d05d627d11dbcad9cdbb2806775560ef,LOCKED,CLEAN,1557752,STRONG_POSITIVE,true,"v3.7 SoftScale-train + Relative-static-probe; continuous T; X_new/B_new outside train; MSE=0.0025 rel=0.2398 energy=1.0000 stab=0.9999; path=input→FieldEncoder→D_phi→output; leak=0"
E18C_cdt_conditions_C0_C6,0xB3C3,ce282a2,rotation,MODE_3_DYNAMIC_PLUS_CDT_TRAINING,0.515895,0.643571,0.468482,0.298155,0.000000,0.040342,0.961694,1.000000,0.999965,-0.129829,0,80,20,24,b0f49559e31f07b4c19ade019987857771d2dd4f820138de0663205aceceeda7,LOCKED,CLEAN,1747968,PARTIAL,true,"C0=0.516 C1=0.516 C2=0.386 C3=0.543 C4=0.877 C5=0.468 C6=0.828; gain=-0.130; FIELD_ONLY eval queries=0"
E19_provenance_audit,0xBD1A,ce282a2,translation,MODE_2_DYNAMIC_FIELD,0.994758,0.567053,0.971425,0.949355,0.000000,0.000437,0.098652,1.000000,0.999916,0.000000,0,80,20,24,a0cbba8393fc77b26c3c30aa4aac5608ff1b31883322141da89060bc45740650,LOCKED,CLEAN,1558777,STRONG_POSITIVE,true,"flags train/dev/cdt/rqm/attr/table/nn/equiv=0/0/0/0/0/0/0/0; queries cdt/rqm/table/nn/attr=0/0/0/0/0; leak=0"
E20_rule_vs_trajectory_antimem,0xB303,ce282a2,translation,MODE_2_DYNAMIC_FIELD,0.995463,0.998071,0.989593,0.936327,0.000000,0.000378,0.095162,1.000000,0.999898,0.000000,0,80,20,24,6c6700b7a05595941d59b43e752e38cfccfbb7ad3562a27e51d76f8d73fd4d68,LOCKED,CLEAN,1744792,PARTIAL,true,"rule_cos=0.995 traj_cos=0.993 anti_cos=0.989; antimem_drop=0.006"
E21_interpolation_vs_extrapolation,0xB303,ce282a2,translation_param,MODE_2_DYNAMIC_FIELD,0.809329,0.127364,0.585232,-0.160210,0.000000,0.015889,0.616841,1.000000,0.999858,0.000000,0,108,20,24,fe367cb05d386862eab83fd93a4707b57d43b7c94cba10690208412995b1404f,LOCKED,CLEAN,1917560,PARTIAL,true,"v3.5 SoftScale-train + Relative-static-probe; interp_cos=0.959 extrap_cos=0.809 static_rel=0.127 (dx denser + multifamily; train dx in [-2,2] test dx=3; n_train=108)"
E22_composition_rqm_off,0xB303,ce282a2,compose,MODE_2_DYNAMIC_FIELD,0.727567,0.585690,0.944157,0.924061,0.000000,8.848120,0.496380,1.000000,0.999945,0.000000,0,120,0,24,4af5ba4cada6f2e02dc8119e1376e3db65a5ca7f0ed416b64ba4ebdd966e79d5,LOCKED,CLEAN,2146383,PARTIAL,true,"v3.7 mid-agree-gated hop2|shot(24/0) + disagree-lin∩mlp + Relative-static SoftScale-dyn RQM-OFF cos=0.728 static_rel=0.586 step1=0.937 pt_err=8.848; oracle-mid=0.797; soft-hybrid-diag=0.765; single-shot=0.866; linear=0.944 nn=0.924 table=0.000"
E23_rollout_no_teacher_forcing,0xB303,ce282a2,translation,MODE_2_DYNAMIC_FIELD,0.779772,0.000000,0.000000,0.000000,0.000000,0.000000,0.000000,1.000000,0.850425,0.000000,0,80,0,24,d0f671e4eba59476fff2e1804972219edaa7c0606f1cc5d73a2e8d1b5bfab3da,LOCKED,CLEAN,1445626,PARTIAL,true,"horizons [1, 2, 4, 8, 16, 32, 64] cos [0.9936711397637462, 0.9814104432577054, 0.9400518212991522, 0.8504254141599562, 0.715020862355665, 0.7332580829492326, 0.7797717048770395] energy [1.0, 1.0, 1.0, 1.0, 1.0, 1.0, 1.0] (v3.6: shared v3.5 mix retained; pure step eval; no TF; E22-focused levers)"
E24_static_vs_dynamic_paired,0xB303,ce282a2,,MODE_2_DYNAMIC_FIELD,0.903240,0.575418,0.321207,0.090772,0.000000,0.008063,0.411764,1.000000,0.999948,0.000000,0,80,0,24,71549c1773fb028c4de6622904a24ca68a419026458f0b0044edc4cddd315002,LOCKED,CLEAN,1525050,POSITIVE,true,"v3.7 SoftScale-dyn + Relative-static; delta_mean=0.3278 median=0.2774 std=0.2688 bootstrap95%=[0.2465,0.4373] effect≈1.220; static=NO_ACTION"
E25_central_experience_cdt_cycle,0x5158,ce282a2,scaling,MODE_2_DYNAMIC_FIELD,0.804840,0.820970,0.812003,0.727176,0.000000,0.016263,0.611886,1.000000,0.999911,-0.133424,0,80,20,24,22d11164021ceb12196d797e163d64afaa31042e2452c23f2cd0e4e1d32d92dd,LOCKED,CLEAN,1754896,PARTIAL,true,"cycle E→CDT→D_phi→Y_new; with_exp=0.805 without=0.938 gain=-0.133; Y_new_unstored=true; memories OFF at eval"
E26_experience_ablation_A_G,0xBDE5,ce282a2,rotation,MODE_3_DYNAMIC_PLUS_CDT_TRAINING,0.380146,0.378739,0.116125,0.324137,0.000000,0.051654,1.050229,1.000000,0.999721,0.255635,0,80,20,24,87f07222ebe77e2da4f5b1be3889a8f63922d9e762c2b37bb48ee70bfc094bcc,LOCKED,CLEAN,1754467,PARTIAL,true,"ablations A=no-exp B=unconsol C=consol D=corrupt E=irrelevant F=other-rule G=stats-only; C0=0.380 C1=0.380 C2=0.636 C3=0.042 C4=0.734 C5=0.596 C6=0.111; gain=0.256; FIELD_ONLY eval queries=0"
E27_rule_transfer,0xB303,ce282a2,transfer_translation,MODE_2_DYNAMIC_FIELD,0.788793,0.788787,0.000000,0.000000,0.000000,0.000000,0.000000,0.000000,0.000000,0.000000,0,0,0,0,648d8b9ec0a9e3adf2f6cd98e8fbcb80fd93d977360db244816dd43cfd68b506,LOCKED,CLEAN,1163397,PARTIAL,true,"B1=0.789 B2=0.691 B3=0.954; targets never in consolidation"
E28_continual_forgetting,0xB303,ce282a2,,MODE_3_DYNAMIC_PLUS_CDT_TRAINING,0.977948,0.000000,0.000000,0.000000,0.000000,0.000000,0.000000,0.000000,0.000000,0.000000,0,0,0,0,,LOCKED,CLEAN,2421963,PARTIAL,true,"R1..R4 retention [0.994661515780114, 0.9191733682142217, 0.9987829798291616, 0.9991759784502059] forgetting=-0.005; CDT regularity replay"
E29_causal_intervention,0xB303,ce282a2,,,0.974994,0.976458,0.000000,0.000000,0.000000,0.000000,0.000000,0.000000,0.000000,0.000000,0,0,0,0,de68256a93cad3d9fd471c0c8ae40623087bde83bb379be65d33b141bfebf03a,LOCKED,CLEAN,0,PARTIAL,true,"baseline=0.975 targeted=0.940 random=0.972 rollback=0.975; drop_t=0.035 drop_r=0.003 rollback_ok=true"
E30_serialize_reload_persistence,0xB303,ce282a2,,,0.980910,0.993464,0.000000,0.000000,0.000000,0.000000,0.000000,0.000000,0.000000,0.000000,0,0,0,0,98fefeb5dd94fff939e6ce8227b770ece466ab66aa1c168b9eee775611c284ad,LOCKED,CLEAN,0,PARTIAL,true,"P0(enc+dyn+cdt)=0.981 P1(enc+dyn)=0.981 P2(dyn+fresh_enc)=0.749 P3(cdt_stats)=0.993; in-process serialize/reload; OS restart deferred"
FASE_A_cleanroom_field_only,0xB304,ce282a2,,MODE_2_DYNAMIC_FIELD,0.000000,0.000000,0.000000,0.000000,0.000000,0.000000,0.000000,0.000000,0.000000,0.000000,0,0,0,0,,LOCKED,CLEAN,0,POSITIVE,true,"clean-room defaults: random init, CDT empty, RQM/NN/table/attractor OFF; leakage=0"
E18_reinforced_rule_learning,0xB304,ce282a2,translation,MODE_2_DYNAMIC_FIELD,0.995662,0.361637,0.957270,0.898666,0.000000,0.000362,0.088580,1.000000,0.999902,0.000000,0,80,20,24,54cdc1d21c27f7570e4452628b552e6f26399e6184927c3d868e1db651392968,LOCKED,CLEAN,1526814,STRONG_POSITIVE,true,"v3.7 SoftScale-train + Relative-static-probe; continuous T; X_new/B_new outside train; MSE=0.0004 rel=0.0886 energy=1.0000 stab=0.9999; path=input→FieldEncoder→D_phi→output; leak=0"
E18C_cdt_conditions_C0_C6,0xB3C4,ce282a2,rotation,MODE_3_DYNAMIC_PLUS_CDT_TRAINING,0.224583,0.452259,0.279643,-0.077441,0.000000,0.064618,1.227783,1.000000,0.999742,0.122730,0,80,20,24,1d406b622bce18d8cc5e6e59cd954804025de9559c9950df4240124da882026f,LOCKED,CLEAN,1796961,PARTIAL,true,"C0=0.225 C1=0.225 C2=0.347 C3=0.302 C4=0.575 C5=0.374 C6=0.813; gain=0.123; FIELD_ONLY eval queries=0"
E19_provenance_audit,0xBD1D,ce282a2,translation,MODE_2_DYNAMIC_FIELD,0.988866,0.577316,0.990403,0.934073,0.000000,0.000928,0.147741,1.000000,0.999906,0.000000,0,80,20,24,bfe36b612e3b5eac6ce6459e7254f18e5c0a1115687b6d72e78dd2dfa0c5f711,LOCKED,CLEAN,1537975,STRONG_POSITIVE,true,"flags train/dev/cdt/rqm/attr/table/nn/equiv=0/0/0/0/0/0/0/0; queries cdt/rqm/table/nn/attr=0/0/0/0/0; leak=0"
E20_rule_vs_trajectory_antimem,0xB304,ce282a2,translation,MODE_2_DYNAMIC_FIELD,0.997809,0.993562,0.947553,0.790825,0.000000,0.000183,0.062795,1.000000,0.999944,0.000000,0,80,20,24,fb7c83b6512c50bb592aceea49f094b42cbbe184ff89b40619cf1ea2daf53f36,LOCKED,CLEAN,1762446,PARTIAL,true,"rule_cos=0.998 traj_cos=0.997 anti_cos=0.990; antimem_drop=0.008"
E21_interpolation_vs_extrapolation,0xB304,ce282a2,translation_param,MODE_2_DYNAMIC_FIELD,0.988384,0.636337,0.962370,0.951006,0.000000,0.000968,0.151370,1.000000,0.999924,0.000000,0,108,20,24,1c74ba4595808655cb09aec9a7d384e05e57ad373bd7a67a9b3a961482bc1c5f,LOCKED,CLEAN,1932115,STRONG_POSITIVE,true,"v3.5 SoftScale-train + Relative-static-probe; interp_cos=0.992 extrap_cos=0.988 static_rel=0.636 (dx denser + multifamily; train dx in [-2,2] test dx=3; n_train=108)"
E22_composition_rqm_off,0xB304,ce282a2,compose,MODE_2_DYNAMIC_FIELD,0.953125,0.798467,0.904175,0.804803,0.000000,4.750421,0.251358,1.000000,0.999823,0.000000,0,120,0,24,17d29d1aa33c7f4d4434d783f5f55a4f08cbd7b3e99beed7366174cf9f5dcc38,LOCKED,CLEAN,2150556,STRONG_POSITIVE,true,"v3.7 mid-agree-gated hop2|shot(24/0) + disagree-lin∩mlp + Relative-static SoftScale-dyn RQM-OFF cos=0.953 static_rel=0.798 step1=0.981 pt_err=4.750; oracle-mid=0.939; soft-hybrid-diag=0.921; single-shot=0.967; linear=0.904 nn=0.805 table=0.000"
E23_rollout_no_teacher_forcing,0xB304,ce282a2,translation,MODE_2_DYNAMIC_FIELD,0.461681,0.000000,0.000000,0.000000,0.000000,0.000000,0.000000,1.000000,-0.758443,0.000000,0,80,0,24,7b8ff88707be1a6a8c2e826eb3aff50c4c9071a787aec50f83b36fb0739f9e51,LOCKED,CLEAN,1439383,PARTIAL,true,"horizons [1, 2, 4, 8, 16, 32, 64] cos [0.7845518995544071, 0.28511687858676105, -0.46273621972366374, -0.7584432178165698, -0.6884406760204161, -0.12583434026287724, 0.46168146474455707] energy [1.0, 1.0, 1.0, 1.0, 1.0, 1.0, 1.0] (v3.6: shared v3.5 mix retained; pure step eval; no TF; E22-focused levers)"
E24_static_vs_dynamic_paired,0xB304,ce282a2,,MODE_2_DYNAMIC_FIELD,0.892973,0.519419,0.865415,0.943948,0.000000,0.008919,0.459877,1.000000,0.999995,0.000000,0,80,0,24,7ad328f647fe3619018a852a3f83a71d25bbc9232fbd08cd9a50b3161fa70d65,LOCKED,CLEAN,1555468,POSITIVE,true,"v3.7 SoftScale-dyn + Relative-static; delta_mean=0.3736 median=0.3442 std=0.2106 bootstrap95%=[0.2962,0.4503] effect≈1.773; static=NO_ACTION"
E25_central_experience_cdt_cycle,0x515F,ce282a2,scaling,MODE_2_DYNAMIC_FIELD,0.679362,0.071149,-0.022007,-0.058417,0.000000,0.026720,0.706938,1.000000,0.999778,-0.162463,0,80,20,24,3b0d2016b9caf0d1f1d68de9bed6c94b35fef6f2e0f4263284959c19ae5d3125,LOCKED,CLEAN,1742271,PARTIAL,true,"cycle E→CDT→D_phi→Y_new; with_exp=0.679 without=0.842 gain=-0.162; Y_new_unstored=true; memories OFF at eval"
E26_experience_ablation_A_G,0xBDE2,ce282a2,rotation,MODE_3_DYNAMIC_PLUS_CDT_TRAINING,0.773075,0.701550,0.767741,0.612261,0.000000,0.018910,0.649119,1.000000,0.999909,-1.034174,0,80,20,24,4652dcbe1cc1afa06b3890b840d864d3b12f068fc6582cf14efb0bde03a50163,LOCKED,CLEAN,1735306,PARTIAL,true,"ablations A=no-exp B=unconsol C=consol D=corrupt E=irrelevant F=other-rule G=stats-only; C0=0.773 C1=0.773 C2=-0.261 C3=0.470 C4=0.677 C5=0.584 C6=0.391; gain=-1.034; FIELD_ONLY eval queries=0"
E27_rule_transfer,0xB304,ce282a2,transfer_translation,MODE_2_DYNAMIC_FIELD,0.918628,0.834483,0.000000,0.000000,0.000000,0.000000,0.000000,0.000000,0.000000,0.000000,0,0,0,0,56fb5b795ba5fbf681659b816daf9b72df250d68fb76aafba7eb8a955ab38315,LOCKED,CLEAN,1177522,PARTIAL,true,"B1=0.919 B2=0.672 B3=0.987; targets never in consolidation"
E28_continual_forgetting,0xB304,ce282a2,,MODE_3_DYNAMIC_PLUS_CDT_TRAINING,0.978757,0.000000,0.000000,0.000000,0.000000,0.000000,0.000000,0.000000,0.000000,0.000000,0,0,0,0,,LOCKED,CLEAN,2425480,PARTIAL,true,"R1..R4 retention [0.9912786823035319, 0.9273702093050918, 0.9985820090306761, 0.9977970589930281] forgetting=-0.007; CDT regularity replay"
E29_causal_intervention,0xB304,ce282a2,,,0.960419,0.955055,0.000000,0.000000,0.000000,0.000000,0.000000,0.000000,0.000000,0.000000,0,0,0,0,2f4e76be94d4d8125700e1bfe6fa0d2766fc442e5745cbb0ec2c43daea16bd99,LOCKED,CLEAN,0,PARTIAL,true,"baseline=0.960 targeted=0.898 random=0.960 rollback=0.960; drop_t=0.063 drop_r=-0.000 rollback_ok=true"
E30_serialize_reload_persistence,0xB304,ce282a2,,,0.760217,0.980413,0.000000,0.000000,0.000000,0.000000,0.000000,0.000000,0.000000,0.000000,0,0,0,0,98a221a396c542c51d437032b2a656c336c063b7e57354437c7842a0bf8edcf3,LOCKED,CLEAN,0,PARTIAL,true,"P0(enc+dyn+cdt)=0.760 P1(enc+dyn)=0.760 P2(dyn+fresh_enc)=0.743 P3(cdt_stats)=0.980; in-process serialize/reload; OS restart deferred"
FASE_A_cleanroom_field_only,0xB305,ce282a2,,MODE_2_DYNAMIC_FIELD,0.000000,0.000000,0.000000,0.000000,0.000000,0.000000,0.000000,0.000000,0.000000,0.000000,0,0,0,0,,LOCKED,CLEAN,0,POSITIVE,true,"clean-room defaults: random init, CDT empty, RQM/NN/table/attractor OFF; leakage=0"
E18_reinforced_rule_learning,0xB305,ce282a2,translation,MODE_2_DYNAMIC_FIELD,0.963870,0.504074,0.915959,0.763338,0.000000,0.003011,0.263783,1.000000,0.999940,0.000000,0,80,20,24,88b973023ba5eb2009e873ed3338b15a065cc23025d223a6d0e74b242b4cdbcd,LOCKED,CLEAN,1503025,STRONG_POSITIVE,true,"v3.7 SoftScale-train + Relative-static-probe; continuous T; X_new/B_new outside train; MSE=0.0030 rel=0.2638 energy=1.0000 stab=0.9999; path=input→FieldEncoder→D_phi→output; leak=0"
E18C_cdt_conditions_C0_C6,0xB3C5,ce282a2,rotation,MODE_3_DYNAMIC_PLUS_CDT_TRAINING,0.706538,0.691749,0.230323,-0.324558,0.000000,0.024455,0.743499,1.000000,0.999923,-0.014182,0,80,20,24,760a534d2aa7012e0b6abcb40e11ed79133940fea50f3bd90f036fb26c25503c,LOCKED,CLEAN,1738695,NULL,true,"C0=0.707 C1=0.707 C2=0.692 C3=0.167 C4=0.601 C5=0.806 C6=0.490; gain=-0.014; FIELD_ONLY eval queries=0"
E19_provenance_audit,0xBD1C,ce282a2,translation,MODE_2_DYNAMIC_FIELD,0.991360,0.317257,0.939259,0.946289,0.000000,0.000720,0.120167,1.000000,0.999900,0.000000,0,80,20,24,e3fac91c28eceea8d911557c97fc6a336bf2f9988c20219a42074c7b57e5ef6c,LOCKED,CLEAN,1560947,STRONG_POSITIVE,true,"flags train/dev/cdt/rqm/attr/table/nn/equiv=0/0/0/0/0/0/0/0; queries cdt/rqm/table/nn/attr=0/0/0/0/0; leak=0"
E20_rule_vs_trajectory_antimem,0xB305,ce282a2,translation,MODE_2_DYNAMIC_FIELD,0.997332,0.988115,0.950834,0.849797,0.000000,0.000222,0.071576,1.000000,0.999949,0.000000,0,80,20,24,9517fd62070c6648edfb19e6cc479e973dbaa680c871c8cf6e7c471a61a3a3da,LOCKED,CLEAN,1745573,PARTIAL,true,"rule_cos=0.997 traj_cos=0.997 anti_cos=0.987; antimem_drop=0.011"
E21_interpolation_vs_extrapolation,0xB305,ce282a2,translation_param,MODE_2_DYNAMIC_FIELD,0.979537,0.599246,0.958873,0.950138,0.000000,0.001705,0.200751,1.000000,0.999684,0.000000,0,108,20,24,4651c8cbc713f73d5783ffafa131712e7c7e73e5b22fcecffaebf6d468ce3a58,LOCKED,CLEAN,1942697,STRONG_POSITIVE,true,"v3.5 SoftScale-train + Relative-static-probe; interp_cos=0.996 extrap_cos=0.980 static_rel=0.599 (dx denser + multifamily; train dx in [-2,2] test dx=3; n_train=108)"
E22_composition_rqm_off,0xB305,ce282a2,compose,MODE_2_DYNAMIC_FIELD,0.867808,0.382260,0.959206,0.950257,0.000000,7.454801,0.280994,1.000000,0.999906,0.000000,0,120,0,24,90c8ab961b7206acf4fe243e3f661ec5689eb451d8b2e1bf4c6e11f39a589bc4,LOCKED,CLEAN,2151108,POSITIVE,true,"v3.7 mid-agree-gated hop2|shot(24/0) + disagree-lin∩mlp + Relative-static SoftScale-dyn RQM-OFF cos=0.868 static_rel=0.382 step1=0.996 pt_err=7.455; oracle-mid=0.904; soft-hybrid-diag=0.855; single-shot=0.960; linear=0.959 nn=0.950 table=0.000"
E23_rollout_no_teacher_forcing,0xB305,ce282a2,translation,MODE_2_DYNAMIC_FIELD,0.064134,0.000000,0.000000,0.000000,0.000000,0.000000,0.000000,1.000000,0.757620,0.000000,0,80,0,24,919cbf5a703e210bc17b79f3d9a884633ba39930e6f33f9b3e51c86581d168e4,LOCKED,CLEAN,1434173,PARTIAL,true,"horizons [1, 2, 4, 8, 16, 32, 64] cos [0.9872885232851506, 0.9497567490234982, 0.8229505163911132, 0.7576197313268652, 0.7019283380700029, -0.06889373822342391, 0.06413406995885279] energy [1.0, 1.0, 1.0, 1.0, 1.0, 0.9999999999999999, 1.0] (v3.6: shared v3.5 mix retained; pure step eval; no TF; E22-focused levers)"
E24_static_vs_dynamic_paired,0xB305,ce282a2,,MODE_2_DYNAMIC_FIELD,0.978043,0.630190,0.956666,0.948553,0.000000,0.001830,0.203575,1.000000,0.999931,0.000000,0,80,0,24,d30be9eb856fa98b6e5e2c7be37b64a8dfb88ce4f3b1b950d0b8c851b4ceb95d,LOCKED,CLEAN,1559638,POSITIVE,true,"v3.7 SoftScale-dyn + Relative-static; delta_mean=0.3479 median=0.2973 std=0.1980 bootstrap95%=[0.2706,0.4230] effect≈1.757; static=NO_ACTION"
E25_central_experience_cdt_cycle,0x515E,ce282a2,scaling,MODE_2_DYNAMIC_FIELD,0.840956,0.506528,0.614204,0.505236,0.000000,0.013254,0.545986,1.000000,0.999874,-0.125200,0,80,20,24,0b7ee2cbde1e4eddf11b38bb066b50fe013f98be0ebf75fa4aa0b98fbbdda8c2,LOCKED,CLEAN,1729424,PARTIAL,true,"cycle E→CDT→D_phi→Y_new; with_exp=0.841 without=0.966 gain=-0.125; Y_new_unstored=true; memories OFF at eval"
E26_experience_ablation_A_G,0xBDE3,ce282a2,rotation,MODE_3_DYNAMIC_PLUS_CDT_TRAINING,0.796585,0.756702,0.748483,0.728611,0.000000,0.016951,0.617046,1.000000,0.999863,-0.208028,0,80,20,24,68e94ebc3a9f7c8986467ce12ebcb81df919e8a5c3d52860d96bd6d8e7b6787e,LOCKED,CLEAN,1752089,PARTIAL,true,"ablations A=no-exp B=unconsol C=consol D=corrupt E=irrelevant F=other-rule G=stats-only; C0=0.797 C1=0.797 C2=0.589 C3=0.570 C4=0.520 C5=0.445 C6=-0.033; gain=-0.208; FIELD_ONLY eval queries=0"
E27_rule_transfer,0xB305,ce282a2,transfer_translation,MODE_2_DYNAMIC_FIELD,0.910752,0.831027,0.000000,0.000000,0.000000,0.000000,0.000000,0.000000,0.000000,0.000000,0,0,0,0,5111f776fd73304597bf83fe43ee456d9c9c7f5199e03e40a264eaec093472db,LOCKED,CLEAN,1164440,POSITIVE,true,"B1=0.911 B2=0.865 B3=0.957; targets never in consolidation"
E28_continual_forgetting,0xB305,ce282a2,,MODE_3_DYNAMIC_PLUS_CDT_TRAINING,0.994394,0.000000,0.000000,0.000000,0.000000,0.000000,0.000000,0.000000,0.000000,0.000000,0,0,0,0,,LOCKED,CLEAN,2429706,PARTIAL,true,"R1..R4 retention [0.9982697498102088, 0.9804524887117053, 0.9995754175783608, 0.9992782331385515] forgetting=-0.001; CDT regularity replay"
E29_causal_intervention,0xB305,ce282a2,,,0.989861,0.983515,0.000000,0.000000,0.000000,0.000000,0.000000,0.000000,0.000000,0.000000,0,0,0,0,0027f7806f5b58a961bcce98cf16d6ab7734c6849fb8f33a743187616833058e,LOCKED,CLEAN,0,PARTIAL,true,"baseline=0.990 targeted=0.879 random=0.986 rollback=0.990; drop_t=0.111 drop_r=0.004 rollback_ok=true"
E30_serialize_reload_persistence,0xB305,ce282a2,,,0.993612,0.986949,0.000000,0.000000,0.000000,0.000000,0.000000,0.000000,0.000000,0.000000,0,0,0,0,0b5718828fe24c10469759e1b07ac27af1f765bc3aa2d83231d99ea671779451,LOCKED,CLEAN,0,PARTIAL,true,"P0(enc+dyn+cdt)=0.994 P1(enc+dyn)=0.994 P2(dyn+fresh_enc)=0.640 P3(cdt_stats)=0.987; in-process serialize/reload; OS restart deferred"
FASE_A_cleanroom_field_only,0xB306,ce282a2,,MODE_2_DYNAMIC_FIELD,0.000000,0.000000,0.000000,0.000000,0.000000,0.000000,0.000000,0.000000,0.000000,0.000000,0,0,0,0,,LOCKED,CLEAN,0,POSITIVE,true,"clean-room defaults: random init, CDT empty, RQM/NN/table/attractor OFF; leakage=0"
E18_reinforced_rule_learning,0xB306,ce282a2,translation,MODE_2_DYNAMIC_FIELD,0.961372,0.687338,0.942566,0.962000,0.000000,0.003219,0.269985,1.000000,0.999935,0.000000,0,80,20,24,24c92d48d5f078abd59646259d7b89eb5baf71bf037c8f4efb9ca07b348aeb6f,LOCKED,CLEAN,1538499,POSITIVE,true,"v3.7 SoftScale-train + Relative-static-probe; continuous T; X_new/B_new outside train; MSE=0.0032 rel=0.2700 energy=1.0000 stab=0.9999; path=input→FieldEncoder→D_phi→output; leak=0"
E18C_cdt_conditions_C0_C6,0xB3C6,ce282a2,rotation,MODE_3_DYNAMIC_PLUS_CDT_TRAINING,0.581655,0.736017,0.641215,-0.262806,0.000000,0.034862,0.846039,1.000000,0.999957,-0.346098,0,80,20,24,4df61ff80f285220a229b3bd5534819daaa4173b6c2cb2aed38189ae4ec95808,LOCKED,CLEAN,1741096,PARTIAL,true,"C0=0.582 C1=0.582 C2=0.236 C3=0.749 C4=0.109 C5=0.753 C6=0.595; gain=-0.346; FIELD_ONLY eval queries=0"
E19_provenance_audit,0xBD1F,ce282a2,translation,MODE_2_DYNAMIC_FIELD,0.983818,0.686791,0.928483,0.844670,0.000000,0.001348,0.176802,1.000000,0.999739,0.000000,0,80,20,24,c0bba271573d834edc9824d9aa9d377fbc9dc6cf68fe6c4673de9afd615edc9a,LOCKED,CLEAN,1556369,STRONG_POSITIVE,true,"flags train/dev/cdt/rqm/attr/table/nn/equiv=0/0/0/0/0/0/0/0; queries cdt/rqm/table/nn/attr=0/0/0/0/0; leak=0"
E20_rule_vs_trajectory_antimem,0xB306,ce282a2,translation,MODE_2_DYNAMIC_FIELD,0.993653,0.995022,0.935911,0.910648,0.000000,0.000529,0.112345,1.000000,0.999912,0.000000,0,80,20,24,5723f3d290de3637a665ddf5868aac73e657c32fac9b292ecc0a18c1220abca4,LOCKED,CLEAN,1758597,PARTIAL,true,"rule_cos=0.994 traj_cos=0.996 anti_cos=0.993; antimem_drop=0.001"
E21_interpolation_vs_extrapolation,0xB306,ce282a2,translation_param,MODE_2_DYNAMIC_FIELD,0.908984,0.380967,0.912810,0.914670,0.000000,0.007585,0.426092,1.000000,0.999702,0.000000,0,108,20,24,c62963a8d7c39064f51d77713f4804514731585d8b8a7e6efe5c43945b773218,LOCKED,CLEAN,1940761,POSITIVE,true,"v3.5 SoftScale-train + Relative-static-probe; interp_cos=0.990 extrap_cos=0.909 static_rel=0.381 (dx denser + multifamily; train dx in [-2,2] test dx=3; n_train=108)"
E22_composition_rqm_off,0xB306,ce282a2,compose,MODE_2_DYNAMIC_FIELD,0.916777,0.198827,0.894830,0.860020,0.000000,3.024597,0.324448,1.000000,0.999931,0.000000,0,120,0,24,913ffe33f98c0f2689f225df1a7bf7f2875cd7aa155390b04eba5a9671df2c93,LOCKED,CLEAN,2160917,POSITIVE,true,"v3.7 mid-agree-gated hop2|shot(24/0) + disagree-lin∩mlp + Relative-static SoftScale-dyn RQM-OFF cos=0.917 static_rel=0.199 step1=0.969 pt_err=3.025; oracle-mid=0.923; soft-hybrid-diag=0.924; single-shot=0.947; linear=0.895 nn=0.860 table=0.000"
E23_rollout_no_teacher_forcing,0xB306,ce282a2,translation,MODE_2_DYNAMIC_FIELD,-0.609772,0.000000,0.000000,0.000000,0.000000,0.000000,0.000000,1.000000,0.230476,0.000000,0,80,0,24,45de8e6008f8e80c3da38aa8d4a4f36402a4835d6bfad5f533d34e3c9fe2c14d,LOCKED,CLEAN,1445309,PARTIAL,true,"horizons [1, 2, 4, 8, 16, 32, 64] cos [0.9894648277577206, 0.9327725509356203, 0.6075034450587027, 0.23047633232974443, -0.2175536930676024, -0.5003146133359645, -0.6097720336403667] energy [1.0, 1.0, 1.0, 1.0, 1.0, 1.0, 1.0] (v3.6: shared v3.5 mix retained; pure step eval; no TF; E22-focused levers)"
E24_static_vs_dynamic_paired,0xB306,ce282a2,,MODE_2_DYNAMIC_FIELD,0.985118,0.529144,0.831255,0.690327,0.000000,0.001240,0.170212,1.000000,0.999965,0.000000,0,80,0,24,5e33949801be185a7b1c2fc1c47263cf56c5ae7409193de955af2cb179318557,LOCKED,CLEAN,1554265,POSITIVE,true,"v3.7 SoftScale-dyn + Relative-static; delta_mean=0.4560 median=0.3774 std=0.2535 bootstrap95%=[0.3646,0.5512] effect≈1.799; static=NO_ACTION"
E25_central_experience_cdt_cycle,0x515D,ce282a2,scaling,MODE_2_DYNAMIC_FIELD,0.746584,0.663891,0.608375,0.357803,0.000000,0.021118,0.702028,1.000000,0.999910,-0.157046,0,80,20,24,601e6b6e2d74b090ddf2fa8d8763d8e98e21708687cfaa8c0c553b4fe8672c11,LOCKED,CLEAN,1754125,PARTIAL,true,"cycle E→CDT→D_phi→Y_new; with_exp=0.747 without=0.904 gain=-0.157; Y_new_unstored=true; memories OFF at eval"
E26_experience_ablation_A_G,0xBDE0,ce282a2,rotation,MODE_3_DYNAMIC_PLUS_CDT_TRAINING,0.233202,0.419855,0.035955,-0.352172,0.000000,0.063900,1.196348,1.000000,0.999903,0.334584,0,80,20,24,fb1c818ec38ee5d89ed4c8586adaa1fb3dfbcf1d3dc4e9a21fb3d520ae76544a,LOCKED,CLEAN,1762801,PARTIAL,true,"ablations A=no-exp B=unconsol C=consol D=corrupt E=irrelevant F=other-rule G=stats-only; C0=0.233 C1=0.233 C2=0.568 C3=0.290 C4=0.476 C5=0.294 C6=0.642; gain=0.335; FIELD_ONLY eval queries=0"
E27_rule_transfer,0xB306,ce282a2,transfer_translation,MODE_2_DYNAMIC_FIELD,0.730341,0.806333,0.000000,0.000000,0.000000,0.000000,0.000000,0.000000,0.000000,0.000000,0,0,0,0,42f0bb96bf991af3eb011b08845ff3cd6b78fe1e35a89c543e04dfd18ad33da2,LOCKED,CLEAN,1194325,PARTIAL,true,"B1=0.730 B2=0.795 B3=0.968; targets never in consolidation"
E28_continual_forgetting,0xB306,ce282a2,,MODE_3_DYNAMIC_PLUS_CDT_TRAINING,0.995099,0.000000,0.000000,0.000000,0.000000,0.000000,0.000000,0.000000,0.000000,0.000000,0,0,0,0,,LOCKED,CLEAN,2431640,PARTIAL,true,"R1..R4 retention [0.9987381585001458, 0.9835006763069027, 0.9992006287001732, 0.9989581000306172] forgetting=-0.000; CDT regularity replay"
E29_causal_intervention,0xB306,ce282a2,,,0.994456,0.994167,0.000000,0.000000,0.000000,0.000000,0.000000,0.000000,0.000000,0.000000,0,0,0,0,d996f23ef06b61a16c6d4f729c9b606841ef61b58eb90983f65ec621298bca97,LOCKED,CLEAN,0,PARTIAL,true,"baseline=0.994 targeted=0.914 random=0.992 rollback=0.994; drop_t=0.080 drop_r=0.002 rollback_ok=true"
E30_serialize_reload_persistence,0xB306,ce282a2,,,0.947246,0.987753,0.000000,0.000000,0.000000,0.000000,0.000000,0.000000,0.000000,0.000000,0,0,0,0,03d46d1905ba73dae8a9a7738e77ea463d6f83f5c879b44067a4e708b076d9f9,LOCKED,CLEAN,0,PARTIAL,true,"P0(enc+dyn+cdt)=0.947 P1(enc+dyn)=0.947 P2(dyn+fresh_enc)=0.837 P3(cdt_stats)=0.988; in-process serialize/reload; OS restart deferred"
FASE_A_cleanroom_field_only,0xB307,ce282a2,,MODE_2_DYNAMIC_FIELD,0.000000,0.000000,0.000000,0.000000,0.000000,0.000000,0.000000,0.000000,0.000000,0.000000,0,0,0,0,,LOCKED,CLEAN,0,POSITIVE,true,"clean-room defaults: random init, CDT empty, RQM/NN/table/attractor OFF; leakage=0"
E18_reinforced_rule_learning,0xB307,ce282a2,translation,MODE_2_DYNAMIC_FIELD,0.962947,0.605412,0.913388,0.855613,0.000000,0.003088,0.268068,1.000000,0.999907,0.000000,0,80,20,24,d1612d55e73e5a57b5c9d2f4103c1e94db074f42a9c34dfd07e649f26132f0e1,LOCKED,CLEAN,1541334,STRONG_POSITIVE,true,"v3.7 SoftScale-train + Relative-static-probe; continuous T; X_new/B_new outside train; MSE=0.0031 rel=0.2681 energy=1.0000 stab=0.9999; path=input→FieldEncoder→D_phi→output; leak=0"
E18C_cdt_conditions_C0_C6,0xB3C7,ce282a2,rotation,MODE_3_DYNAMIC_PLUS_CDT_TRAINING,0.588495,0.567037,0.524946,0.264903,0.000000,0.034292,0.855296,1.000000,0.999981,-0.182507,0,80,20,24,f1e1ed2844d58ebb86815553ac7d27a95d92350cbf3853db9d0f0e3968290315,LOCKED,CLEAN,1751706,PARTIAL,true,"C0=0.588 C1=0.588 C2=0.406 C3=0.449 C4=0.193 C5=0.230 C6=0.509; gain=-0.183; FIELD_ONLY eval queries=0"
E19_provenance_audit,0xBD1E,ce282a2,translation,MODE_2_DYNAMIC_FIELD,0.992625,0.506850,0.964723,0.916207,0.000000,0.000615,0.117910,1.000000,0.999929,0.000000,0,80,20,24,5aae40751e94a95b6f799f90fd113decaa8c9955504a6447a84aae047fc2539e,LOCKED,CLEAN,1550654,STRONG_POSITIVE,true,"flags train/dev/cdt/rqm/attr/table/nn/equiv=0/0/0/0/0/0/0/0; queries cdt/rqm/table/nn/attr=0/0/0/0/0; leak=0"
E20_rule_vs_trajectory_antimem,0xB307,ce282a2,translation,MODE_2_DYNAMIC_FIELD,0.994963,0.994519,0.919049,0.848180,0.000000,0.000420,0.099133,1.000000,0.999861,0.000000,0,80,20,24,29178b39805b83e1a42775adb8ea64b7ff4a530c19763ca75c1d7760938ba06d,LOCKED,CLEAN,1751367,PARTIAL,true,"rule_cos=0.995 traj_cos=0.995 anti_cos=0.993; antimem_drop=0.002"
E21_interpolation_vs_extrapolation,0xB307,ce282a2,translation_param,MODE_2_DYNAMIC_FIELD,0.934238,0.691455,0.943313,0.968237,0.000000,0.005480,0.362307,1.000000,0.999828,0.000000,0,108,20,24,78d4b807b91b55c873b74b1d627c407c41881d753a7554f04f4aa871f2dc2952,LOCKED,CLEAN,1967863,POSITIVE,true,"v3.5 SoftScale-train + Relative-static-probe; interp_cos=0.755 extrap_cos=0.934 static_rel=0.691 (dx denser + multifamily; train dx in [-2,2] test dx=3; n_train=108)"
E22_composition_rqm_off,0xB307,ce282a2,compose,MODE_2_DYNAMIC_FIELD,0.968481,0.177664,0.957787,0.881040,0.000000,4.767167,0.211894,1.000000,0.999898,0.000000,0,120,0,24,c10dd172f9389b44c744a7be5018b9b3fde9e0508acb68b5fe611e403dda0429,LOCKED,CLEAN,2146615,STRONG_POSITIVE,true,"v3.7 mid-agree-gated hop2|shot(24/0) + disagree-lin∩mlp + Relative-static SoftScale-dyn RQM-OFF cos=0.968 static_rel=0.178 step1=0.945 pt_err=4.767; oracle-mid=0.955; soft-hybrid-diag=0.966; single-shot=0.977; linear=0.958 nn=0.881 table=0.000"
E23_rollout_no_teacher_forcing,0xB307,ce282a2,translation,MODE_2_DYNAMIC_FIELD,0.944454,0.000000,0.000000,0.000000,0.000000,0.000000,0.000000,1.000000,-0.201903,0.000000,0,80,0,24,77577a9d5772f72b688acb42410d3e25bf32e37f79b68cfda853826f0192aac2,LOCKED,CLEAN,1431923,STRONG_POSITIVE,true,"horizons [1, 2, 4, 8, 16, 32, 64] cos [0.6130079330370342, 0.023111552656267853, -0.30365410473765225, -0.20190279854224633, 0.618903260041367, 0.8072665748467157, 0.9444543306686392] energy [1.0, 1.0, 1.0, 1.0, 1.0, 1.0, 1.0] (v3.6: shared v3.5 mix retained; pure step eval; no TF; E22-focused levers)"
E24_static_vs_dynamic_paired,0xB307,ce282a2,,MODE_2_DYNAMIC_FIELD,0.977622,0.325008,0.970717,0.932950,0.000000,0.001865,0.208708,1.000000,0.999809,0.000000,0,80,0,24,b39717ce42aa6f8a3ed4589ee1f253dc0dacc8ec38cb57f6bd96e065d85224ba,LOCKED,CLEAN,1562166,POSITIVE,true,"v3.7 SoftScale-dyn + Relative-static; delta_mean=0.6526 median=0.6536 std=0.3374 bootstrap95%=[0.5427,0.7706] effect≈1.934; static=NO_ACTION"
E25_central_experience_cdt_cycle,0x515C,ce282a2,scaling,MODE_2_DYNAMIC_FIELD,0.706283,0.705601,0.797077,0.699691,0.000000,0.024476,0.757123,1.000000,0.999711,0.253716,0,80,20,24,a066a09145dac2dad3b136b496d0685709594f509e3a265d44395670e9987cf8,LOCKED,CLEAN,1753880,PARTIAL,true,"cycle E→CDT→D_phi→Y_new; with_exp=0.706 without=0.453 gain=0.254; Y_new_unstored=true; memories OFF at eval"
E26_experience_ablation_A_G,0xBDE1,ce282a2,rotation,MODE_3_DYNAMIC_PLUS_CDT_TRAINING,0.418634,0.319686,0.123306,0.294116,0.000000,0.048447,1.017564,1.000000,0.999728,0.029213,0,80,20,24,77b24172e8fa9590e5d0373e6408dddfa3782178ac0cfd40e71322d228ee28f3,LOCKED,CLEAN,1742030,NULL,true,"ablations A=no-exp B=unconsol C=consol D=corrupt E=irrelevant F=other-rule G=stats-only; C0=0.419 C1=0.419 C2=0.448 C3=0.539 C4=0.446 C5=0.347 C6=0.707; gain=0.029; FIELD_ONLY eval queries=0"
E27_rule_transfer,0xB307,ce282a2,transfer_translation,MODE_2_DYNAMIC_FIELD,0.829433,0.877622,0.000000,0.000000,0.000000,0.000000,0.000000,0.000000,0.000000,0.000000,0,0,0,0,5e58c67d0d36d4ad4e0e0b3600a3b1d3fb926e32d7e4c493f415c60dea0cd4ec,LOCKED,CLEAN,1150862,NEGATIVE,true,"B1=0.829 B2=0.551 B3=0.712; targets never in consolidation"
E28_continual_forgetting,0xB307,ce282a2,,MODE_3_DYNAMIC_PLUS_CDT_TRAINING,0.983550,0.000000,0.000000,0.000000,0.000000,0.000000,0.000000,0.000000,0.000000,0.000000,0,0,0,0,,LOCKED,CLEAN,2425507,PARTIAL,true,"R1..R4 retention [0.9995080886081991, 0.9356877730347083, 0.9998075200128675, 0.9991952900696416] forgetting=0.000; CDT regularity replay"
E29_causal_intervention,0xB307,ce282a2,,,0.984487,0.981245,0.000000,0.000000,0.000000,0.000000,0.000000,0.000000,0.000000,0.000000,0,0,0,0,d6e109839e93a5cd1140d0602d95aab087d4823cef0736896adea749b3064086,LOCKED,CLEAN,0,PARTIAL,true,"baseline=0.984 targeted=0.896 random=0.985 rollback=0.984; drop_t=0.089 drop_r=-0.000 rollback_ok=true"
E30_serialize_reload_persistence,0xB307,ce282a2,,,0.989846,0.994433,0.000000,0.000000,0.000000,0.000000,0.000000,0.000000,0.000000,0.000000,0,0,0,0,b9da877c46e6d73d4b562541dc44c88bf09a4e7faf5f4b76497a0664eeb3ef10,LOCKED,CLEAN,0,PARTIAL,true,"P0(enc+dyn+cdt)=0.990 P1(enc+dyn)=0.990 P2(dyn+fresh_enc)=0.365 P3(cdt_stats)=0.994; in-process serialize/reload; OS restart deferred"
FASE_A_cleanroom_field_only,0xB308,ce282a2,,MODE_2_DYNAMIC_FIELD,0.000000,0.000000,0.000000,0.000000,0.000000,0.000000,0.000000,0.000000,0.000000,0.000000,0,0,0,0,,LOCKED,CLEAN,0,POSITIVE,true,"clean-room defaults: random init, CDT empty, RQM/NN/table/attractor OFF; leakage=0"
E18_reinforced_rule_learning,0xB308,ce282a2,translation,MODE_2_DYNAMIC_FIELD,0.912500,0.251667,0.868971,0.451649,0.000000,0.007292,0.413494,1.000000,0.999881,0.000000,0,80,20,24,637e5bd651a02b5649f5df9582487049036b9d4fe3ca15370b0c80c2b915bcca,LOCKED,CLEAN,1569522,POSITIVE,true,"v3.7 SoftScale-train + Relative-static-probe; continuous T; X_new/B_new outside train; MSE=0.0073 rel=0.4135 energy=1.0000 stab=0.9999; path=input→FieldEncoder→D_phi→output; leak=0"
E18C_cdt_conditions_C0_C6,0xB3C8,ce282a2,rotation,MODE_3_DYNAMIC_PLUS_CDT_TRAINING,0.218489,0.226933,-0.340377,-0.375909,0.000000,0.065126,1.201827,1.000000,0.999780,0.170200,0,80,20,24,f7c93d2e5243577cc49bd30249fe5bd611a823e2dbdbe0d90feeaa01e9b0300e,LOCKED,CLEAN,1726755,PARTIAL,true,"C0=0.218 C1=0.218 C2=0.389 C3=0.309 C4=-0.172 C5=-0.200 C6=0.670; gain=0.170; FIELD_ONLY eval queries=0"
E19_provenance_audit,0xBD11,ce282a2,translation,MODE_2_DYNAMIC_FIELD,0.993740,0.442493,0.943794,0.949802,0.000000,0.000522,0.110489,1.000000,0.999905,0.000000,0,80,20,24,e6c1936ad0ef756bc9288bc7362b5f30dbb7aa8ddf87e96e779fa0e05aa0f16e,LOCKED,CLEAN,1551699,STRONG_POSITIVE,true,"flags train/dev/cdt/rqm/attr/table/nn/equiv=0/0/0/0/0/0/0/0; queries cdt/rqm/table/nn/attr=0/0/0/0/0; leak=0"
E20_rule_vs_trajectory_antimem,0xB308,ce282a2,translation,MODE_2_DYNAMIC_FIELD,0.998344,0.988818,0.832016,0.851779,0.000000,0.000138,0.056421,1.000000,0.999915,0.000000,0,80,20,24,fbca515534e89ad44d224ca6c1c8c825104136cfcfdb407c18aa56d7b22d1b63,LOCKED,CLEAN,1757657,PARTIAL,true,"rule_cos=0.998 traj_cos=0.996 anti_cos=0.991; antimem_drop=0.007"
E21_interpolation_vs_extrapolation,0xB308,ce282a2,translation_param,MODE_2_DYNAMIC_FIELD,0.902603,0.480885,0.898791,0.902548,0.000000,0.008116,0.441131,1.000000,0.999906,0.000000,0,108,20,24,c3e84643bc21883ebb0b9395f84f9dfee1048536f69cc01951640c2c2dac2b30,LOCKED,CLEAN,1911761,POSITIVE,true,"v3.5 SoftScale-train + Relative-static-probe; interp_cos=0.955 extrap_cos=0.903 static_rel=0.481 (dx denser + multifamily; train dx in [-2,2] test dx=3; n_train=108)"
E22_composition_rqm_off,0xB308,ce282a2,compose,MODE_2_DYNAMIC_FIELD,0.894849,0.369631,0.945548,0.869775,0.000000,5.006938,0.337957,1.000000,0.999928,0.000000,0,120,0,24,76dbe012b8d78735a4fecaea82034f1de5e4d8b3e38ad5796e67ca4aca0c0790,LOCKED,CLEAN,2151670,POSITIVE,true,"v3.7 mid-agree-gated hop2|shot(24/0) + disagree-lin∩mlp + Relative-static SoftScale-dyn RQM-OFF cos=0.895 static_rel=0.370 step1=0.956 pt_err=5.007; oracle-mid=0.840; soft-hybrid-diag=0.889; single-shot=0.942; linear=0.946 nn=0.870 table=0.000"
E23_rollout_no_teacher_forcing,0xB308,ce282a2,translation,MODE_2_DYNAMIC_FIELD,0.427220,0.000000,0.000000,0.000000,0.000000,0.000000,0.000000,1.000000,0.918246,0.000000,0,80,0,24,9872d892c375df236acd6ad3f7af0dbe1f2766414cad6122060b2f8278c28b94,LOCKED,CLEAN,1446602,PARTIAL,true,"horizons [1, 2, 4, 8, 16, 32, 64] cos [0.9973342056750852, 0.9891146623518622, 0.9617819844604506, 0.9182455729520705, 0.8990589503301726, 0.13631249966904604, 0.42721961125852853] energy [1.0, 1.0, 0.9999999999999999, 1.0, 1.0, 1.0, 1.0] (v3.6: shared v3.5 mix retained; pure step eval; no TF; E22-focused levers)"
E24_static_vs_dynamic_paired,0xB308,ce282a2,,MODE_2_DYNAMIC_FIELD,0.987500,0.441486,0.849154,0.756620,0.000000,0.001042,0.156022,1.000000,0.999794,0.000000,0,80,0,24,0027f7806f5b58a961bcce98cf16d6ab7734c6849fb8f33a743187616833058e,LOCKED,CLEAN,1556128,POSITIVE,true,"v3.7 SoftScale-dyn + Relative-static; delta_mean=0.5460 median=0.4244 std=0.3281 bootstrap95%=[0.4159,0.6781] effect≈1.664; static=NO_ACTION"
E25_central_experience_cdt_cycle,0x5153,ce282a2,scaling,MODE_2_DYNAMIC_FIELD,0.810294,0.444287,0.561803,0.510140,0.000000,0.015809,0.580967,1.000000,0.999889,-0.103688,0,80,20,24,39c61b58e7890283b6c7248766a9579cee764c54fe6b886ce0ae1ba97fe4806f,LOCKED,CLEAN,1730598,PARTIAL,true,"cycle E→CDT→D_phi→Y_new; with_exp=0.810 without=0.914 gain=-0.104; Y_new_unstored=true; memories OFF at eval"
E26_experience_ablation_A_G,0xBDEE,ce282a2,rotation,MODE_3_DYNAMIC_PLUS_CDT_TRAINING,-0.289303,-0.279303,-0.512632,-0.602335,0.000000,0.107442,1.596676,1.000000,0.999249,0.451997,0,80,20,24,2d3542aa4c10f33fe9acb038ed6a2619f4985d12b23e117003cbdeb72cd1c15c,LOCKED,CLEAN,1798275,PARTIAL,true,"ablations A=no-exp B=unconsol C=consol D=corrupt E=irrelevant F=other-rule G=stats-only; C0=-0.289 C1=-0.289 C2=0.163 C3=0.516 C4=0.412 C5=0.377 C6=0.353; gain=0.452; FIELD_ONLY eval queries=0"
E27_rule_transfer,0xB308,ce282a2,transfer_translation,MODE_2_DYNAMIC_FIELD,0.964512,0.739509,0.000000,0.000000,0.000000,0.000000,0.000000,0.000000,0.000000,0.000000,0,0,0,0,65756a30025dd39a6e4db91661254ae0dd094aca7735384dcacf9a7512f4d6e0,LOCKED,CLEAN,1177871,STRONG_POSITIVE,true,"B1=0.965 B2=0.831 B3=0.991; targets never in consolidation"
E28_continual_forgetting,0xB308,ce282a2,,MODE_3_DYNAMIC_PLUS_CDT_TRAINING,0.987460,0.000000,0.000000,0.000000,0.000000,0.000000,0.000000,0.000000,0.000000,0.000000,0,0,0,0,,LOCKED,CLEAN,2406536,PARTIAL,true,"R1..R4 retention [0.9957125918556873, 0.9593430293724956, 0.9981253493223541, 0.9966577363390812] forgetting=-0.001; CDT regularity replay"
E29_causal_intervention,0xB308,ce282a2,,,0.992307,0.987120,0.000000,0.000000,0.000000,0.000000,0.000000,0.000000,0.000000,0.000000,0,0,0,0,d30be9eb856fa98b6e5e2c7be37b64a8dfb88ce4f3b1b950d0b8c851b4ceb95d,LOCKED,CLEAN,0,PARTIAL,true,"baseline=0.992 targeted=0.884 random=0.991 rollback=0.992; drop_t=0.108 drop_r=0.002 rollback_ok=true"
E30_serialize_reload_persistence,0xB308,ce282a2,,,0.994198,0.976814,0.000000,0.000000,0.000000,0.000000,0.000000,0.000000,0.000000,0.000000,0,0,0,0,659695bff930bc2e8616d8c678ba1b95cc942057f4191fbcdbf4ace1bd16d01c,LOCKED,CLEAN,0,PARTIAL,true,"P0(enc+dyn+cdt)=0.994 P1(enc+dyn)=0.994 P2(dyn+fresh_enc)=0.696 P3(cdt_stats)=0.977; in-process serialize/reload; OS restart deferred"
FASE_A_cleanroom_field_only,0xB309,ce282a2,,MODE_2_DYNAMIC_FIELD,0.000000,0.000000,0.000000,0.000000,0.000000,0.000000,0.000000,0.000000,0.000000,0.000000,0,0,0,0,,LOCKED,CLEAN,0,POSITIVE,true,"clean-room defaults: random init, CDT empty, RQM/NN/table/attractor OFF; leakage=0"
E18_reinforced_rule_learning,0xB309,ce282a2,translation,MODE_2_DYNAMIC_FIELD,0.992416,0.622921,0.856679,0.830980,0.000000,0.000632,0.119747,1.000000,0.999914,0.000000,0,80,20,24,70aee2380b9e38f82ca32728f71c0993e177fc35fdc3eb1d751de0ee67296781,LOCKED,CLEAN,1555611,STRONG_POSITIVE,true,"v3.7 SoftScale-train + Relative-static-probe; continuous T; X_new/B_new outside train; MSE=0.0006 rel=0.1197 energy=1.0000 stab=0.9999; path=input→FieldEncoder→D_phi→output; leak=0"
E18C_cdt_conditions_C0_C6,0xB3C9,ce282a2,rotation,MODE_3_DYNAMIC_PLUS_CDT_TRAINING,-0.176451,-0.379620,-0.625117,0.676059,0.000000,0.098038,1.510586,1.000000,0.999828,-0.448720,0,80,20,24,11b1a842382195a38d083a2135bccf529d4c41adbeecf90153927ab271c3ddb5,LOCKED,CLEAN,1732088,PARTIAL,true,"C0=-0.176 C1=-0.176 C2=-0.625 C3=-0.061 C4=-0.317 C5=-0.228 C6=-0.480; gain=-0.449; FIELD_ONLY eval queries=0"
E19_provenance_audit,0xBD10,ce282a2,translation,MODE_2_DYNAMIC_FIELD,0.932910,0.431185,0.668214,0.128967,0.000000,0.005591,0.363865,1.000000,0.999770,0.000000,0,80,20,24,147cf3f9646610cd4ec11c095d8fad800e55e6ebc157e4b281392d4b5200e39e,LOCKED,CLEAN,1547154,STRONG_POSITIVE,true,"flags train/dev/cdt/rqm/attr/table/nn/equiv=0/0/0/0/0/0/0/0; queries cdt/rqm/table/nn/attr=0/0/0/0/0; leak=0"
E20_rule_vs_trajectory_antimem,0xB309,ce282a2,translation,MODE_2_DYNAMIC_FIELD,0.979510,0.961643,0.702147,0.666180,0.000000,0.001707,0.198962,1.000000,0.999775,0.000000,0,80,20,24,d825828e7307f4b4eac846cfe5ef7f016b6b2fcc0fac62fe01c90b53f48714ae,LOCKED,CLEAN,1752874,PARTIAL,true,"rule_cos=0.980 traj_cos=0.931 anti_cos=0.948; antimem_drop=0.032"
E21_interpolation_vs_extrapolation,0xB309,ce282a2,translation_param,MODE_2_DYNAMIC_FIELD,0.909582,0.443404,0.371151,-0.093373,0.000000,0.007535,0.404010,1.000000,0.998443,0.000000,0,108,20,24,1145f072d5b348ed35981ecae92582b2463493cdf4cbb26a5dd6107a341b3152,LOCKED,CLEAN,1943590,POSITIVE,true,"v3.5 SoftScale-train + Relative-static-probe; interp_cos=0.983 extrap_cos=0.910 static_rel=0.443 (dx denser + multifamily; train dx in [-2,2] test dx=3; n_train=108)"
E22_composition_rqm_off,0xB309,ce282a2,compose,MODE_2_DYNAMIC_FIELD,0.960137,0.009197,0.978150,0.965042,0.000000,5.469237,0.223163,1.000000,0.999893,0.000000,0,120,0,24,8cf85fa857976094dd7c5d47e9688c08e3cbcabbd6f6d142d508a27989ebe55b,LOCKED,CLEAN,2159440,POSITIVE,true,"v3.7 mid-agree-gated hop2|shot(24/0) + disagree-lin∩mlp + Relative-static SoftScale-dyn RQM-OFF cos=0.960 static_rel=0.009 step1=0.997 pt_err=5.469; oracle-mid=0.949; soft-hybrid-diag=0.956; single-shot=0.975; linear=0.978 nn=0.965 table=0.000"
E23_rollout_no_teacher_forcing,0xB309,ce282a2,translation,MODE_2_DYNAMIC_FIELD,0.612641,0.000000,0.000000,0.000000,0.000000,0.000000,0.000000,1.000000,-0.353365,0.000000,0,80,0,24,e24cefdc2f0d369af8f289ba71acc56798d5ff4edf80666a0a04edf88c99c7b7,LOCKED,CLEAN,1442027,NULL,true,"horizons [1, 2, 4, 8, 16, 32, 64] cos [0.56715367111126, 0.15594430071781593, -0.29936117964212644, -0.3533648148482165, -0.03839525965136822, 0.4872801671777294, 0.6126406976840307] energy [1.0, 1.0, 1.0, 1.0, 1.0, 1.0, 1.0] (v3.6: shared v3.5 mix retained; pure step eval; no TF; E22-focused levers)"
E24_static_vs_dynamic_paired,0xB309,ce282a2,,MODE_2_DYNAMIC_FIELD,0.985338,0.442024,0.973080,0.809892,0.000000,0.001222,0.170060,1.000000,0.999870,0.000000,0,80,0,24,2f4e76be94d4d8125700e1bfe6fa0d2766fc442e5745cbb0ec2c43daea16bd99,LOCKED,CLEAN,1559724,POSITIVE,true,"v3.7 SoftScale-dyn + Relative-static; delta_mean=0.5433 median=0.4864 std=0.2822 bootstrap95%=[0.4583,0.6565] effect≈1.925; static=NO_ACTION"
E25_central_experience_cdt_cycle,0x5152,ce282a2,scaling,MODE_2_DYNAMIC_FIELD,0.518114,0.520241,0.353354,0.231978,0.000000,0.040157,0.969646,1.000000,0.999887,0.022308,0,80,20,24,1fa3604f2662842f175b9284c2bff0759669b1dd0bcacb3d0bc24a72ae87742b,LOCKED,CLEAN,1766256,PARTIAL,true,"cycle E→CDT→D_phi→Y_new; with_exp=0.518 without=0.496 gain=0.022; Y_new_unstored=true; memories OFF at eval"
E26_experience_ablation_A_G,0xBDEF,ce282a2,rotation,MODE_3_DYNAMIC_PLUS_CDT_TRAINING,0.517926,0.611976,0.515137,-0.064647,0.000000,0.040173,0.971571,1.000000,0.999897,0.150111,0,80,20,24,c15bde577cf61c59c25398c16f478415b87b81844cd4746313e44cba7f4b5078,LOCKED,CLEAN,1748156,PARTIAL,true,"ablations A=no-exp B=unconsol C=consol D=corrupt E=irrelevant F=other-rule G=stats-only; C0=0.518 C1=0.518 C2=0.668 C3=0.472 C4=0.164 C5=0.047 C6=0.511; gain=0.150; FIELD_ONLY eval queries=0"
E27_rule_transfer,0xB309,ce282a2,transfer_translation,MODE_2_DYNAMIC_FIELD,0.723209,0.698182,0.000000,0.000000,0.000000,0.000000,0.000000,0.000000,0.000000,0.000000,0,0,0,0,23fef2b438b18ac757f5eab4dfbd8a45c604d993cbfa32fcfc9800a890147b36,LOCKED,CLEAN,1154424,PARTIAL,true,"B1=0.723 B2=0.830 B3=0.954; targets never in consolidation"
E28_continual_forgetting,0xB309,ce282a2,,MODE_3_DYNAMIC_PLUS_CDT_TRAINING,0.995161,0.000000,0.000000,0.000000,0.000000,0.000000,0.000000,0.000000,0.000000,0.000000,0,0,0,0,,LOCKED,CLEAN,2413045,PARTIAL,true,"R1..R4 retention [0.9988207475965599, 0.9880667737869091, 0.9993728451690461, 0.9943820150301419] forgetting=0.004; CDT regularity replay"
E29_causal_intervention,0xB309,ce282a2,,,0.995921,0.994370,0.000000,0.000000,0.000000,0.000000,0.000000,0.000000,0.000000,0.000000,0,0,0,0,7ad328f647fe3619018a852a3f83a71d25bbc9232fbd08cd9a50b3161fa70d65,LOCKED,CLEAN,0,PARTIAL,true,"baseline=0.996 targeted=0.965 random=0.985 rollback=0.996; drop_t=0.031 drop_r=0.011 rollback_ok=true"
E30_serialize_reload_persistence,0xB309,ce282a2,,,0.986173,0.985244,0.000000,0.000000,0.000000,0.000000,0.000000,0.000000,0.000000,0.000000,0,0,0,0,8257a9880ca0b29434dd0d595ae90e7ac2b8967654eda43aacd45970793e4b3f,LOCKED,CLEAN,0,PARTIAL,true,"P0(enc+dyn+cdt)=0.986 P1(enc+dyn)=0.986 P2(dyn+fresh_enc)=0.334 P3(cdt_stats)=0.985; in-process serialize/reload; OS restart deferred"
FASE_A_cleanroom_field_only,0xB30A,ce282a2,,MODE_2_DYNAMIC_FIELD,0.000000,0.000000,0.000000,0.000000,0.000000,0.000000,0.000000,0.000000,0.000000,0.000000,0,0,0,0,,LOCKED,CLEAN,0,POSITIVE,true,"clean-room defaults: random init, CDT empty, RQM/NN/table/attractor OFF; leakage=0"
E18_reinforced_rule_learning,0xB30A,ce282a2,translation,MODE_2_DYNAMIC_FIELD,0.950551,0.648851,0.886629,0.833753,0.000000,0.004121,0.312625,1.000000,0.999908,0.000000,0,80,20,24,c8e2df9f7024c045bbcb009ec2ed02f9ee9d3420108286961361131ce2ea6b6d,LOCKED,CLEAN,1556354,STRONG_POSITIVE,true,"v3.7 SoftScale-train + Relative-static-probe; continuous T; X_new/B_new outside train; MSE=0.0041 rel=0.3126 energy=1.0000 stab=0.9999; path=input→FieldEncoder→D_phi→output; leak=0"
E18C_cdt_conditions_C0_C6,0xB3CA,ce282a2,rotation,MODE_3_DYNAMIC_PLUS_CDT_TRAINING,0.667579,0.766501,0.809759,0.775074,0.000000,0.027702,0.802463,1.000000,0.999889,0.080004,0,80,20,24,50e56f1dea17b635cc45c342cf5a3a01f3884f8344a6625ff55d9dbe53cbc715,LOCKED,CLEAN,1738422,PARTIAL,true,"C0=0.668 C1=0.668 C2=0.748 C3=0.603 C4=0.436 C5=0.224 C6=0.739; gain=0.080; FIELD_ONLY eval queries=0"
E19_provenance_audit,0xBD13,ce282a2,translation,MODE_2_DYNAMIC_FIELD,0.930947,0.649319,0.918970,0.818742,0.000000,0.005754,0.341158,1.000000,0.999945,0.000000,0,80,20,24,a80a7de8c12ac4f4cdd2dfd43037a01a1f78eaa15c36af78365dd15ee78af0ef,LOCKED,CLEAN,1538089,STRONG_POSITIVE,true,"flags train/dev/cdt/rqm/attr/table/nn/equiv=0/0/0/0/0/0/0/0; queries cdt/rqm/table/nn/attr=0/0/0/0/0; leak=0"
E20_rule_vs_trajectory_antimem,0xB30A,ce282a2,translation,MODE_2_DYNAMIC_FIELD,0.994944,0.994381,0.949732,0.905468,0.000000,0.000421,0.100386,1.000000,0.999934,0.000000,0,80,20,24,849120b11630be04b78395549a0c4f21c355c7c6940f6035be00e1d0e3793a20,LOCKED,CLEAN,1748905,PARTIAL,true,"rule_cos=0.995 traj_cos=0.998 anti_cos=0.984; antimem_drop=0.011"
E21_interpolation_vs_extrapolation,0xB30A,ce282a2,translation_param,MODE_2_DYNAMIC_FIELD,0.770181,0.440148,0.879554,0.785663,0.000000,0.019152,0.671301,1.000000,0.995756,0.000000,0,108,20,24,46d9dbe610cb99c1d5d9c75d6055edbf229891dc60fe920eecb6f817adba2901,LOCKED,CLEAN,2003801,PARTIAL,true,"v3.5 SoftScale-train + Relative-static-probe; interp_cos=0.773 extrap_cos=0.770 static_rel=0.440 (dx denser + multifamily; train dx in [-2,2] test dx=3; n_train=108)"
E22_composition_rqm_off,0xB30A,ce282a2,compose,MODE_2_DYNAMIC_FIELD,0.873538,0.225726,0.926688,0.863600,0.000000,3.068099,0.348853,1.000000,0.999961,0.000000,0,120,0,24,b2371141a0c606dadc6d3e0fbda59e90a540fd17f69363fd96ef91e2e6219990,LOCKED,CLEAN,2150500,POSITIVE,true,"v3.7 mid-agree-gated hop2|shot(24/0) + disagree-lin∩mlp + Relative-static SoftScale-dyn RQM-OFF cos=0.874 static_rel=0.226 step1=0.980 pt_err=3.068; oracle-mid=0.891; soft-hybrid-diag=0.882; single-shot=0.939; linear=0.927 nn=0.864 table=0.000"
E23_rollout_no_teacher_forcing,0xB30A,ce282a2,translation,MODE_2_DYNAMIC_FIELD,0.831258,0.000000,0.000000,0.000000,0.000000,0.000000,0.000000,1.000000,0.897066,0.000000,0,80,0,24,7c07bdced189543c53a8bfa44532bafea9c4b4a9311596fbad87334e50c521a1,LOCKED,CLEAN,1441681,PARTIAL,true,"horizons [1, 2, 4, 8, 16, 32, 64] cos [0.9956906339834851, 0.9787400241679207, 0.9157413105423168, 0.8970658573583533, 0.9353157018062173, 0.858723454279766, 0.8312583143324721] energy [1.0, 1.0, 1.0, 1.0, 1.0, 1.0, 1.0] (v3.6: shared v3.5 mix retained; pure step eval; no TF; E22-focused levers)"
E24_static_vs_dynamic_paired,0xB30A,ce282a2,,MODE_2_DYNAMIC_FIELD,0.995240,0.363427,0.910817,0.884688,0.000000,0.000397,0.095493,1.000000,0.999935,0.000000,0,80,0,24,d6e109839e93a5cd1140d0602d95aab087d4823cef0736896adea749b3064086,LOCKED,CLEAN,1554395,POSITIVE,true,"v3.7 SoftScale-dyn + Relative-static; delta_mean=0.6318 median=0.5421 std=0.3905 bootstrap95%=[0.4932,0.7936] effect≈1.618; static=NO_ACTION"
E25_central_experience_cdt_cycle,0x5151,ce282a2,scaling,MODE_2_DYNAMIC_FIELD,0.499277,0.463594,0.340481,0.246513,0.000000,0.041727,0.966266,1.000000,0.999745,-0.044610,0,80,20,24,04b395e20ebfe9c4342efab4be8fb789d4d5f0c0ecc1c70a37deb05cfd50e054,LOCKED,CLEAN,1755397,PARTIAL,true,"cycle E→CDT→D_phi→Y_new; with_exp=0.499 without=0.544 gain=-0.045; Y_new_unstored=true; memories OFF at eval"
E26_experience_ablation_A_G,0xBDEC,ce282a2,rotation,MODE_3_DYNAMIC_PLUS_CDT_TRAINING,0.794325,0.723824,0.771827,0.685667,0.000000,0.017140,0.611995,1.000000,0.999975,-0.451879,0,80,20,24,cc018e1af67e1950b44780be70f9e7cc1164ae855b0f41dd695cbb017532aba6,LOCKED,CLEAN,1740263,PARTIAL,true,"ablations A=no-exp B=unconsol C=consol D=corrupt E=irrelevant F=other-rule G=stats-only; C0=0.794 C1=0.794 C2=0.342 C3=0.446 C4=0.576 C5=0.435 C6=0.126; gain=-0.452; FIELD_ONLY eval queries=0"
E27_rule_transfer,0xB30A,ce282a2,transfer_translation,MODE_2_DYNAMIC_FIELD,0.703905,0.818812,0.000000,0.000000,0.000000,0.000000,0.000000,0.000000,0.000000,0.000000,0,0,0,0,aa785dab66e80c177a3c712bf5f2e810a52626a8c7d7bc749c9e82109db292cb,LOCKED,CLEAN,1186573,PARTIAL,true,"B1=0.704 B2=0.860 B3=0.962; targets never in consolidation"
E28_continual_forgetting,0xB30A,ce282a2,,MODE_3_DYNAMIC_PLUS_CDT_TRAINING,0.993846,0.000000,0.000000,0.000000,0.000000,0.000000,0.000000,0.000000,0.000000,0.000000,0,0,0,0,,LOCKED,CLEAN,2410822,PARTIAL,true,"R1..R4 retention [0.9915726939362495, 0.9843939377179161, 0.9998449768633465, 0.9995742723800155] forgetting=-0.008; CDT regularity replay"
E29_causal_intervention,0xB30A,ce282a2,,,0.978129,0.982676,0.000000,0.000000,0.000000,0.000000,0.000000,0.000000,0.000000,0.000000,0,0,0,0,b39717ce42aa6f8a3ed4589ee1f253dc0dacc8ec38cb57f6bd96e065d85224ba,LOCKED,CLEAN,0,PARTIAL,true,"baseline=0.978 targeted=0.785 random=0.974 rollback=0.978; drop_t=0.194 drop_r=0.004 rollback_ok=true"
E30_serialize_reload_persistence,0xB30A,ce282a2,,,0.988784,0.986922,0.000000,0.000000,0.000000,0.000000,0.000000,0.000000,0.000000,0.000000,0,0,0,0,d3e4d49c87474e165ebe50b771300b9347da44e9ebf138052ed4e3ab68968f14,LOCKED,CLEAN,0,PARTIAL,true,"P0(enc+dyn+cdt)=0.989 P1(enc+dyn)=0.989 P2(dyn+fresh_enc)=0.539 P3(cdt_stats)=0.987; in-process serialize/reload; OS restart deferred"
FASE_A_cleanroom_field_only,0xB30B,ce282a2,,MODE_2_DYNAMIC_FIELD,0.000000,0.000000,0.000000,0.000000,0.000000,0.000000,0.000000,0.000000,0.000000,0.000000,0,0,0,0,,LOCKED,CLEAN,0,POSITIVE,true,"clean-room defaults: random init, CDT empty, RQM/NN/table/attractor OFF; leakage=0"
E18_reinforced_rule_learning,0xB30B,ce282a2,translation,MODE_2_DYNAMIC_FIELD,0.934497,0.343601,0.959915,0.918230,0.000000,0.005459,0.355613,1.000000,0.999889,0.000000,0,80,20,24,6ab56991eb9bc53a69c6ac4c6c7a27b6a85a9e77cb0cb82b3748d1f3303cfd34,LOCKED,CLEAN,1550352,POSITIVE,true,"v3.7 SoftScale-train + Relative-static-probe; continuous T; X_new/B_new outside train; MSE=0.0055 rel=0.3556 energy=1.0000 stab=0.9999; path=input→FieldEncoder→D_phi→output; leak=0"
E18C_cdt_conditions_C0_C6,0xB3CB,ce282a2,rotation,MODE_3_DYNAMIC_PLUS_CDT_TRAINING,0.292333,0.240899,0.060691,0.200310,0.000000,0.058972,1.131544,1.000000,0.999873,0.319437,0,80,20,24,11615e07695581f9448acb6aeaaf661543aa46409da0688dc37cd4efb916106d,LOCKED,CLEAN,1742296,PARTIAL,true,"C0=0.292 C1=0.292 C2=0.612 C3=0.848 C4=0.500 C5=0.490 C6=0.345; gain=0.319; FIELD_ONLY eval queries=0"
E19_provenance_audit,0xBD12,ce282a2,translation,MODE_2_DYNAMIC_FIELD,0.990526,0.667363,0.955026,0.883267,0.000000,0.000789,0.137352,1.000000,0.999879,0.000000,0,80,20,24,8c5a1622bcee1cc31f8ccdbc3a4b0ed8fefc388314272b3e48401a07e181d81b,LOCKED,CLEAN,1532078,STRONG_POSITIVE,true,"flags train/dev/cdt/rqm/attr/table/nn/equiv=0/0/0/0/0/0/0/0; queries cdt/rqm/table/nn/attr=0/0/0/0/0; leak=0"
E20_rule_vs_trajectory_antimem,0xB30B,ce282a2,translation,MODE_2_DYNAMIC_FIELD,0.996198,0.991644,0.974818,0.948896,0.000000,0.000317,0.086006,1.000000,0.999905,0.000000,0,80,20,24,a610e22e760ec9a0725f1ae734d6dc39944aaa980e70a9df391c7d15603d95e4,LOCKED,CLEAN,1749826,PARTIAL,true,"rule_cos=0.996 traj_cos=0.992 anti_cos=0.973; antimem_drop=0.023"
E21_interpolation_vs_extrapolation,0xB30B,ce282a2,translation_param,MODE_2_DYNAMIC_FIELD,0.977124,0.653062,0.978995,0.957279,0.000000,0.001906,0.213516,1.000000,0.999673,0.000000,0,108,20,24,b55340c6931ccbd5fa3e439702af6bc6016da80e40af3359c1109fd09f909cb7,LOCKED,CLEAN,1948852,STRONG_POSITIVE,true,"v3.5 SoftScale-train + Relative-static-probe; interp_cos=0.997 extrap_cos=0.977 static_rel=0.653 (dx denser + multifamily; train dx in [-2,2] test dx=3; n_train=108)"
E22_composition_rqm_off,0xB30B,ce282a2,compose,MODE_2_DYNAMIC_FIELD,0.908074,0.085724,0.940651,0.894671,0.000000,4.761608,0.307374,1.000000,0.999921,0.000000,0,120,0,24,f322cc8b35bd0a039e06c08037c439757fc3c90fadfeccc7d9cc5936ed414f17,LOCKED,CLEAN,2152521,POSITIVE,true,"v3.7 mid-agree-gated hop2|shot(24/0) + disagree-lin∩mlp + Relative-static SoftScale-dyn RQM-OFF cos=0.908 static_rel=0.086 step1=0.984 pt_err=4.762; oracle-mid=0.862; soft-hybrid-diag=0.894; single-shot=0.952; linear=0.941 nn=0.895 table=0.000"
E23_rollout_no_teacher_forcing,0xB30B,ce282a2,translation,MODE_2_DYNAMIC_FIELD,-0.072898,0.000000,0.000000,0.000000,0.000000,0.000000,0.000000,1.000000,0.818963,0.000000,0,80,0,24,a294eb80c4d427aef610575c91c59d9b78a151f4d6cd404933fed2b4ad250250,LOCKED,CLEAN,1440932,PARTIAL,true,"horizons [1, 2, 4, 8, 16, 32, 64] cos [0.9937182570164707, 0.9815229282379323, 0.9622031478642259, 0.818962618114018, 0.23314548842224184, -0.030987508786228534, -0.07289759435779136] energy [1.0, 1.0, 1.0, 1.0, 1.0, 1.0, 1.0] (v3.6: shared v3.5 mix retained; pure step eval; no TF; E22-focused levers)"
E24_static_vs_dynamic_paired,0xB30B,ce282a2,,MODE_2_DYNAMIC_FIELD,0.977902,0.561419,0.989434,0.913664,0.000000,0.001841,0.208108,1.000000,0.999802,0.000000,0,80,0,24,d996f23ef06b61a16c6d4f729c9b606841ef61b58eb90983f65ec621298bca97,LOCKED,CLEAN,1539538,POSITIVE,true,"v3.7 SoftScale-dyn + Relative-static; delta_mean=0.4165 median=0.3167 std=0.1905 bootstrap95%=[0.3445,0.5115] effect≈2.187; static=NO_ACTION"
E25_central_experience_cdt_cycle,0x5150,ce282a2,scaling,MODE_2_DYNAMIC_FIELD,0.776903,0.436126,0.474064,0.210264,0.000000,0.018591,0.547504,1.000000,0.999903,-0.044522,0,80,20,24,529c943d665c2687465ae7f47ff035f0bf855d9efc7e2de0e432e719c83d5488,LOCKED,CLEAN,1749480,PARTIAL,true,"cycle E→CDT→D_phi→Y_new; with_exp=0.777 without=0.821 gain=-0.045; Y_new_unstored=true; memories OFF at eval"
E26_experience_ablation_A_G,0xBDED,ce282a2,rotation,MODE_3_DYNAMIC_PLUS_CDT_TRAINING,-0.047571,0.575208,0.267777,0.411461,0.000000,0.087298,1.441418,1.000000,0.999825,-0.025305,0,80,20,24,c34d8a2c2db24db43b7880e8d313ebce4b2e16caf385949f372502537a278eca,LOCKED,CLEAN,1748477,NULL,true,"ablations A=no-exp B=unconsol C=consol D=corrupt E=irrelevant F=other-rule G=stats-only; C0=-0.048 C1=-0.048 C2=-0.073 C3=-0.034 C4=0.703 C5=0.426 C6=0.615; gain=-0.025; FIELD_ONLY eval queries=0"
E27_rule_transfer,0xB30B,ce282a2,transfer_translation,MODE_2_DYNAMIC_FIELD,0.894065,0.831532,0.000000,0.000000,0.000000,0.000000,0.000000,0.000000,0.000000,0.000000,0,0,0,0,266e2d6a3db14033b1eb2d8cfa8ffea4dc9be2be348fa6f20b2554705abeccb6,LOCKED,CLEAN,1172709,POSITIVE,true,"B1=0.894 B2=0.881 B3=0.969; targets never in consolidation"
E28_continual_forgetting,0xB30B,ce282a2,,MODE_3_DYNAMIC_PLUS_CDT_TRAINING,0.992706,0.000000,0.000000,0.000000,0.000000,0.000000,0.000000,0.000000,0.000000,0.000000,0,0,0,0,,LOCKED,CLEAN,2408779,PARTIAL,true,"R1..R4 retention [0.9970182518980059, 0.9747526125249398, 0.9999325896687279, 0.9991199037059197] forgetting=-0.002; CDT regularity replay"
E29_causal_intervention,0xB30B,ce282a2,,,0.990837,0.991745,0.000000,0.000000,0.000000,0.000000,0.000000,0.000000,0.000000,0.000000,0,0,0,0,5e33949801be185a7b1c2fc1c47263cf56c5ae7409193de955af2cb179318557,LOCKED,CLEAN,0,PARTIAL,true,"baseline=0.991 targeted=0.900 random=0.990 rollback=0.991; drop_t=0.091 drop_r=0.000 rollback_ok=true"
E30_serialize_reload_persistence,0xB30B,ce282a2,,,0.981652,0.993207,0.000000,0.000000,0.000000,0.000000,0.000000,0.000000,0.000000,0.000000,0,0,0,0,545d3df90db546967f4b7c82a8f129fb83f36b22092a3fc670e234d32ee5a832,LOCKED,CLEAN,0,PARTIAL,true,"P0(enc+dyn+cdt)=0.982 P1(enc+dyn)=0.982 P2(dyn+fresh_enc)=0.448 P3(cdt_stats)=0.993; in-process serialize/reload; OS restart deferred"
FASE_A_cleanroom_field_only,0xB30C,ce282a2,,MODE_2_DYNAMIC_FIELD,0.000000,0.000000,0.000000,0.000000,0.000000,0.000000,0.000000,0.000000,0.000000,0.000000,0,0,0,0,,LOCKED,CLEAN,0,POSITIVE,true,"clean-room defaults: random init, CDT empty, RQM/NN/table/attractor OFF; leakage=0"
E18_reinforced_rule_learning,0xB30C,ce282a2,translation,MODE_2_DYNAMIC_FIELD,0.979985,0.452932,0.971580,0.956767,0.000000,0.001668,0.199112,1.000000,0.999908,0.000000,0,80,20,24,ab45cd416c173b9217cf217722cf38e4a1b47ea4f8e5377b9bf88bd53608d683,LOCKED,CLEAN,1562313,STRONG_POSITIVE,true,"v3.7 SoftScale-train + Relative-static-probe; continuous T; X_new/B_new outside train; MSE=0.0017 rel=0.1991 energy=1.0000 stab=0.9999; path=input→FieldEncoder→D_phi→output; leak=0"
E18C_cdt_conditions_C0_C6,0xB3CC,ce282a2,rotation,MODE_3_DYNAMIC_PLUS_CDT_TRAINING,0.075759,0.332628,0.327986,-0.383294,0.000000,0.077020,1.339598,1.000000,0.999925,0.131286,0,80,20,24,1534366d21315e395a782043ae219ddffd63d7305ecd0af5019932f426ee65e2,LOCKED,CLEAN,1754688,PARTIAL,true,"C0=0.076 C1=0.076 C2=0.207 C3=-0.139 C4=0.763 C5=0.184 C6=0.273; gain=0.131; FIELD_ONLY eval queries=0"
E19_provenance_audit,0xBD15,ce282a2,translation,MODE_2_DYNAMIC_FIELD,0.926603,0.413353,0.923055,0.834660,0.000000,0.006116,0.379124,1.000000,0.999934,0.000000,0,80,20,24,1521e34780c0820b416d5199b7341d05bb434c0dee1618066c3fe5a440a974b6,LOCKED,CLEAN,1532114,STRONG_POSITIVE,true,"flags train/dev/cdt/rqm/attr/table/nn/equiv=0/0/0/0/0/0/0/0; queries cdt/rqm/table/nn/attr=0/0/0/0/0; leak=0"
E20_rule_vs_trajectory_antimem,0xB30C,ce282a2,translation,MODE_2_DYNAMIC_FIELD,0.995567,0.995766,0.960985,0.826555,0.000000,0.000369,0.091046,1.000000,0.999940,0.000000,0,80,20,24,215cc663b487a4eacc1093e28d5a28c6428b6222b7a1c124652fee1cbbb522ff,LOCKED,CLEAN,1740927,PARTIAL,true,"rule_cos=0.996 traj_cos=0.992 anti_cos=0.986; antimem_drop=0.010"
E21_interpolation_vs_extrapolation,0xB30C,ce282a2,translation_param,MODE_2_DYNAMIC_FIELD,0.964851,0.176098,0.977243,0.971623,0.000000,0.002929,0.264504,1.000000,0.999856,0.000000,0,108,20,24,186f85209b4f66b3fffbf6b3d039c69aaecad1e05e2e27fa054abb005ffb6cc6,LOCKED,CLEAN,1903925,POSITIVE,true,"v3.5 SoftScale-train + Relative-static-probe; interp_cos=0.988 extrap_cos=0.965 static_rel=0.176 (dx denser + multifamily; train dx in [-2,2] test dx=3; n_train=108)"
E22_composition_rqm_off,0xB30C,ce282a2,compose,MODE_2_DYNAMIC_FIELD,0.740108,0.312163,0.897831,0.823120,0.000000,7.169526,0.420260,1.000000,0.999619,0.000000,0,120,0,24,564682cd7e44c389e9a6fe6ae56e6cb2ac95ced5b02af6d7b2a20fbd39c5e72f,LOCKED,CLEAN,2150230,PARTIAL,true,"v3.7 mid-agree-gated hop2|shot(16/8) + disagree-lin∩mlp + Relative-static SoftScale-dyn RQM-OFF cos=0.740 static_rel=0.312 step1=0.979 pt_err=7.170; oracle-mid=0.775; soft-hybrid-diag=0.665; single-shot=0.900; linear=0.898 nn=0.823 table=0.000"
E23_rollout_no_teacher_forcing,0xB30C,ce282a2,translation,MODE_2_DYNAMIC_FIELD,-0.977822,0.000000,0.000000,0.000000,0.000000,0.000000,0.000000,1.000000,0.284065,0.000000,0,80,0,24,20e1452676f010eb64937d59a93b16c0cc430e3eb4ebc3da14b8472afacc9437,LOCKED,CLEAN,1444666,PARTIAL,true,"horizons [1, 2, 4, 8, 16, 32, 64] cos [0.9570364131864603, 0.8651206942294789, 0.6659380055620852, 0.2840651519416915, -0.35100029455738485, -0.8587316693209739, -0.9778217680386873] energy [1.0, 1.0, 1.0, 1.0, 1.0, 1.0000000000000002, 1.0] (v3.6: shared v3.5 mix retained; pure step eval; no TF; E22-focused levers)"
E24_static_vs_dynamic_paired,0xB30C,ce282a2,,MODE_2_DYNAMIC_FIELD,0.990198,0.477742,0.889387,0.875586,0.000000,0.000817,0.137460,1.000000,0.999949,0.000000,0,80,0,24,d6df8d477e302cf9778eab3ed346f3918f9c10fb6fd0e3bd77b0173a3383641b,LOCKED,CLEAN,1569814,POSITIVE,true,"v3.7 SoftScale-dyn + Relative-static; delta_mean=0.5125 median=0.3888 std=0.3446 bootstrap95%=[0.3914,0.6344] effect≈1.487; static=NO_ACTION"
E25_central_experience_cdt_cycle,0x5157,ce282a2,scaling,MODE_2_DYNAMIC_FIELD,0.837629,0.523928,0.665639,0.552354,0.000000,0.013531,0.534654,1.000000,0.999941,0.091092,0,80,20,24,97f8ed3b14e5a45d45b8c1757da4338428c94519d9264e65d1328df1eb59fb61,LOCKED,CLEAN,1743277,PARTIAL,true,"cycle E→CDT→D_phi→Y_new; with_exp=0.838 without=0.747 gain=0.091; Y_new_unstored=true; memories OFF at eval"
E26_experience_ablation_A_G,0xBDEA,ce282a2,rotation,MODE_3_DYNAMIC_PLUS_CDT_TRAINING,0.641702,0.224751,0.238392,0.160332,0.000000,0.029858,0.796596,1.000000,0.999793,-0.485839,0,80,20,24,24cd388c98e8fa76a20be031a18117ec3e781b561a42e88ade9361a05fc9dd7e,LOCKED,CLEAN,1746930,PARTIAL,true,"ablations A=no-exp B=unconsol C=consol D=corrupt E=irrelevant F=other-rule G=stats-only; C0=0.642 C1=0.642 C2=0.156 C3=0.632 C4=0.397 C5=0.004 C6=0.155; gain=-0.486; FIELD_ONLY eval queries=0"
E27_rule_transfer,0xB30C,ce282a2,transfer_translation,MODE_2_DYNAMIC_FIELD,0.934066,0.807392,0.000000,0.000000,0.000000,0.000000,0.000000,0.000000,0.000000,0.000000,0,0,0,0,65dd02a821a2f58fc445a797b2aa8fd89ec815e2b9b1e2bdb3d639b381d7cd83,LOCKED,CLEAN,1192833,PARTIAL,true,"B1=0.934 B2=0.573 B3=0.989; targets never in consolidation"
E28_continual_forgetting,0xB30C,ce282a2,,MODE_3_DYNAMIC_PLUS_CDT_TRAINING,0.991504,0.000000,0.000000,0.000000,0.000000,0.000000,0.000000,0.000000,0.000000,0.000000,0,0,0,0,,LOCKED,CLEAN,2430324,PARTIAL,true,"R1..R4 retention [0.9993887172165329, 0.9675968235976621, 0.999503846891836, 0.9995256012267216] forgetting=-0.000; CDT regularity replay"
E29_causal_intervention,0xB30C,ce282a2,,,0.983179,0.983934,0.000000,0.000000,0.000000,0.000000,0.000000,0.000000,0.000000,0.000000,0,0,0,0,c344a27232a6935c508a579e30e6f41e5af51e96ebad1042ed9da1b324a8afb4,LOCKED,CLEAN,0,PARTIAL,true,"baseline=0.983 targeted=0.884 random=0.982 rollback=0.983; drop_t=0.099 drop_r=0.001 rollback_ok=true"
E30_serialize_reload_persistence,0xB30C,ce282a2,,,0.995649,0.992630,0.000000,0.000000,0.000000,0.000000,0.000000,0.000000,0.000000,0.000000,0,0,0,0,cbab33442f20286ef34827da8f5af6a124d766e4119aaf263117eb72749c5742,LOCKED,CLEAN,0,PARTIAL,true,"P0(enc+dyn+cdt)=0.996 P1(enc+dyn)=0.996 P2(dyn+fresh_enc)=0.402 P3(cdt_stats)=0.993; in-process serialize/reload; OS restart deferred"
FASE_A_cleanroom_field_only,0xB30D,ce282a2,,MODE_2_DYNAMIC_FIELD,0.000000,0.000000,0.000000,0.000000,0.000000,0.000000,0.000000,0.000000,0.000000,0.000000,0,0,0,0,,LOCKED,CLEAN,0,POSITIVE,true,"clean-room defaults: random init, CDT empty, RQM/NN/table/attractor OFF; leakage=0"
E18_reinforced_rule_learning,0xB30D,ce282a2,translation,MODE_2_DYNAMIC_FIELD,0.875406,0.590355,0.791776,0.757151,0.000000,0.010383,0.491091,1.000000,0.999323,0.000000,0,80,20,24,b538b776bbf488e42876929dffb02f7910ce8f5b44a9d99b0e42687bca40caeb,LOCKED,CLEAN,1557856,POSITIVE,true,"v3.7 SoftScale-train + Relative-static-probe; continuous T; X_new/B_new outside train; MSE=0.0104 rel=0.4911 energy=1.0000 stab=0.9993; path=input→FieldEncoder→D_phi→output; leak=0"
E18C_cdt_conditions_C0_C6,0xB3CD,ce282a2,rotation,MODE_3_DYNAMIC_PLUS_CDT_TRAINING,0.625849,0.556110,0.522598,0.542478,0.000000,0.031179,0.796604,1.000000,0.999962,-0.012980,0,80,20,24,d3df914e4ffc244fe3b2b3678bcd4f799fba717225c3b4c49d0e0c8ad121d5b0,LOCKED,CLEAN,1751100,NULL,true,"C0=0.626 C1=0.626 C2=0.613 C3=0.791 C4=0.443 C5=0.629 C6=0.793; gain=-0.013; FIELD_ONLY eval queries=0"
E19_provenance_audit,0xBD14,ce282a2,translation,MODE_2_DYNAMIC_FIELD,0.950021,0.550927,0.946485,0.863506,0.000000,0.004165,0.312754,1.000000,0.999980,0.000000,0,80,20,24,5f23da9e80134ff2f95de2c337e760ed11380973ebf41ae5117770abf65b68e2,LOCKED,CLEAN,1514159,STRONG_POSITIVE,true,"flags train/dev/cdt/rqm/attr/table/nn/equiv=0/0/0/0/0/0/0/0; queries cdt/rqm/table/nn/attr=0/0/0/0/0; leak=0"
E20_rule_vs_trajectory_antimem,0xB30D,ce282a2,translation,MODE_2_DYNAMIC_FIELD,0.996923,0.995603,0.977443,0.965891,0.000000,0.000256,0.077377,1.000000,0.999725,0.000000,0,80,20,24,9ec829a7ac534f99baf61f5c67801a645c3f9086e64f6a5e542ef4f5e9e21b1b,LOCKED,CLEAN,1750413,PARTIAL,true,"rule_cos=0.997 traj_cos=0.995 anti_cos=0.981; antimem_drop=0.016"
E21_interpolation_vs_extrapolation,0xB30D,ce282a2,translation_param,MODE_2_DYNAMIC_FIELD,0.975692,0.336734,0.953617,0.943366,0.000000,0.002026,0.220079,1.000000,0.999699,0.000000,0,108,20,24,c9de1dbd9264aabf507a6442f3bbae4edb3bc36100174306b342f60e05b8edf2,LOCKED,CLEAN,1919875,STRONG_POSITIVE,true,"v3.5 SoftScale-train + Relative-static-probe; interp_cos=0.989 extrap_cos=0.976 static_rel=0.337 (dx denser + multifamily; train dx in [-2,2] test dx=3; n_train=108)"
E22_composition_rqm_off,0xB30D,ce282a2,compose,MODE_2_DYNAMIC_FIELD,0.912482,0.250853,0.877157,0.895417,0.000000,9.403222,0.310464,1.000000,0.999854,0.000000,0,120,0,24,7e39c3e4d1e07e7920a615a5ea02dbc010fa88f57095f56216b7b6a11a9bd983,LOCKED,CLEAN,2159771,POSITIVE,true,"v3.7 mid-agree-gated hop2|shot(24/0) + disagree-lin∩mlp + Relative-static SoftScale-dyn RQM-OFF cos=0.912 static_rel=0.251 step1=0.977 pt_err=9.403; oracle-mid=0.900; soft-hybrid-diag=0.902; single-shot=0.951; linear=0.877 nn=0.895 table=0.000"
E23_rollout_no_teacher_forcing,0xB30D,ce282a2,translation,MODE_2_DYNAMIC_FIELD,0.906993,0.000000,0.000000,0.000000,0.000000,0.000000,0.000000,1.000000,0.934388,0.000000,0,80,0,24,01fd8d92c1d61c00957504f9f7025d6f2dd04f26aa720594167a0e094c02c822,LOCKED,CLEAN,1435239,POSITIVE,true,"horizons [1, 2, 4, 8, 16, 32, 64] cos [0.9525234572717797, 0.941628737136002, 0.9390838105872906, 0.9343882499677946, 0.918848502740957, 0.898804261356457, 0.9069930962740133] energy [1.0, 1.0, 1.0, 0.9999999999999999, 1.0, 1.0, 1.0] (v3.6: shared v3.5 mix retained; pure step eval; no TF; E22-focused levers)"
E24_static_vs_dynamic_paired,0xB30D,ce282a2,,MODE_2_DYNAMIC_FIELD,0.950874,0.360818,0.906848,0.763354,0.000000,0.004094,0.311075,1.000000,0.999877,0.000000,0,80,0,24,57f3df83253e226eabc6f5a3e8805e0f815b8a39fc43222ef31f47ccedb29d5b,LOCKED,CLEAN,1525296,POSITIVE,true,"v3.7 SoftScale-dyn + Relative-static; delta_mean=0.5901 median=0.5557 std=0.2712 bootstrap95%=[0.4798,0.6826] effect≈2.176; static=NO_ACTION"
E25_central_experience_cdt_cycle,0x5156,ce282a2,scaling,MODE_2_DYNAMIC_FIELD,0.683016,0.685908,0.579217,0.398678,0.000000,0.026415,0.764219,1.000000,0.999843,0.002477,0,80,20,24,e588775045bf4ce7b20875de6c90e73354e29a467793356099cc99adc4e75a6c,LOCKED,CLEAN,1754102,NULL,true,"cycle E→CDT→D_phi→Y_new; with_exp=0.683 without=0.681 gain=0.002; Y_new_unstored=true; memories OFF at eval"
E26_experience_ablation_A_G,0xBDEB,ce282a2,rotation,MODE_3_DYNAMIC_PLUS_CDT_TRAINING,-0.312586,-0.121390,-0.437329,-0.137191,0.000000,0.109382,1.617719,1.000000,0.999864,0.629108,0,80,20,24,d5262fd8410e4496c92845eed020d3455d2380105585580eb1a2bd67519a5174,LOCKED,CLEAN,1738764,PARTIAL,true,"ablations A=no-exp B=unconsol C=consol D=corrupt E=irrelevant F=other-rule G=stats-only; C0=-0.313 C1=-0.313 C2=0.317 C3=-0.037 C4=0.170 C5=-0.195 C6=-0.047; gain=0.629; FIELD_ONLY eval queries=0"
E27_rule_transfer,0xB30D,ce282a2,transfer_translation,MODE_2_DYNAMIC_FIELD,0.898143,0.869490,0.000000,0.000000,0.000000,0.000000,0.000000,0.000000,0.000000,0.000000,0,0,0,0,e55c75b9f20d6e3260542da0854618786784862c83206d92e1cefa8cf0a6a677,LOCKED,CLEAN,1177153,PARTIAL,true,"B1=0.898 B2=0.843 B3=0.963; targets never in consolidation"
E28_continual_forgetting,0xB30D,ce282a2,,MODE_3_DYNAMIC_PLUS_CDT_TRAINING,0.998210,0.000000,0.000000,0.000000,0.000000,0.000000,0.000000,0.000000,0.000000,0.000000,0,0,0,0,,LOCKED,CLEAN,2427521,PARTIAL,true,"R1..R4 retention [0.9990358245559992, 0.9949058893650923, 0.9997648899793599, 0.9991342253070542] forgetting=-0.000; CDT regularity replay"
E29_causal_intervention,0xB30D,ce282a2,,,0.968776,0.954226,0.000000,0.000000,0.000000,0.000000,0.000000,0.000000,0.000000,0.000000,0,0,0,0,6d92c6fd4ffe124dcda895639d4c43332a990fdfc27f7daa4887748a522ff5d5,LOCKED,CLEAN,0,PARTIAL,true,"baseline=0.969 targeted=0.930 random=0.941 rollback=0.969; drop_t=0.039 drop_r=0.027 rollback_ok=true"
E30_serialize_reload_persistence,0xB30D,ce282a2,,,0.993468,0.997565,0.000000,0.000000,0.000000,0.000000,0.000000,0.000000,0.000000,0.000000,0,0,0,0,8e6a6cd2a4c722516f0c04ec7f358f52b34beee4f864f279e088911c4556cb47,LOCKED,CLEAN,0,PARTIAL,true,"P0(enc+dyn+cdt)=0.993 P1(enc+dyn)=0.993 P2(dyn+fresh_enc)=0.200 P3(cdt_stats)=0.998; in-process serialize/reload; OS restart deferred"
FASE_A_cleanroom_field_only,0xB30E,ce282a2,,MODE_2_DYNAMIC_FIELD,0.000000,0.000000,0.000000,0.000000,0.000000,0.000000,0.000000,0.000000,0.000000,0.000000,0,0,0,0,,LOCKED,CLEAN,0,POSITIVE,true,"clean-room defaults: random init, CDT empty, RQM/NN/table/attractor OFF; leakage=0"
E18_reinforced_rule_learning,0xB30E,ce282a2,translation,MODE_2_DYNAMIC_FIELD,0.989409,0.694011,0.980873,0.973879,0.000000,0.000883,0.135472,1.000000,0.999880,0.000000,0,80,20,24,5682cc69d1f9e69c57ee7844071c3d4985b7b07acde957b33b7dced569b52348,LOCKED,CLEAN,1553590,POSITIVE,true,"v3.7 SoftScale-train + Relative-static-probe; continuous T; X_new/B_new outside train; MSE=0.0009 rel=0.1355 energy=1.0000 stab=0.9999; path=input→FieldEncoder→D_phi→output; leak=0"
E18C_cdt_conditions_C0_C6,0xB3CE,ce282a2,rotation,MODE_3_DYNAMIC_PLUS_CDT_TRAINING,0.814084,0.866591,0.434182,0.518122,0.000000,0.015493,0.597688,1.000000,0.999977,-0.420672,0,80,20,24,b02cfab3f7a69178a5d415f7b1917cafda9642c0f13777d44e5c4272e3add81a,LOCKED,CLEAN,1734835,PARTIAL,true,"C0=0.814 C1=0.814 C2=0.393 C3=0.221 C4=0.605 C5=0.240 C6=0.747; gain=-0.421; FIELD_ONLY eval queries=0"
E19_provenance_audit,0xBD17,ce282a2,translation,MODE_2_DYNAMIC_FIELD,0.898535,0.433883,0.829075,0.782612,0.000000,0.008455,0.446460,1.000000,0.999777,0.000000,0,80,20,24,45b9a7c7fc7061159bef0e4a8a746a62a3897da475215c2a5234c58c4d686613,LOCKED,CLEAN,1558435,POSITIVE,true,"flags train/dev/cdt/rqm/attr/table/nn/equiv=0/0/0/0/0/0/0/0; queries cdt/rqm/table/nn/attr=0/0/0/0/0; leak=0"
E20_rule_vs_trajectory_antimem,0xB30E,ce282a2,translation,MODE_2_DYNAMIC_FIELD,0.992953,0.997881,0.984901,0.954763,0.000000,0.000587,0.102658,1.000000,0.999864,0.000000,0,80,20,24,7a5d18b83ddda68942c69ae56eb9eb17393979030ddd70307350d5b28523f6cc,LOCKED,CLEAN,1741295,PARTIAL,true,"rule_cos=0.993 traj_cos=0.989 anti_cos=0.983; antimem_drop=0.010"
E21_interpolation_vs_extrapolation,0xB30E,ce282a2,translation_param,MODE_2_DYNAMIC_FIELD,0.771172,0.636467,0.761560,0.146405,0.000000,0.019069,0.654630,1.000000,0.999753,0.000000,0,108,20,24,07ce023b8a8d6b444445a27c226dbd53d2ed7ec0f44bd59f729586fb4ae031b4,LOCKED,CLEAN,1932140,PARTIAL,true,"v3.5 SoftScale-train + Relative-static-probe; interp_cos=0.923 extrap_cos=0.771 static_rel=0.636 (dx denser + multifamily; train dx in [-2,2] test dx=3; n_train=108)"
E22_composition_rqm_off,0xB30E,ce282a2,compose,MODE_2_DYNAMIC_FIELD,0.946562,0.212097,0.977166,0.736676,0.000000,4.544727,0.193519,1.000000,0.999937,0.000000,0,120,0,24,462809e64dab395c9870b076d15d54cab262d513e9ed100666306e9717d2e5ed,LOCKED,CLEAN,2144653,STRONG_POSITIVE,true,"v3.7 mid-agree-gated hop2|shot(24/0) + disagree-lin∩mlp + Relative-static SoftScale-dyn RQM-OFF cos=0.947 static_rel=0.212 step1=0.980 pt_err=4.545; oracle-mid=0.948; soft-hybrid-diag=0.948; single-shot=0.981; linear=0.977 nn=0.737 table=0.000"
E23_rollout_no_teacher_forcing,0xB30E,ce282a2,translation,MODE_2_DYNAMIC_FIELD,-0.557350,0.000000,0.000000,0.000000,0.000000,0.000000,0.000000,1.000000,0.955690,0.000000,0,80,0,24,7977d1e7d23a2ebc24b3132040dac1b19236e547bc454f39a5b5b08c11bc2041,LOCKED,CLEAN,1445492,PARTIAL,true,"horizons [1, 2, 4, 8, 16, 32, 64] cos [0.9973494522206882, 0.9936690153655792, 0.98588428227264, 0.9556900907194454, 0.8456320815615391, 0.30423575023113164, -0.557350025798352] energy [1.0, 1.0, 1.0, 1.0, 1.0, 1.0, 1.0000000000000002] (v3.6: shared v3.5 mix retained; pure step eval; no TF; E22-focused levers)"
E24_static_vs_dynamic_paired,0xB30E,ce282a2,,MODE_2_DYNAMIC_FIELD,0.882732,0.630480,0.873533,0.632192,0.000000,0.009772,0.472124,1.000000,0.999918,0.000000,0,80,0,24,de68256a93cad3d9fd471c0c8ae40623087bde83bb379be65d33b141bfebf03a,LOCKED,CLEAN,1561635,POSITIVE,true,"v3.7 SoftScale-dyn + Relative-static; delta_mean=0.2523 median=0.2118 std=0.1662 bootstrap95%=[0.1870,0.3101] effect≈1.518; static=NO_ACTION"
E25_central_experience_cdt_cycle,0x5155,ce282a2,scaling,MODE_2_DYNAMIC_FIELD,0.624660,0.682600,0.744252,0.640091,0.000000,0.031278,0.864146,1.000000,0.996233,-0.331315,0,80,20,24,6697450409af49ec5d4aaffb257eb9020607e599758ff611b7bc0460306eb244,LOCKED,CLEAN,1793282,PARTIAL,true,"cycle E→CDT→D_phi→Y_new; with_exp=0.625 without=0.956 gain=-0.331; Y_new_unstored=true; memories OFF at eval"
E26_experience_ablation_A_G,0xBDE8,ce282a2,rotation,MODE_3_DYNAMIC_PLUS_CDT_TRAINING,0.226554,0.702775,-0.293939,-0.263536,0.000000,0.064454,1.238716,1.000000,0.999938,0.402652,0,80,20,24,3af98264a56f573a2b5b1455dc4da905d4ee266e23202cc6698080b765438252,LOCKED,CLEAN,1759065,PARTIAL,true,"ablations A=no-exp B=unconsol C=consol D=corrupt E=irrelevant F=other-rule G=stats-only; C0=0.227 C1=0.227 C2=0.629 C3=0.581 C4=-0.018 C5=0.504 C6=0.403; gain=0.403; FIELD_ONLY eval queries=0"
E27_rule_transfer,0xB30E,ce282a2,transfer_translation,MODE_2_DYNAMIC_FIELD,0.889720,0.804600,0.000000,0.000000,0.000000,0.000000,0.000000,0.000000,0.000000,0.000000,0,0,0,0,62680fb882b3b08e04e4705efa92a53a84a428f2863719a650dba5c74bf5988b,LOCKED,CLEAN,1171290,NULL,true,"B1=0.890 B2=0.548 B3=0.956; targets never in consolidation"
E28_continual_forgetting,0xB30E,ce282a2,,MODE_3_DYNAMIC_PLUS_CDT_TRAINING,0.995446,0.000000,0.000000,0.000000,0.000000,0.000000,0.000000,0.000000,0.000000,0.000000,0,0,0,0,,LOCKED,CLEAN,2424361,PARTIAL,true,"R1..R4 retention [0.9978871453877051, 0.9878018462097026, 0.9991682003762365, 0.9969286758281406] forgetting=0.001; CDT regularity replay"
E29_causal_intervention,0xB30E,ce282a2,,,0.979417,0.975326,0.000000,0.000000,0.000000,0.000000,0.000000,0.000000,0.000000,0.000000,0,0,0,0,71549c1773fb028c4de6622904a24ca68a419026458f0b0044edc4cddd315002,LOCKED,CLEAN,0,PARTIAL,true,"baseline=0.979 targeted=0.934 random=0.971 rollback=0.979; drop_t=0.045 drop_r=0.009 rollback_ok=true"
E30_serialize_reload_persistence,0xB30E,ce282a2,,,0.957708,0.966741,0.000000,0.000000,0.000000,0.000000,0.000000,0.000000,0.000000,0.000000,0,0,0,0,0700262f6d412802b34b34d757b8d9a8c4c22d472a038c131b7bc015ef0668f2,LOCKED,CLEAN,0,PARTIAL,true,"P0(enc+dyn+cdt)=0.958 P1(enc+dyn)=0.958 P2(dyn+fresh_enc)=0.539 P3(cdt_stats)=0.967; in-process serialize/reload; OS restart deferred"
FASE_A_cleanroom_field_only,0xB30F,ce282a2,,MODE_2_DYNAMIC_FIELD,0.000000,0.000000,0.000000,0.000000,0.000000,0.000000,0.000000,0.000000,0.000000,0.000000,0,0,0,0,,LOCKED,CLEAN,0,POSITIVE,true,"clean-room defaults: random init, CDT empty, RQM/NN/table/attractor OFF; leakage=0"
E18_reinforced_rule_learning,0xB30F,ce282a2,translation,MODE_2_DYNAMIC_FIELD,0.968125,0.453572,0.836641,0.791080,0.000000,0.002656,0.245727,1.000000,0.999895,0.000000,0,80,20,24,356799162c9130eabb67236f005c35696b0beeac0a17bb8344a6f194d99d0530,LOCKED,CLEAN,1567135,STRONG_POSITIVE,true,"v3.7 SoftScale-train + Relative-static-probe; continuous T; X_new/B_new outside train; MSE=0.0027 rel=0.2457 energy=1.0000 stab=0.9999; path=input→FieldEncoder→D_phi→output; leak=0"
E18C_cdt_conditions_C0_C6,0xB3CF,ce282a2,rotation,MODE_3_DYNAMIC_PLUS_CDT_TRAINING,0.472913,0.532530,0.709714,0.321051,0.000000,0.043924,1.004699,1.000000,0.999961,-0.331760,0,80,20,24,81204923c5d3344009122e4b27800cebcfa4f7f713e48acdd3b2256a5a7d7378,LOCKED,CLEAN,1751986,PARTIAL,true,"C0=0.473 C1=0.473 C2=0.141 C3=0.706 C4=0.296 C5=0.349 C6=0.493; gain=-0.332; FIELD_ONLY eval queries=0"
E19_provenance_audit,0xBD16,ce282a2,translation,MODE_2_DYNAMIC_FIELD,0.983910,0.583441,0.921382,0.854564,0.000000,0.001341,0.177445,1.000000,0.999472,0.000000,0,80,20,24,cfe2f135d95b0da6b673805e0dcf0b9f45209b4676d27c200efd297bbfe88f1c,LOCKED,CLEAN,1546686,STRONG_POSITIVE,true,"flags train/dev/cdt/rqm/attr/table/nn/equiv=0/0/0/0/0/0/0/0; queries cdt/rqm/table/nn/attr=0/0/0/0/0; leak=0"
E20_rule_vs_trajectory_antimem,0xB30F,ce282a2,translation,MODE_2_DYNAMIC_FIELD,0.975239,0.999455,0.977048,0.994288,0.000000,0.002063,0.222528,1.000000,0.999938,0.000000,0,80,20,24,bee6cc8d22e62c21571ab498ffadb6a8a3a8a7dd1ff6beb444a3b24e264f0a2a,LOCKED,CLEAN,1742598,PARTIAL,true,"rule_cos=0.975 traj_cos=0.968 anti_cos=0.718; antimem_drop=0.257"
E21_interpolation_vs_extrapolation,0xB30F,ce282a2,translation_param,MODE_2_DYNAMIC_FIELD,0.769473,0.663312,0.983253,0.942708,0.000000,0.019211,0.678909,1.000000,0.999977,0.000000,0,108,20,24,6dbadb27fc9bd15e061e10a28e4bc7cf52765603ed74d8dae9baf91a5c7a407d,LOCKED,CLEAN,2022842,PARTIAL,true,"v3.5 SoftScale-train + Relative-static-probe; interp_cos=0.683 extrap_cos=0.769 static_rel=0.663 (dx denser + multifamily; train dx in [-2,2] test dx=3; n_train=108)"
E22_composition_rqm_off,0xB30F,ce282a2,compose,MODE_2_DYNAMIC_FIELD,0.904152,0.109974,0.959841,0.950321,0.000000,5.605054,0.256645,1.000000,0.999954,0.000000,0,120,0,24,92afbfd716b450625be2739ba1a01c48f49eebf69d410a1afbf42b5f8151ca06,LOCKED,CLEAN,2154708,POSITIVE,true,"v3.7 mid-agree-gated hop2|shot(24/0) + disagree-lin∩mlp + Relative-static SoftScale-dyn RQM-OFF cos=0.904 static_rel=0.110 step1=0.987 pt_err=5.605; oracle-mid=0.885; soft-hybrid-diag=0.872; single-shot=0.965; linear=0.960 nn=0.950 table=0.000"
E23_rollout_no_teacher_forcing,0xB30F,ce282a2,translation,MODE_2_DYNAMIC_FIELD,0.556303,0.000000,0.000000,0.000000,0.000000,0.000000,0.000000,1.000000,0.864267,0.000000,0,80,0,24,7412de8d33efb53dac87b594456b45c6d2aafbb4478dc01e3ec1d5a843bfdd14,LOCKED,CLEAN,1442270,PARTIAL,true,"horizons [1, 2, 4, 8, 16, 32, 64] cos [0.9858920279448058, 0.9582593307595535, 0.9079066891933878, 0.8642673552503112, 0.7941262798911283, 0.5612243552812953, 0.5563027241828149] energy [1.0, 1.0, 1.0, 1.0, 1.0, 1.0, 1.0] (v3.6: shared v3.5 mix retained; pure step eval; no TF; E22-focused levers)"
E24_static_vs_dynamic_paired,0xB30F,ce282a2,,MODE_2_DYNAMIC_FIELD,0.961568,0.553851,0.881575,0.844589,0.000000,0.003203,0.273359,1.000000,0.999934,0.000000,0,80,0,24,39b910308994f46833afeeab79b2e95ed5eb73799a685705e116183ab1b8b338,LOCKED,CLEAN,1522387,POSITIVE,true,"v3.7 SoftScale-dyn + Relative-static; delta_mean=0.4077 median=0.4033 std=0.1987 bootstrap95%=[0.3384,0.4788] effect≈2.051; static=NO_ACTION"
E25_central_experience_cdt_cycle,0x5154,ce282a2,scaling,MODE_2_DYNAMIC_FIELD,0.836838,0.683199,0.751716,0.512975,0.000000,0.013597,0.545914,1.000000,0.999826,0.474885,0,80,20,24,02cae4ae9f22ba400abab38117974275ee6b3082471660f9f9f314b6f498aa63,LOCKED,CLEAN,1752041,PARTIAL,true,"cycle E→CDT→D_phi→Y_new; with_exp=0.837 without=0.362 gain=0.475; Y_new_unstored=true; memories OFF at eval"
E26_experience_ablation_A_G,0xBDE9,ce282a2,rotation,MODE_3_DYNAMIC_PLUS_CDT_TRAINING,0.482303,0.459407,0.518003,0.450054,0.000000,0.043141,0.938139,1.000000,0.999965,-0.282674,0,80,20,24,41a73c2d8b3ae39f3cfa0b4bf0d5a2c951ff36d069eeebbc93dca447887dd8d5,LOCKED,CLEAN,1741264,PARTIAL,true,"ablations A=no-exp B=unconsol C=consol D=corrupt E=irrelevant F=other-rule G=stats-only; C0=0.482 C1=0.482 C2=0.200 C3=0.508 C4=0.763 C5=0.030 C6=0.592; gain=-0.283; FIELD_ONLY eval queries=0"
E27_rule_transfer,0xB30F,ce282a2,transfer_translation,MODE_2_DYNAMIC_FIELD,0.929783,0.692318,0.000000,0.000000,0.000000,0.000000,0.000000,0.000000,0.000000,0.000000,0,0,0,0,2b7b9fd4f2fd1a4aac998902383327f8994303a7bfe620a0914ca2611d41647d,LOCKED,CLEAN,1137911,POSITIVE,true,"B1=0.930 B2=0.689 B3=0.969; targets never in consolidation"
E28_continual_forgetting,0xB30F,ce282a2,,MODE_3_DYNAMIC_PLUS_CDT_TRAINING,0.995702,0.000000,0.000000,0.000000,0.000000,0.000000,0.000000,0.000000,0.000000,0.000000,0,0,0,0,,LOCKED,CLEAN,2430246,PARTIAL,true,"R1..R4 retention [0.9992430731938491, 0.9866380052408941, 0.9994000793358149, 0.9975283807264556] forgetting=0.002; CDT regularity replay"
E29_causal_intervention,0xB30F,ce282a2,,,0.980340,0.981941,0.000000,0.000000,0.000000,0.000000,0.000000,0.000000,0.000000,0.000000,0,0,0,0,024b7d49c02e1940cf408b480a47083bf2736af1032b8b61c18ad3b0d6afc908,LOCKED,CLEAN,0,PARTIAL,true,"baseline=0.980 targeted=0.900 random=0.971 rollback=0.980; drop_t=0.080 drop_r=0.009 rollback_ok=true"
E30_serialize_reload_persistence,0xB30F,ce282a2,,,0.942039,0.960005,0.000000,0.000000,0.000000,0.000000,0.000000,0.000000,0.000000,0.000000,0,0,0,0,4830532b6731bd7a824b797e87c10cb34a888f7c6f02a104be8e4a27cb1621a2,LOCKED,CLEAN,0,PARTIAL,true,"P0(enc+dyn+cdt)=0.942 P1(enc+dyn)=0.942 P2(dyn+fresh_enc)=0.748 P3(cdt_stats)=0.960; in-process serialize/reload; OS restart deferred"
