experiment,commit,seed,n,train,unseen,ood,acc_seen,acc_unseen,acc_ood,mean_us,p50,p95,p99,top1,top2,margin,energy,abstentions,liquid,rqm,sleep_ms,engrams_before,engrams_after,verdict
E8_representation_invariance,0cc1a65,952592,15,1,3,8,1.000000,1.000000,0.500000,21.555800,20.407000,22.839000,34.181000,0.698022,0.000000,0.228752,0.359505,4,0,0,0.000000,0,2,PARTIAL_PASS: stem/paraphrase attractor match; cross-lingual not claimed (lexicon)
E9_relational_composition,0cc1a65,952592,8,3,3,1,1.000000,1.000000,1.000000,2.608000,2.858000,3.970000,3.970000,0.872188,0.031077,0.841111,0.137145,0,1,6,0.468891,0,3,PASS: direct + composed hops via RQM walk (no transitive teach)
E10_future_prediction,0cc1a65,952592,8,10,4,1,1.000000,1.000000,1.000000,2.555250,2.942000,3.659000,3.659000,0.874412,0.029872,0.844539,0.134560,0,1,7,0.392886,0,3,PASS_PARTIAL: distance/bifurcation/perturbation via compose+wave
E8_representation_invariance,0cc1a65,952593,15,1,3,8,1.000000,1.000000,0.625000,20.801067,20.452000,21.953000,22.998000,0.634035,0.000000,0.209691,0.455652,3,0,0,0.000000,0,2,PARTIAL_PASS: stem/paraphrase attractor match; cross-lingual not claimed (lexicon)
E9_relational_composition,0cc1a65,952593,8,3,3,1,1.000000,1.000000,1.000000,3.186286,3.586000,4.876000,4.876000,0.872188,0.031077,0.841111,0.137145,0,1,6,0.521519,0,3,PASS: direct + composed hops via RQM walk (no transitive teach)
E10_future_prediction,0cc1a65,952593,8,10,4,1,1.000000,1.000000,1.000000,2.556500,3.047000,3.623000,3.623000,0.874412,0.029872,0.844539,0.134560,0,1,7,0.387142,0,3,PASS_PARTIAL: distance/bifurcation/perturbation via compose+wave
E8_representation_invariance,0cc1a65,952594,15,1,3,8,1.000000,1.000000,0.500000,20.858400,20.615000,22.225000,22.933000,0.699918,0.000000,0.228754,0.356793,4,0,0,0.000000,0,2,PARTIAL_PASS: stem/paraphrase attractor match; cross-lingual not claimed (lexicon)
E9_relational_composition,0cc1a65,952594,8,3,3,1,1.000000,1.000000,1.000000,3.206571,3.509000,4.861000,4.861000,0.872188,0.031077,0.841111,0.137145,0,1,6,0.503907,0,3,PASS: direct + composed hops via RQM walk (no transitive teach)
E10_future_prediction,0cc1a65,952594,8,10,4,1,1.000000,1.000000,1.000000,3.224875,3.067000,5.240000,5.240000,0.874412,0.029872,0.844539,0.134560,0,1,7,0.412367,0,3,PASS_PARTIAL: distance/bifurcation/perturbation via compose+wave
