experiment,commit,seed,hardware,rust_version,mode,rule,train_pairs,test_pairs,cdt_enabled,rqm_enabled,field_only,cosine_dynamic,cosine_static,cosine_linear,cosine_nn,cosine_table,coord_err_dynamic,rule_generalization,novel_state_generation,experience_gain,leakage_score,cdt_query_count,rqm_query_count,energy,stability,steps_trained,encoder_hash,dynamics_hash,verdict,periphery,notes
FASE_A_field_only_scaffold,c8cc01f,923648,x86_64,rustc 1.98.1 (48a229cea 2026-09-01),MODE_2_DYNAMIC_FIELD,,0,0,false,false,true,0.000000,0.000000,0.000000,0.000000,0.000000,0.000000,0.000000,0.000000,0.000000,0,0,0,0.000000,0.000000,0,,,POSITIVE,numeric_field_only (GGUF on disk unused for rule core),FIELD_ONLY defaults: RQM=OFF CDT=OFF; leakage=0; path=input→encoder→D_phi→output
E18A_direct_no_cdt,c8cc01f,923648,x86_64,rustc 1.98.1 (48a229cea 2026-09-01),MODE_2_DYNAMIC_FIELD,R1_translation(dx=2;dy=1),16,4,false,false,true,0.980665,0.804902,0.941103,0.942054,0.000000,2.159635,0.980665,1.000000,0.000000,0,0,0,0.019335,0.999902,104000,c0d238ffc7d7056d,2bd7db989ab5eb40,STRONG_POSITIVE,numeric_field_only (GGUF on disk unused for rule core),hardening: 16+4 starts; aug×4; enc_warm100+dyn400×3; FIELD_ONLY; static=0.805 linear=0.941 nn=0.942 table=0.000 coord_err=2.160 elapsed_ms=294.0
E18B_episodic_cdt_consolidation,c8cc01f,923648,x86_64,rustc 1.98.1 (48a229cea 2026-09-01),MODE_3_DYNAMIC_PLUS_CDT_TRAINING,R1_translation(dx=2;dy=1),16,4,true,false,true,0.996002,0.919813,0.989070,0.999045,0.000000,1.331682,0.996002,1.000000,0.000000,0,0,0,0.003998,0.999993,104320,3704b2a2a7793490,c1dc94b594fab31a,POSITIVE,numeric_field_only (GGUF on disk unused for rule core),hardening: 16+4; aug×4; dyn400; consolidate_calls=16 mean_delta=true target_in_cdt=false eval_cdt_queries=0 coord_err=1.332 elapsed_ms=318.6
E18C_cdt_vs_no_cdt,c8cc01f,923648,x86_64,rustc 1.98.1 (48a229cea 2026-09-01),MODE_3_DYNAMIC_PLUS_CDT_TRAINING,R1_translation(dx=2;dy=1),16,4,true,false,true,0.965259,0.254751,0.973537,0.932991,0.000000,0.000000,0.965259,0.000000,-0.008278,0,0,0,0.000000,0.000000,0,,,POSITIVE,numeric_field_only (GGUF on disk unused for rule core),hardening trainers; C0=0.255 C1=0.974 C2=0.965 C3=0.933 gain=-0.008 elapsed_ms=526.9
E19_no_lookup_audit,c8cc01f,923648,x86_64,rustc 1.98.1 (48a229cea 2026-09-01),MODE_2_DYNAMIC_FIELD,R1_translation(dx=2;dy=1),16,4,false,false,true,0.980665,0.804902,0.941103,0.942054,0.000000,2.159635,0.980665,1.000000,0.000000,0,0,0,0.019335,0.999902,104000,c0d238ffc7d7056d,2bd7db989ab5eb40,POSITIVE,numeric_field_only (GGUF on disk unused for rule core),E19 audit-only: leakage=0 cdt_q=0 rqm_q=0 table_q=0 nn_q=0 attractor_q=0; wrapped_E18A_verdict=STRONG_POSITIVE; hardening: 16+4 starts; aug×4; enc_warm100+dyn400×3; FIELD_ONLY; static=0.805 linear=0.941 nn=0.942 table=0.000 coord_err=2.160 elapsed_ms=264.7
E20_trajectory_vs_rule,c8cc01f,923648,x86_64,rustc 1.98.1 (48a229cea 2026-09-01),MODE_2_DYNAMIC_FIELD,R1_translation(dx=1.5;dy=0.5),32,1,false,false,true,0.998954,0.771799,0.000000,0.000000,0.000000,0.000000,0.998954,0.000000,0.227155,0,0,0,0.000000,0.000000,144000,828cd784ece8321a,fe263bed5f2ab602,POSITIVE,numeric_field_only (GGUF on disk unused for rule core),hardening: traj_len=8 rule_pairs=32 epochs=300 both; cos_rule=0.999 cos_traj=0.772 delta=0.227 elapsed_ms=413.8
E21_abstract_rule_param,c8cc01f,923648,x86_64,rustc 1.98.1 (48a229cea 2026-09-01),MODE_2_DYNAMIC_FIELD,R1_translation(dx=2;dy=1); extrap dx=3 (action-conditioned),24,10,false,false,true,0.991197,0.921094,0.921094,0.000000,0.000000,0.000000,0.991197,0.921094,0.000000,0,0,0,0.000000,0.000000,108000,adfa81619d597afd,f21afaa47768c7c1,POSITIVE,numeric_field_only (GGUF on disk unused for rule core),hardening: ≥24 same-param; multi-dx action feats; epochs=300; never dx=3 train; same=0.991 extrap=0.921 elapsed_ms=538.3
E22_unobserved_composition,c8cc01f,923648,x86_64,rustc 1.98.1 (48a229cea 2026-09-01),MODE_2_DYNAMIC_FIELD,T2(T1(x)) never trained,128,6,false,false,true,0.895059,0.907646,0.000000,0.877205,0.000000,0.000000,0.895059,0.000000,0.000000,0,0,0,0.000000,0.000000,107520,2769e99d863c3174,b9687e44abadaa31,PARTIAL,numeric_field_only (GGUF on disk unused for rule core),hardening: more pairs+epochs; compose2=0.895 one_step=0.908 nn=0.877 elapsed_ms=253.2
E23_long_horizon,c8cc01f,923648,x86_64,rustc 1.98.1 (48a229cea 2026-09-01),MODE_2_DYNAMIC_FIELD,R1_translation(dx=0.5;dy=0.25),28,1,false,false,true,0.999928,0.994616,-0.093973,0.000000,0.000000,0.000000,0.994616,0.000000,0.000000,0,0,0,0.000000,0.994196,129840,5504fdb960976a2c,e24dad381f87522d,POSITIVE,numeric_field_only (GGUF on disk unused for rule core),hardening: more pairs+epochs+unroll3; horizons_cos=["1.000"; "1.000"; "1.000"; "0.995"; "0.870"; "-0.094"] pert_h8=["0.995"; "0.994"; "0.994"; "0.994"] elapsed_ms=301.5
E24_static_vs_dynamic,c8cc01f,923648,x86_64,rustc 1.98.1 (48a229cea 2026-09-01),MODE_2_DYNAMIC_FIELD,R2_rotation(theta=0.5236),24,6,false,false,true,0.999323,0.814446,0.946511,0.000000,0.000000,0.000000,0.999323,0.000000,0.184877,0,0,0,0.000000,0.000000,156000,14cbc924c18713cb,3c321622862cca59,PARTIAL,numeric_field_only (GGUF on disk unused for rule core),hardening: ≥24/6; epochs=400 dyn-heavy; static=cos(enc a;b) frozen-init; dynamic=0.999 static=0.814 random_dyn=0.947 delta=0.185 elapsed_ms=394.5
E25_cdt_experience_not_answer,c8cc01f,923173,x86_64,rustc 1.98.1 (48a229cea 2026-09-01),MODE_3_DYNAMIC_PLUS_CDT_TRAINING,R1_translation(dx=2;dy=1),16,4,true,false,true,0.987602,0.616074,0.937213,0.988505,0.000000,1.682824,0.987602,1.000000,0.000000,0,0,0,0.012398,0.999994,104320,9d28d94251529f41,7f47c42883772cea,STRONG_POSITIVE,numeric_field_only (GGUF on disk unused for rule core),scaffold via E18B path (novel target not in CDT); full multi-family deferred. hardening: 16+4; aug×4; dyn400; consolidate_calls=16 mean_delta=true target_in_cdt=false eval_cdt_queries=0 coord_err=1.683 elapsed_ms=269.0
E26_experience_ablation,c8cc01f,923174,x86_64,rustc 1.98.1 (48a229cea 2026-09-01),MODE_3_DYNAMIC_PLUS_CDT_TRAINING,R1_translation(dx=2;dy=1),16,4,true,false,true,0.986788,0.612694,0.982456,0.968288,0.000000,0.000000,0.986788,0.000000,0.004332,0,0,0,0.000000,0.000000,0,,,PARTIAL,numeric_field_only (GGUF on disk unused for rule core),ablation mapped to E18C C0..C3; hardening trainers; C0=0.613 C1=0.982 C2=0.987 C3=0.968 gain=0.004 elapsed_ms=581.9
E27_rule_transfer,c8cc01f,923648,x86_64,rustc 1.98.1 (48a229cea 2026-09-01),MODE_3_DYNAMIC_PLUS_CDT_TRAINING,,0,0,false,false,true,0.000000,0.000000,0.000000,0.000000,0.000000,0.000000,0.000000,0.000000,0.000000,0,0,0,0.000000,0.000000,0,,,INVALID,numeric_field_only (GGUF on disk unused for rule core),DEFERRED: cross-family transfer not fully instrumented in this pass
E28_continual_forgetting,c8cc01f,923648,x86_64,rustc 1.98.1 (48a229cea 2026-09-01),MODE_3_DYNAMIC_PLUS_CDT_TRAINING,,0,0,false,false,true,0.000000,0.000000,0.000000,0.000000,0.000000,0.000000,0.000000,0.000000,0.000000,0,0,0,0.000000,0.000000,0,,,INVALID,numeric_field_only (GGUF on disk unused for rule core),DEFERRED: continual R1/R2/R3 protocol not fully run
E29_causal_intervention,c8cc01f,923648,x86_64,rustc 1.98.1 (48a229cea 2026-09-01),MODE_3_DYNAMIC_PLUS_CDT_TRAINING,,0,0,false,false,true,0.000000,0.000000,0.000000,0.000000,0.000000,0.000000,0.000000,0.000000,0.000000,0,0,0,0.000000,0.000000,0,,,INVALID,numeric_field_only (GGUF on disk unused for rule core),DEFERRED: checkpoint intervene/rollback not wired
E30_persistence_restart,c8cc01f,923648,x86_64,rustc 1.98.1 (48a229cea 2026-09-01),MODE_3_DYNAMIC_PLUS_CDT_TRAINING,,0,0,false,false,true,0.000000,0.000000,0.000000,0.000000,0.000000,0.000000,0.000000,0.000000,0.000000,0,0,0,0.000000,0.000000,0,,,INVALID,numeric_field_only (GGUF on disk unused for rule core),DEFERRED: process restart persistence not wired
FASE_A_field_only_scaffold,c8cc01f,923649,x86_64,rustc 1.98.1 (48a229cea 2026-09-01),MODE_2_DYNAMIC_FIELD,,0,0,false,false,true,0.000000,0.000000,0.000000,0.000000,0.000000,0.000000,0.000000,0.000000,0.000000,0,0,0,0.000000,0.000000,0,,,POSITIVE,numeric_field_only (GGUF on disk unused for rule core),FIELD_ONLY defaults: RQM=OFF CDT=OFF; leakage=0; path=input→encoder→D_phi→output
E18A_direct_no_cdt,c8cc01f,923649,x86_64,rustc 1.98.1 (48a229cea 2026-09-01),MODE_2_DYNAMIC_FIELD,R1_translation(dx=2;dy=1),16,4,false,false,true,0.970252,0.896607,0.941109,0.968172,0.000000,2.171919,0.970252,1.000000,0.000000,0,0,0,0.029748,0.999996,104000,9e4c715e93947fbc,304b9c77afcbf16c,POSITIVE,numeric_field_only (GGUF on disk unused for rule core),hardening: 16+4 starts; aug×4; enc_warm100+dyn400×3; FIELD_ONLY; static=0.897 linear=0.941 nn=0.968 table=0.000 coord_err=2.172 elapsed_ms=273.5
E18B_episodic_cdt_consolidation,c8cc01f,923649,x86_64,rustc 1.98.1 (48a229cea 2026-09-01),MODE_3_DYNAMIC_PLUS_CDT_TRAINING,R1_translation(dx=2;dy=1),16,4,true,false,true,0.934302,0.829114,0.954108,0.950793,0.000000,2.313708,0.934302,1.000000,0.000000,0,0,0,0.065698,0.999964,104320,e2bac5b14d2fa831,9b659c9b8a3843fb,STRONG_POSITIVE,numeric_field_only (GGUF on disk unused for rule core),hardening: 16+4; aug×4; dyn400; consolidate_calls=16 mean_delta=true target_in_cdt=false eval_cdt_queries=0 coord_err=2.314 elapsed_ms=267.4
E18C_cdt_vs_no_cdt,c8cc01f,923649,x86_64,rustc 1.98.1 (48a229cea 2026-09-01),MODE_3_DYNAMIC_PLUS_CDT_TRAINING,R1_translation(dx=2;dy=1),16,4,true,false,true,0.981291,0.497747,0.983996,0.954133,0.000000,0.000000,0.981291,0.000000,-0.002705,0,0,0,0.000000,0.000000,0,,,PARTIAL,numeric_field_only (GGUF on disk unused for rule core),hardening trainers; C0=0.498 C1=0.984 C2=0.981 C3=0.954 gain=-0.003 elapsed_ms=653.1
E19_no_lookup_audit,c8cc01f,923649,x86_64,rustc 1.98.1 (48a229cea 2026-09-01),MODE_2_DYNAMIC_FIELD,R1_translation(dx=2;dy=1),16,4,false,false,true,0.970252,0.896607,0.941109,0.968172,0.000000,2.171919,0.970252,1.000000,0.000000,0,0,0,0.029748,0.999996,104000,9e4c715e93947fbc,304b9c77afcbf16c,POSITIVE,numeric_field_only (GGUF on disk unused for rule core),E19 audit-only: leakage=0 cdt_q=0 rqm_q=0 table_q=0 nn_q=0 attractor_q=0; wrapped_E18A_verdict=POSITIVE; hardening: 16+4 starts; aug×4; enc_warm100+dyn400×3; FIELD_ONLY; static=0.897 linear=0.941 nn=0.968 table=0.000 coord_err=2.172 elapsed_ms=331.1
E20_trajectory_vs_rule,c8cc01f,923649,x86_64,rustc 1.98.1 (48a229cea 2026-09-01),MODE_2_DYNAMIC_FIELD,R1_translation(dx=1.5;dy=0.5),32,1,false,false,true,0.999993,0.965605,0.000000,0.000000,0.000000,0.000000,0.999993,0.000000,0.034388,0,0,0,0.000000,0.000000,144000,9ceded3997d165dd,d8f634072cf1be77,NULL,numeric_field_only (GGUF on disk unused for rule core),hardening: traj_len=8 rule_pairs=32 epochs=300 both; cos_rule=1.000 cos_traj=0.966 delta=0.034 elapsed_ms=406.0
E21_abstract_rule_param,c8cc01f,923649,x86_64,rustc 1.98.1 (48a229cea 2026-09-01),MODE_2_DYNAMIC_FIELD,R1_translation(dx=2;dy=1); extrap dx=3 (action-conditioned),24,10,false,false,true,0.949001,0.830268,0.830268,0.000000,0.000000,0.000000,0.949001,0.830268,0.000000,0,0,0,0.000000,0.000000,108000,6d8086ea0163f983,3b37fa433b733ca2,POSITIVE,numeric_field_only (GGUF on disk unused for rule core),hardening: ≥24 same-param; multi-dx action feats; epochs=300; never dx=3 train; same=0.949 extrap=0.830 elapsed_ms=543.4
E22_unobserved_composition,c8cc01f,923649,x86_64,rustc 1.98.1 (48a229cea 2026-09-01),MODE_2_DYNAMIC_FIELD,T2(T1(x)) never trained,128,6,false,false,true,0.909825,0.916039,0.000000,0.822333,0.000000,0.000000,0.909825,0.000000,0.000000,0,0,0,0.000000,0.000000,107520,d55100b34c8eacff,cfa12f14f9202792,PARTIAL,numeric_field_only (GGUF on disk unused for rule core),hardening: more pairs+epochs; compose2=0.910 one_step=0.916 nn=0.822 elapsed_ms=253.3
E23_long_horizon,c8cc01f,923649,x86_64,rustc 1.98.1 (48a229cea 2026-09-01),MODE_2_DYNAMIC_FIELD,R1_translation(dx=0.5;dy=0.25),28,1,false,false,true,0.996849,0.997782,-0.313113,0.000000,0.000000,0.000000,0.997782,0.000000,0.000000,0,0,0,0.000000,0.997739,129840,2df62d098106e709,ad9ed0e5c0a8a215,POSITIVE,numeric_field_only (GGUF on disk unused for rule core),hardening: more pairs+epochs+unroll3; horizons_cos=["0.997"; "0.990"; "0.994"; "0.998"; "0.982"; "-0.313"] pert_h8=["0.998"; "0.998"; "0.998"; "0.997"] elapsed_ms=296.6
E24_static_vs_dynamic,c8cc01f,923649,x86_64,rustc 1.98.1 (48a229cea 2026-09-01),MODE_2_DYNAMIC_FIELD,R2_rotation(theta=0.5236),24,6,false,false,true,0.997317,0.717656,0.892904,0.000000,0.000000,0.000000,0.997317,0.000000,0.279661,0,0,0,0.000000,0.000000,156000,f5e8c46c0a094209,3fa4f9c28ee2165b,POSITIVE,numeric_field_only (GGUF on disk unused for rule core),hardening: ≥24/6; epochs=400 dyn-heavy; static=cos(enc a;b) frozen-init; dynamic=0.997 static=0.718 random_dyn=0.893 delta=0.280 elapsed_ms=376.1
E25_cdt_experience_not_answer,c8cc01f,923172,x86_64,rustc 1.98.1 (48a229cea 2026-09-01),MODE_3_DYNAMIC_PLUS_CDT_TRAINING,R1_translation(dx=2;dy=1),16,4,true,false,true,0.973777,0.790078,0.945745,0.981681,0.000000,2.282716,0.973777,1.000000,0.000000,0,0,0,0.026223,0.999981,104320,9d3b8f36f07b2db0,78d37710917135a5,STRONG_POSITIVE,numeric_field_only (GGUF on disk unused for rule core),scaffold via E18B path (novel target not in CDT); full multi-family deferred. hardening: 16+4; aug×4; dyn400; consolidate_calls=16 mean_delta=true target_in_cdt=false eval_cdt_queries=0 coord_err=2.283 elapsed_ms=312.9
E26_experience_ablation,c8cc01f,923175,x86_64,rustc 1.98.1 (48a229cea 2026-09-01),MODE_3_DYNAMIC_PLUS_CDT_TRAINING,R1_translation(dx=2;dy=1),16,4,true,false,true,0.989676,0.800396,0.995384,0.971524,0.000000,0.000000,0.989676,0.000000,-0.005708,0,0,0,0.000000,0.000000,0,,,PARTIAL,numeric_field_only (GGUF on disk unused for rule core),ablation mapped to E18C C0..C3; hardening trainers; C0=0.800 C1=0.995 C2=0.990 C3=0.972 gain=-0.006 elapsed_ms=517.1
E27_rule_transfer,c8cc01f,923649,x86_64,rustc 1.98.1 (48a229cea 2026-09-01),MODE_3_DYNAMIC_PLUS_CDT_TRAINING,,0,0,false,false,true,0.000000,0.000000,0.000000,0.000000,0.000000,0.000000,0.000000,0.000000,0.000000,0,0,0,0.000000,0.000000,0,,,INVALID,numeric_field_only (GGUF on disk unused for rule core),DEFERRED: cross-family transfer not fully instrumented in this pass
E28_continual_forgetting,c8cc01f,923649,x86_64,rustc 1.98.1 (48a229cea 2026-09-01),MODE_3_DYNAMIC_PLUS_CDT_TRAINING,,0,0,false,false,true,0.000000,0.000000,0.000000,0.000000,0.000000,0.000000,0.000000,0.000000,0.000000,0,0,0,0.000000,0.000000,0,,,INVALID,numeric_field_only (GGUF on disk unused for rule core),DEFERRED: continual R1/R2/R3 protocol not fully run
E29_causal_intervention,c8cc01f,923649,x86_64,rustc 1.98.1 (48a229cea 2026-09-01),MODE_3_DYNAMIC_PLUS_CDT_TRAINING,,0,0,false,false,true,0.000000,0.000000,0.000000,0.000000,0.000000,0.000000,0.000000,0.000000,0.000000,0,0,0,0.000000,0.000000,0,,,INVALID,numeric_field_only (GGUF on disk unused for rule core),DEFERRED: checkpoint intervene/rollback not wired
E30_persistence_restart,c8cc01f,923649,x86_64,rustc 1.98.1 (48a229cea 2026-09-01),MODE_3_DYNAMIC_PLUS_CDT_TRAINING,,0,0,false,false,true,0.000000,0.000000,0.000000,0.000000,0.000000,0.000000,0.000000,0.000000,0.000000,0,0,0,0.000000,0.000000,0,,,INVALID,numeric_field_only (GGUF on disk unused for rule core),DEFERRED: process restart persistence not wired
FASE_A_field_only_scaffold,c8cc01f,923650,x86_64,rustc 1.98.1 (48a229cea 2026-09-01),MODE_2_DYNAMIC_FIELD,,0,0,false,false,true,0.000000,0.000000,0.000000,0.000000,0.000000,0.000000,0.000000,0.000000,0.000000,0,0,0,0.000000,0.000000,0,,,POSITIVE,numeric_field_only (GGUF on disk unused for rule core),FIELD_ONLY defaults: RQM=OFF CDT=OFF; leakage=0; path=input→encoder→D_phi→output
E18A_direct_no_cdt,c8cc01f,923650,x86_64,rustc 1.98.1 (48a229cea 2026-09-01),MODE_2_DYNAMIC_FIELD,R1_translation(dx=2;dy=1),16,4,false,false,true,0.986042,0.933933,0.959889,0.972252,0.000000,2.494195,0.986042,1.000000,0.000000,0,0,0,0.013958,0.999994,104000,f7fbd8b1b9eea84d,20bf14535f05efde,POSITIVE,numeric_field_only (GGUF on disk unused for rule core),hardening: 16+4 starts; aug×4; enc_warm100+dyn400×3; FIELD_ONLY; static=0.934 linear=0.960 nn=0.972 table=0.000 coord_err=2.494 elapsed_ms=270.1
E18B_episodic_cdt_consolidation,c8cc01f,923650,x86_64,rustc 1.98.1 (48a229cea 2026-09-01),MODE_3_DYNAMIC_PLUS_CDT_TRAINING,R1_translation(dx=2;dy=1),16,4,true,false,true,0.984703,0.875438,0.958799,0.922683,0.000000,1.922259,0.984703,1.000000,0.000000,0,0,0,0.015297,0.999993,104320,3c5d488c72185fcd,57bbfbec0b59f349,STRONG_POSITIVE,numeric_field_only (GGUF on disk unused for rule core),hardening: 16+4; aug×4; dyn400; consolidate_calls=16 mean_delta=true target_in_cdt=false eval_cdt_queries=0 coord_err=1.922 elapsed_ms=286.9
E18C_cdt_vs_no_cdt,c8cc01f,923650,x86_64,rustc 1.98.1 (48a229cea 2026-09-01),MODE_3_DYNAMIC_PLUS_CDT_TRAINING,R1_translation(dx=2;dy=1),16,4,true,false,true,0.977949,0.842811,0.975805,0.954412,0.000000,0.000000,0.977949,0.000000,0.002144,0,0,0,0.000000,0.000000,0,,,PARTIAL,numeric_field_only (GGUF on disk unused for rule core),hardening trainers; C0=0.843 C1=0.976 C2=0.978 C3=0.954 gain=0.002 elapsed_ms=513.0
E19_no_lookup_audit,c8cc01f,923650,x86_64,rustc 1.98.1 (48a229cea 2026-09-01),MODE_2_DYNAMIC_FIELD,R1_translation(dx=2;dy=1),16,4,false,false,true,0.986042,0.933933,0.959889,0.972252,0.000000,2.494195,0.986042,1.000000,0.000000,0,0,0,0.013958,0.999994,104000,f7fbd8b1b9eea84d,20bf14535f05efde,POSITIVE,numeric_field_only (GGUF on disk unused for rule core),E19 audit-only: leakage=0 cdt_q=0 rqm_q=0 table_q=0 nn_q=0 attractor_q=0; wrapped_E18A_verdict=POSITIVE; hardening: 16+4 starts; aug×4; enc_warm100+dyn400×3; FIELD_ONLY; static=0.934 linear=0.960 nn=0.972 table=0.000 coord_err=2.494 elapsed_ms=268.7
E20_trajectory_vs_rule,c8cc01f,923650,x86_64,rustc 1.98.1 (48a229cea 2026-09-01),MODE_2_DYNAMIC_FIELD,R1_translation(dx=1.5;dy=0.5),32,1,false,false,true,0.986279,0.844918,0.000000,0.000000,0.000000,0.000000,0.986279,0.000000,0.141361,0,0,0,0.000000,0.000000,144000,c08a98f1cfc8e192,daf5e4bcaee43151,POSITIVE,numeric_field_only (GGUF on disk unused for rule core),hardening: traj_len=8 rule_pairs=32 epochs=300 both; cos_rule=0.986 cos_traj=0.845 delta=0.141 elapsed_ms=398.7
E21_abstract_rule_param,c8cc01f,923650,x86_64,rustc 1.98.1 (48a229cea 2026-09-01),MODE_2_DYNAMIC_FIELD,R1_translation(dx=2;dy=1); extrap dx=3 (action-conditioned),24,10,false,false,true,0.987908,0.875235,0.875235,0.000000,0.000000,0.000000,0.987908,0.875235,0.000000,0,0,0,0.000000,0.000000,108000,22d0682839033117,d9a43a61858453fc,POSITIVE,numeric_field_only (GGUF on disk unused for rule core),hardening: ≥24 same-param; multi-dx action feats; epochs=300; never dx=3 train; same=0.988 extrap=0.875 elapsed_ms=548.5
E22_unobserved_composition,c8cc01f,923650,x86_64,rustc 1.98.1 (48a229cea 2026-09-01),MODE_2_DYNAMIC_FIELD,T2(T1(x)) never trained,128,6,false,false,true,0.912097,0.936733,0.000000,0.793155,0.000000,0.000000,0.912097,0.000000,0.000000,0,0,0,0.000000,0.000000,107520,7ac7e3a4d0be38a5,d4bba7e13ef05166,PARTIAL,numeric_field_only (GGUF on disk unused for rule core),hardening: more pairs+epochs; compose2=0.912 one_step=0.937 nn=0.793 elapsed_ms=272.5
E23_long_horizon,c8cc01f,923650,x86_64,rustc 1.98.1 (48a229cea 2026-09-01),MODE_2_DYNAMIC_FIELD,R1_translation(dx=0.5;dy=0.25),28,1,false,false,true,0.998637,0.997941,0.681501,0.000000,0.000000,0.000000,0.997941,0.000000,0.000000,0,0,0,0.000000,0.998019,129840,8cfd81572844ddba,338565cddf25a475,POSITIVE,numeric_field_only (GGUF on disk unused for rule core),hardening: more pairs+epochs+unroll3; horizons_cos=["0.999"; "0.992"; "0.993"; "0.998"; "0.991"; "0.682"] pert_h8=["0.998"; "0.998"; "0.998"; "0.998"] elapsed_ms=303.9
E24_static_vs_dynamic,c8cc01f,923650,x86_64,rustc 1.98.1 (48a229cea 2026-09-01),MODE_2_DYNAMIC_FIELD,R2_rotation(theta=0.5236),24,6,false,false,true,0.998049,0.788993,0.957799,0.000000,0.000000,0.000000,0.998049,0.000000,0.209055,0,0,0,0.000000,0.000000,156000,c953fb179406f60c,955ba7ea53f6f6bc,PARTIAL,numeric_field_only (GGUF on disk unused for rule core),hardening: ≥24/6; epochs=400 dyn-heavy; static=cos(enc a;b) frozen-init; dynamic=0.998 static=0.789 random_dyn=0.958 delta=0.209 elapsed_ms=379.9
E25_cdt_experience_not_answer,c8cc01f,923175,x86_64,rustc 1.98.1 (48a229cea 2026-09-01),MODE_3_DYNAMIC_PLUS_CDT_TRAINING,R1_translation(dx=2;dy=1),16,4,true,false,true,0.959868,0.851447,0.891452,0.869913,0.000000,2.105816,0.959868,1.000000,0.000000,0,0,0,0.040132,0.999988,104320,31ec9743599f4506,650c9a703154db34,STRONG_POSITIVE,numeric_field_only (GGUF on disk unused for rule core),scaffold via E18B path (novel target not in CDT); full multi-family deferred. hardening: 16+4; aug×4; dyn400; consolidate_calls=16 mean_delta=true target_in_cdt=false eval_cdt_queries=0 coord_err=2.106 elapsed_ms=287.0
E26_experience_ablation,c8cc01f,923172,x86_64,rustc 1.98.1 (48a229cea 2026-09-01),MODE_3_DYNAMIC_PLUS_CDT_TRAINING,R1_translation(dx=2;dy=1),16,4,true,false,true,0.989450,0.791880,0.994943,0.975860,0.000000,0.000000,0.989450,0.000000,-0.005492,0,0,0,0.000000,0.000000,0,,,PARTIAL,numeric_field_only (GGUF on disk unused for rule core),ablation mapped to E18C C0..C3; hardening trainers; C0=0.792 C1=0.995 C2=0.989 C3=0.976 gain=-0.005 elapsed_ms=518.7
E27_rule_transfer,c8cc01f,923650,x86_64,rustc 1.98.1 (48a229cea 2026-09-01),MODE_3_DYNAMIC_PLUS_CDT_TRAINING,,0,0,false,false,true,0.000000,0.000000,0.000000,0.000000,0.000000,0.000000,0.000000,0.000000,0.000000,0,0,0,0.000000,0.000000,0,,,INVALID,numeric_field_only (GGUF on disk unused for rule core),DEFERRED: cross-family transfer not fully instrumented in this pass
E28_continual_forgetting,c8cc01f,923650,x86_64,rustc 1.98.1 (48a229cea 2026-09-01),MODE_3_DYNAMIC_PLUS_CDT_TRAINING,,0,0,false,false,true,0.000000,0.000000,0.000000,0.000000,0.000000,0.000000,0.000000,0.000000,0.000000,0,0,0,0.000000,0.000000,0,,,INVALID,numeric_field_only (GGUF on disk unused for rule core),DEFERRED: continual R1/R2/R3 protocol not fully run
E29_causal_intervention,c8cc01f,923650,x86_64,rustc 1.98.1 (48a229cea 2026-09-01),MODE_3_DYNAMIC_PLUS_CDT_TRAINING,,0,0,false,false,true,0.000000,0.000000,0.000000,0.000000,0.000000,0.000000,0.000000,0.000000,0.000000,0,0,0,0.000000,0.000000,0,,,INVALID,numeric_field_only (GGUF on disk unused for rule core),DEFERRED: checkpoint intervene/rollback not wired
E30_persistence_restart,c8cc01f,923650,x86_64,rustc 1.98.1 (48a229cea 2026-09-01),MODE_3_DYNAMIC_PLUS_CDT_TRAINING,,0,0,false,false,true,0.000000,0.000000,0.000000,0.000000,0.000000,0.000000,0.000000,0.000000,0.000000,0,0,0,0.000000,0.000000,0,,,INVALID,numeric_field_only (GGUF on disk unused for rule core),DEFERRED: process restart persistence not wired
FASE_A_field_only_scaffold,c8cc01f,923651,x86_64,rustc 1.98.1 (48a229cea 2026-09-01),MODE_2_DYNAMIC_FIELD,,0,0,false,false,true,0.000000,0.000000,0.000000,0.000000,0.000000,0.000000,0.000000,0.000000,0.000000,0,0,0,0.000000,0.000000,0,,,POSITIVE,numeric_field_only (GGUF on disk unused for rule core),FIELD_ONLY defaults: RQM=OFF CDT=OFF; leakage=0; path=input→encoder→D_phi→output
E18A_direct_no_cdt,c8cc01f,923651,x86_64,rustc 1.98.1 (48a229cea 2026-09-01),MODE_2_DYNAMIC_FIELD,R1_translation(dx=2;dy=1),16,4,false,false,true,0.985586,0.784047,0.951958,0.970482,0.000000,2.393039,0.985586,1.000000,0.000000,0,0,0,0.014414,0.999958,104000,8de8507c5a513cec,f584ad41000b6611,STRONG_POSITIVE,numeric_field_only (GGUF on disk unused for rule core),hardening: 16+4 starts; aug×4; enc_warm100+dyn400×3; FIELD_ONLY; static=0.784 linear=0.952 nn=0.970 table=0.000 coord_err=2.393 elapsed_ms=277.7
E18B_episodic_cdt_consolidation,c8cc01f,923651,x86_64,rustc 1.98.1 (48a229cea 2026-09-01),MODE_3_DYNAMIC_PLUS_CDT_TRAINING,R1_translation(dx=2;dy=1),16,4,true,false,true,0.950134,0.864269,0.909415,0.943278,0.000000,1.446117,0.950134,1.000000,0.000000,0,0,0,0.049866,0.999986,104320,188b31fea3b5c6db,814077ab5bfb1529,STRONG_POSITIVE,numeric_field_only (GGUF on disk unused for rule core),hardening: 16+4; aug×4; dyn400; consolidate_calls=16 mean_delta=true target_in_cdt=false eval_cdt_queries=0 coord_err=1.446 elapsed_ms=258.9
E18C_cdt_vs_no_cdt,c8cc01f,923651,x86_64,rustc 1.98.1 (48a229cea 2026-09-01),MODE_3_DYNAMIC_PLUS_CDT_TRAINING,R1_translation(dx=2;dy=1),16,4,true,false,true,0.985511,0.441027,0.994229,0.969819,0.000000,0.000000,0.985511,0.000000,-0.008719,0,0,0,0.000000,0.000000,0,,,PARTIAL,numeric_field_only (GGUF on disk unused for rule core),hardening trainers; C0=0.441 C1=0.994 C2=0.986 C3=0.970 gain=-0.009 elapsed_ms=546.0
E19_no_lookup_audit,c8cc01f,923651,x86_64,rustc 1.98.1 (48a229cea 2026-09-01),MODE_2_DYNAMIC_FIELD,R1_translation(dx=2;dy=1),16,4,false,false,true,0.985586,0.784047,0.951958,0.970482,0.000000,2.393039,0.985586,1.000000,0.000000,0,0,0,0.014414,0.999958,104000,8de8507c5a513cec,f584ad41000b6611,POSITIVE,numeric_field_only (GGUF on disk unused for rule core),E19 audit-only: leakage=0 cdt_q=0 rqm_q=0 table_q=0 nn_q=0 attractor_q=0; wrapped_E18A_verdict=STRONG_POSITIVE; hardening: 16+4 starts; aug×4; enc_warm100+dyn400×3; FIELD_ONLY; static=0.784 linear=0.952 nn=0.970 table=0.000 coord_err=2.393 elapsed_ms=369.9
E20_trajectory_vs_rule,c8cc01f,923651,x86_64,rustc 1.98.1 (48a229cea 2026-09-01),MODE_2_DYNAMIC_FIELD,R1_translation(dx=1.5;dy=0.5),32,1,false,false,true,0.999553,0.927190,0.000000,0.000000,0.000000,0.000000,0.999553,0.000000,0.072363,0,0,0,0.000000,0.000000,144000,377fa8ecd554b1a8,60fdd027f4e0ebfd,PARTIAL,numeric_field_only (GGUF on disk unused for rule core),hardening: traj_len=8 rule_pairs=32 epochs=300 both; cos_rule=1.000 cos_traj=0.927 delta=0.072 elapsed_ms=393.1
E21_abstract_rule_param,c8cc01f,923651,x86_64,rustc 1.98.1 (48a229cea 2026-09-01),MODE_2_DYNAMIC_FIELD,R1_translation(dx=2;dy=1); extrap dx=3 (action-conditioned),24,10,false,false,true,0.992634,0.837278,0.837278,0.000000,0.000000,0.000000,0.992634,0.837278,0.000000,0,0,0,0.000000,0.000000,108000,f565e0dd62b48724,cc1f0d9ecb8ff676,POSITIVE,numeric_field_only (GGUF on disk unused for rule core),hardening: ≥24 same-param; multi-dx action feats; epochs=300; never dx=3 train; same=0.993 extrap=0.837 elapsed_ms=539.2
E22_unobserved_composition,c8cc01f,923651,x86_64,rustc 1.98.1 (48a229cea 2026-09-01),MODE_2_DYNAMIC_FIELD,T2(T1(x)) never trained,128,6,false,false,true,0.914823,0.917920,0.000000,0.909838,0.000000,0.000000,0.914823,0.000000,0.000000,0,0,0,0.000000,0.000000,107520,2be54c6e4b8efbf7,b7888a20d6b32913,PARTIAL,numeric_field_only (GGUF on disk unused for rule core),hardening: more pairs+epochs; compose2=0.915 one_step=0.918 nn=0.910 elapsed_ms=248.5
E23_long_horizon,c8cc01f,923651,x86_64,rustc 1.98.1 (48a229cea 2026-09-01),MODE_2_DYNAMIC_FIELD,R1_translation(dx=0.5;dy=0.25),28,1,false,false,true,0.998753,0.930237,-0.647460,0.000000,0.000000,0.000000,0.930237,0.000000,0.000000,0,0,0,0.000000,0.927591,129840,11ccc9bebad20575,b0f0e6059776eb9a,POSITIVE,numeric_field_only (GGUF on disk unused for rule core),hardening: more pairs+epochs+unroll3; horizons_cos=["0.999"; "0.993"; "0.943"; "0.930"; "0.934"; "-0.647"] pert_h8=["0.930"; "0.929"; "0.921"; "0.930"] elapsed_ms=293.5
E24_static_vs_dynamic,c8cc01f,923651,x86_64,rustc 1.98.1 (48a229cea 2026-09-01),MODE_2_DYNAMIC_FIELD,R2_rotation(theta=0.5236),24,6,false,false,true,0.997691,0.875257,0.955937,0.000000,0.000000,0.000000,0.997691,0.000000,0.122434,0,0,0,0.000000,0.000000,156000,65a328a4757a2c3a,5f54161e3b8b19b6,PARTIAL,numeric_field_only (GGUF on disk unused for rule core),hardening: ≥24/6; epochs=400 dyn-heavy; static=cos(enc a;b) frozen-init; dynamic=0.998 static=0.875 random_dyn=0.956 delta=0.122 elapsed_ms=387.3
E25_cdt_experience_not_answer,c8cc01f,923174,x86_64,rustc 1.98.1 (48a229cea 2026-09-01),MODE_3_DYNAMIC_PLUS_CDT_TRAINING,R1_translation(dx=2;dy=1),16,4,true,false,true,0.974346,0.741175,0.951491,0.935418,0.000000,1.904667,0.974346,1.000000,0.000000,0,0,0,0.025654,0.999991,104320,76ed450ed62f9674,bd2a4181f55ec8fb,STRONG_POSITIVE,numeric_field_only (GGUF on disk unused for rule core),scaffold via E18B path (novel target not in CDT); full multi-family deferred. hardening: 16+4; aug×4; dyn400; consolidate_calls=16 mean_delta=true target_in_cdt=false eval_cdt_queries=0 coord_err=1.905 elapsed_ms=267.3
E26_experience_ablation,c8cc01f,923173,x86_64,rustc 1.98.1 (48a229cea 2026-09-01),MODE_3_DYNAMIC_PLUS_CDT_TRAINING,R1_translation(dx=2;dy=1),16,4,true,false,true,0.993304,0.757994,0.994363,0.968926,0.000000,0.000000,0.993304,0.000000,-0.001059,0,0,0,0.000000,0.000000,0,,,PARTIAL,numeric_field_only (GGUF on disk unused for rule core),ablation mapped to E18C C0..C3; hardening trainers; C0=0.758 C1=0.994 C2=0.993 C3=0.969 gain=-0.001 elapsed_ms=523.7
E27_rule_transfer,c8cc01f,923651,x86_64,rustc 1.98.1 (48a229cea 2026-09-01),MODE_3_DYNAMIC_PLUS_CDT_TRAINING,,0,0,false,false,true,0.000000,0.000000,0.000000,0.000000,0.000000,0.000000,0.000000,0.000000,0.000000,0,0,0,0.000000,0.000000,0,,,INVALID,numeric_field_only (GGUF on disk unused for rule core),DEFERRED: cross-family transfer not fully instrumented in this pass
E28_continual_forgetting,c8cc01f,923651,x86_64,rustc 1.98.1 (48a229cea 2026-09-01),MODE_3_DYNAMIC_PLUS_CDT_TRAINING,,0,0,false,false,true,0.000000,0.000000,0.000000,0.000000,0.000000,0.000000,0.000000,0.000000,0.000000,0,0,0,0.000000,0.000000,0,,,INVALID,numeric_field_only (GGUF on disk unused for rule core),DEFERRED: continual R1/R2/R3 protocol not fully run
E29_causal_intervention,c8cc01f,923651,x86_64,rustc 1.98.1 (48a229cea 2026-09-01),MODE_3_DYNAMIC_PLUS_CDT_TRAINING,,0,0,false,false,true,0.000000,0.000000,0.000000,0.000000,0.000000,0.000000,0.000000,0.000000,0.000000,0,0,0,0.000000,0.000000,0,,,INVALID,numeric_field_only (GGUF on disk unused for rule core),DEFERRED: checkpoint intervene/rollback not wired
E30_persistence_restart,c8cc01f,923651,x86_64,rustc 1.98.1 (48a229cea 2026-09-01),MODE_3_DYNAMIC_PLUS_CDT_TRAINING,,0,0,false,false,true,0.000000,0.000000,0.000000,0.000000,0.000000,0.000000,0.000000,0.000000,0.000000,0,0,0,0.000000,0.000000,0,,,INVALID,numeric_field_only (GGUF on disk unused for rule core),DEFERRED: process restart persistence not wired
FASE_A_field_only_scaffold,c8cc01f,923652,x86_64,rustc 1.98.1 (48a229cea 2026-09-01),MODE_2_DYNAMIC_FIELD,,0,0,false,false,true,0.000000,0.000000,0.000000,0.000000,0.000000,0.000000,0.000000,0.000000,0.000000,0,0,0,0.000000,0.000000,0,,,POSITIVE,numeric_field_only (GGUF on disk unused for rule core),FIELD_ONLY defaults: RQM=OFF CDT=OFF; leakage=0; path=input→encoder→D_phi→output
E18A_direct_no_cdt,c8cc01f,923652,x86_64,rustc 1.98.1 (48a229cea 2026-09-01),MODE_2_DYNAMIC_FIELD,R1_translation(dx=2;dy=1),16,4,false,false,true,0.930578,0.884757,0.912191,0.901520,0.000000,3.386454,0.930578,1.000000,0.000000,0,0,0,0.069422,0.999992,104000,83c228bf405e706f,94396d432d7cdbc4,PARTIAL,numeric_field_only (GGUF on disk unused for rule core),hardening: 16+4 starts; aug×4; enc_warm100+dyn400×3; FIELD_ONLY; static=0.885 linear=0.912 nn=0.902 table=0.000 coord_err=3.386 elapsed_ms=264.5
E18B_episodic_cdt_consolidation,c8cc01f,923652,x86_64,rustc 1.98.1 (48a229cea 2026-09-01),MODE_3_DYNAMIC_PLUS_CDT_TRAINING,R1_translation(dx=2;dy=1),16,4,true,false,true,0.934926,0.835032,0.897483,0.861572,0.000000,4.802658,0.934926,1.000000,0.000000,0,0,0,0.065074,0.999996,104320,0c6b9b47e7704495,2474e5e36881de8c,STRONG_POSITIVE,numeric_field_only (GGUF on disk unused for rule core),hardening: 16+4; aug×4; dyn400; consolidate_calls=16 mean_delta=true target_in_cdt=false eval_cdt_queries=0 coord_err=4.803 elapsed_ms=265.4
E18C_cdt_vs_no_cdt,c8cc01f,923652,x86_64,rustc 1.98.1 (48a229cea 2026-09-01),MODE_3_DYNAMIC_PLUS_CDT_TRAINING,R1_translation(dx=2;dy=1),16,4,true,false,true,0.984050,0.828901,0.990907,0.968390,0.000000,0.000000,0.984050,0.000000,-0.006857,0,0,0,0.000000,0.000000,0,,,PARTIAL,numeric_field_only (GGUF on disk unused for rule core),hardening trainers; C0=0.829 C1=0.991 C2=0.984 C3=0.968 gain=-0.007 elapsed_ms=522.8
E19_no_lookup_audit,c8cc01f,923652,x86_64,rustc 1.98.1 (48a229cea 2026-09-01),MODE_2_DYNAMIC_FIELD,R1_translation(dx=2;dy=1),16,4,false,false,true,0.930578,0.884757,0.912191,0.901520,0.000000,3.386454,0.930578,1.000000,0.000000,0,0,0,0.069422,0.999992,104000,83c228bf405e706f,94396d432d7cdbc4,POSITIVE,numeric_field_only (GGUF on disk unused for rule core),E19 audit-only: leakage=0 cdt_q=0 rqm_q=0 table_q=0 nn_q=0 attractor_q=0; wrapped_E18A_verdict=PARTIAL; hardening: 16+4 starts; aug×4; enc_warm100+dyn400×3; FIELD_ONLY; static=0.885 linear=0.912 nn=0.902 table=0.000 coord_err=3.386 elapsed_ms=265.9
E20_trajectory_vs_rule,c8cc01f,923652,x86_64,rustc 1.98.1 (48a229cea 2026-09-01),MODE_2_DYNAMIC_FIELD,R1_translation(dx=1.5;dy=0.5),32,1,false,false,true,0.999127,0.707030,0.000000,0.000000,0.000000,0.000000,0.999127,0.000000,0.292098,0,0,0,0.000000,0.000000,144000,a5462bd0ed429d0f,1d4a9da7be726fa5,POSITIVE,numeric_field_only (GGUF on disk unused for rule core),hardening: traj_len=8 rule_pairs=32 epochs=300 both; cos_rule=0.999 cos_traj=0.707 delta=0.292 elapsed_ms=396.2
E21_abstract_rule_param,c8cc01f,923652,x86_64,rustc 1.98.1 (48a229cea 2026-09-01),MODE_2_DYNAMIC_FIELD,R1_translation(dx=2;dy=1); extrap dx=3 (action-conditioned),24,10,false,false,true,0.989488,0.728012,0.728012,0.000000,0.000000,0.000000,0.989488,0.728012,0.000000,0,0,0,0.000000,0.000000,108000,6b0e44580dd3f265,9f3a414cf2ca50bc,POSITIVE,numeric_field_only (GGUF on disk unused for rule core),hardening: ≥24 same-param; multi-dx action feats; epochs=300; never dx=3 train; same=0.989 extrap=0.728 elapsed_ms=528.9
E22_unobserved_composition,c8cc01f,923652,x86_64,rustc 1.98.1 (48a229cea 2026-09-01),MODE_2_DYNAMIC_FIELD,T2(T1(x)) never trained,128,6,false,false,true,0.609164,0.753862,0.000000,0.704663,0.000000,0.000000,0.609164,0.000000,0.000000,0,0,0,0.000000,0.000000,107520,29ec6c1cc3b437bd,6553d538cb71d8a6,NULL,numeric_field_only (GGUF on disk unused for rule core),hardening: more pairs+epochs; compose2=0.609 one_step=0.754 nn=0.705 elapsed_ms=246.7
E23_long_horizon,c8cc01f,923652,x86_64,rustc 1.98.1 (48a229cea 2026-09-01),MODE_2_DYNAMIC_FIELD,R1_translation(dx=0.5;dy=0.25),28,1,false,false,true,0.999853,0.126028,-0.830585,0.000000,0.000000,0.000000,0.126028,0.000000,0.000000,0,0,0,0.000000,0.098218,129840,b3849a6ce6deb3d5,c7feae9b01e8fa53,PARTIAL,numeric_field_only (GGUF on disk unused for rule core),hardening: more pairs+epochs+unroll3; horizons_cos=["1.000"; "0.999"; "0.991"; "0.126"; "-0.719"; "-0.831"] pert_h8=["0.126"; "0.117"; "0.087"; "0.062"] elapsed_ms=309.7
E24_static_vs_dynamic,c8cc01f,923652,x86_64,rustc 1.98.1 (48a229cea 2026-09-01),MODE_2_DYNAMIC_FIELD,R2_rotation(theta=0.5236),24,6,false,false,true,0.996302,0.777982,0.928770,0.000000,0.000000,0.000000,0.996302,0.000000,0.218319,0,0,0,0.000000,0.000000,156000,a07d22930c4e9b7e,8478e415297669ee,PARTIAL,numeric_field_only (GGUF on disk unused for rule core),hardening: ≥24/6; epochs=400 dyn-heavy; static=cos(enc a;b) frozen-init; dynamic=0.996 static=0.778 random_dyn=0.929 delta=0.218 elapsed_ms=381.8
E25_cdt_experience_not_answer,c8cc01f,923169,x86_64,rustc 1.98.1 (48a229cea 2026-09-01),MODE_3_DYNAMIC_PLUS_CDT_TRAINING,R1_translation(dx=2;dy=1),16,4,true,false,true,0.994122,0.948699,0.984094,0.996461,0.000000,1.115275,0.994122,1.000000,0.000000,0,0,0,0.005878,0.999997,104320,fd4b25809a58d66f,a7f2b90f164801a7,PARTIAL,numeric_field_only (GGUF on disk unused for rule core),scaffold via E18B path (novel target not in CDT); full multi-family deferred. hardening: 16+4; aug×4; dyn400; consolidate_calls=16 mean_delta=true target_in_cdt=false eval_cdt_queries=0 coord_err=1.115 elapsed_ms=255.8
E26_experience_ablation,c8cc01f,923170,x86_64,rustc 1.98.1 (48a229cea 2026-09-01),MODE_3_DYNAMIC_PLUS_CDT_TRAINING,R1_translation(dx=2;dy=1),16,4,true,false,true,0.965920,0.756887,0.986354,0.977986,0.000000,0.000000,0.965920,0.000000,-0.020433,0,0,0,0.000000,0.000000,0,,,PARTIAL,numeric_field_only (GGUF on disk unused for rule core),ablation mapped to E18C C0..C3; hardening trainers; C0=0.757 C1=0.986 C2=0.966 C3=0.978 gain=-0.020 elapsed_ms=530.4
E27_rule_transfer,c8cc01f,923652,x86_64,rustc 1.98.1 (48a229cea 2026-09-01),MODE_3_DYNAMIC_PLUS_CDT_TRAINING,,0,0,false,false,true,0.000000,0.000000,0.000000,0.000000,0.000000,0.000000,0.000000,0.000000,0.000000,0,0,0,0.000000,0.000000,0,,,INVALID,numeric_field_only (GGUF on disk unused for rule core),DEFERRED: cross-family transfer not fully instrumented in this pass
E28_continual_forgetting,c8cc01f,923652,x86_64,rustc 1.98.1 (48a229cea 2026-09-01),MODE_3_DYNAMIC_PLUS_CDT_TRAINING,,0,0,false,false,true,0.000000,0.000000,0.000000,0.000000,0.000000,0.000000,0.000000,0.000000,0.000000,0,0,0,0.000000,0.000000,0,,,INVALID,numeric_field_only (GGUF on disk unused for rule core),DEFERRED: continual R1/R2/R3 protocol not fully run
E29_causal_intervention,c8cc01f,923652,x86_64,rustc 1.98.1 (48a229cea 2026-09-01),MODE_3_DYNAMIC_PLUS_CDT_TRAINING,,0,0,false,false,true,0.000000,0.000000,0.000000,0.000000,0.000000,0.000000,0.000000,0.000000,0.000000,0,0,0,0.000000,0.000000,0,,,INVALID,numeric_field_only (GGUF on disk unused for rule core),DEFERRED: checkpoint intervene/rollback not wired
E30_persistence_restart,c8cc01f,923652,x86_64,rustc 1.98.1 (48a229cea 2026-09-01),MODE_3_DYNAMIC_PLUS_CDT_TRAINING,,0,0,false,false,true,0.000000,0.000000,0.000000,0.000000,0.000000,0.000000,0.000000,0.000000,0.000000,0,0,0,0.000000,0.000000,0,,,INVALID,numeric_field_only (GGUF on disk unused for rule core),DEFERRED: process restart persistence not wired
FASE_A_field_only_scaffold,c8cc01f,923653,x86_64,rustc 1.98.1 (48a229cea 2026-09-01),MODE_2_DYNAMIC_FIELD,,0,0,false,false,true,0.000000,0.000000,0.000000,0.000000,0.000000,0.000000,0.000000,0.000000,0.000000,0,0,0,0.000000,0.000000,0,,,POSITIVE,numeric_field_only (GGUF on disk unused for rule core),FIELD_ONLY defaults: RQM=OFF CDT=OFF; leakage=0; path=input→encoder→D_phi→output
E18A_direct_no_cdt,c8cc01f,923653,x86_64,rustc 1.98.1 (48a229cea 2026-09-01),MODE_2_DYNAMIC_FIELD,R1_translation(dx=2;dy=1),16,4,false,false,true,0.569208,0.773588,0.957070,0.908230,0.000000,11.844609,0.569208,0.569208,0.000000,0,0,0,0.430792,0.999997,104000,72bd70bfcb40a724,13bd3c82c595228b,NEGATIVE,numeric_field_only (GGUF on disk unused for rule core),hardening: 16+4 starts; aug×4; enc_warm100+dyn400×3; FIELD_ONLY; static=0.774 linear=0.957 nn=0.908 table=0.000 coord_err=11.845 elapsed_ms=269.8
E18B_episodic_cdt_consolidation,c8cc01f,923653,x86_64,rustc 1.98.1 (48a229cea 2026-09-01),MODE_3_DYNAMIC_PLUS_CDT_TRAINING,R1_translation(dx=2;dy=1),16,4,true,false,true,0.977403,0.929779,0.907760,0.777051,0.000000,2.739860,0.977403,1.000000,0.000000,0,0,0,0.022597,0.999975,104320,eaa850a23c83dd4e,d44618536a61e1a3,PARTIAL,numeric_field_only (GGUF on disk unused for rule core),hardening: 16+4; aug×4; dyn400; consolidate_calls=16 mean_delta=true target_in_cdt=false eval_cdt_queries=0 coord_err=2.740 elapsed_ms=265.9
E18C_cdt_vs_no_cdt,c8cc01f,923653,x86_64,rustc 1.98.1 (48a229cea 2026-09-01),MODE_3_DYNAMIC_PLUS_CDT_TRAINING,R1_translation(dx=2;dy=1),16,4,true,false,true,0.982242,0.637432,0.991044,0.955920,0.000000,0.000000,0.982242,0.000000,-0.008802,0,0,0,0.000000,0.000000,0,,,PARTIAL,numeric_field_only (GGUF on disk unused for rule core),hardening trainers; C0=0.637 C1=0.991 C2=0.982 C3=0.956 gain=-0.009 elapsed_ms=539.5
E19_no_lookup_audit,c8cc01f,923653,x86_64,rustc 1.98.1 (48a229cea 2026-09-01),MODE_2_DYNAMIC_FIELD,R1_translation(dx=2;dy=1),16,4,false,false,true,0.569208,0.773588,0.957070,0.908230,0.000000,11.844609,0.569208,0.569208,0.000000,0,0,0,0.430792,0.999997,104000,72bd70bfcb40a724,13bd3c82c595228b,POSITIVE,numeric_field_only (GGUF on disk unused for rule core),E19 audit-only: leakage=0 cdt_q=0 rqm_q=0 table_q=0 nn_q=0 attractor_q=0; wrapped_E18A_verdict=NEGATIVE; hardening: 16+4 starts; aug×4; enc_warm100+dyn400×3; FIELD_ONLY; static=0.774 linear=0.957 nn=0.908 table=0.000 coord_err=11.845 elapsed_ms=278.5
E20_trajectory_vs_rule,c8cc01f,923653,x86_64,rustc 1.98.1 (48a229cea 2026-09-01),MODE_2_DYNAMIC_FIELD,R1_translation(dx=1.5;dy=0.5),32,1,false,false,true,0.995532,0.995662,0.000000,0.000000,0.000000,0.000000,0.995532,0.000000,-0.000130,0,0,0,0.000000,0.000000,144000,2e6c3667f9db7126,0a131255fdbef016,NULL,numeric_field_only (GGUF on disk unused for rule core),hardening: traj_len=8 rule_pairs=32 epochs=300 both; cos_rule=0.996 cos_traj=0.996 delta=-0.000 elapsed_ms=411.0
E21_abstract_rule_param,c8cc01f,923653,x86_64,rustc 1.98.1 (48a229cea 2026-09-01),MODE_2_DYNAMIC_FIELD,R1_translation(dx=2;dy=1); extrap dx=3 (action-conditioned),24,10,false,false,true,0.988707,0.879361,0.879361,0.000000,0.000000,0.000000,0.988707,0.879361,0.000000,0,0,0,0.000000,0.000000,108000,d259ab3b83284ab4,61a4a7893c0a325b,POSITIVE,numeric_field_only (GGUF on disk unused for rule core),hardening: ≥24 same-param; multi-dx action feats; epochs=300; never dx=3 train; same=0.989 extrap=0.879 elapsed_ms=550.9
E22_unobserved_composition,c8cc01f,923653,x86_64,rustc 1.98.1 (48a229cea 2026-09-01),MODE_2_DYNAMIC_FIELD,T2(T1(x)) never trained,128,6,false,false,true,0.936467,0.922945,0.000000,0.908214,0.000000,0.000000,0.936467,0.000000,0.000000,0,0,0,0.000000,0.000000,107520,b7efa8fc1c2d7fdd,1e9e0a6a3380cfa0,PARTIAL,numeric_field_only (GGUF on disk unused for rule core),hardening: more pairs+epochs; compose2=0.936 one_step=0.923 nn=0.908 elapsed_ms=254.3
E23_long_horizon,c8cc01f,923653,x86_64,rustc 1.98.1 (48a229cea 2026-09-01),MODE_2_DYNAMIC_FIELD,R1_translation(dx=0.5;dy=0.25),28,1,false,false,true,0.999395,0.951215,-0.773835,0.000000,0.000000,0.000000,0.951215,0.000000,0.000000,0,0,0,0.000000,0.955180,129840,6d69d77c5aad5d92,b05ec06346fa4fe5,POSITIVE,numeric_field_only (GGUF on disk unused for rule core),hardening: more pairs+epochs+unroll3; horizons_cos=["0.999"; "0.997"; "0.980"; "0.951"; "0.951"; "-0.774"] pert_h8=["0.951"; "0.951"; "0.950"; "0.968"] elapsed_ms=300.9
E24_static_vs_dynamic,c8cc01f,923653,x86_64,rustc 1.98.1 (48a229cea 2026-09-01),MODE_2_DYNAMIC_FIELD,R2_rotation(theta=0.5236),24,6,false,false,true,0.998811,0.761042,0.961537,0.000000,0.000000,0.000000,0.998811,0.000000,0.237769,0,0,0,0.000000,0.000000,156000,6696bb2d1c5d0159,378c12d29582e804,PARTIAL,numeric_field_only (GGUF on disk unused for rule core),hardening: ≥24/6; epochs=400 dyn-heavy; static=cos(enc a;b) frozen-init; dynamic=0.999 static=0.761 random_dyn=0.962 delta=0.238 elapsed_ms=385.6
E25_cdt_experience_not_answer,c8cc01f,923168,x86_64,rustc 1.98.1 (48a229cea 2026-09-01),MODE_3_DYNAMIC_PLUS_CDT_TRAINING,R1_translation(dx=2;dy=1),16,4,true,false,true,0.995388,0.858653,0.987207,0.973138,0.000000,1.471451,0.995388,1.000000,0.000000,0,0,0,0.004612,0.999997,104320,aa9be503cc098f53,5cda2f8c390710fd,STRONG_POSITIVE,numeric_field_only (GGUF on disk unused for rule core),scaffold via E18B path (novel target not in CDT); full multi-family deferred. hardening: 16+4; aug×4; dyn400; consolidate_calls=16 mean_delta=true target_in_cdt=false eval_cdt_queries=0 coord_err=1.471 elapsed_ms=277.7
E26_experience_ablation,c8cc01f,923171,x86_64,rustc 1.98.1 (48a229cea 2026-09-01),MODE_3_DYNAMIC_PLUS_CDT_TRAINING,R1_translation(dx=2;dy=1),16,4,true,false,true,0.996398,0.665864,0.997220,0.983006,0.000000,0.000000,0.996398,0.000000,-0.000822,0,0,0,0.000000,0.000000,0,,,PARTIAL,numeric_field_only (GGUF on disk unused for rule core),ablation mapped to E18C C0..C3; hardening trainers; C0=0.666 C1=0.997 C2=0.996 C3=0.983 gain=-0.001 elapsed_ms=535.0
E27_rule_transfer,c8cc01f,923653,x86_64,rustc 1.98.1 (48a229cea 2026-09-01),MODE_3_DYNAMIC_PLUS_CDT_TRAINING,,0,0,false,false,true,0.000000,0.000000,0.000000,0.000000,0.000000,0.000000,0.000000,0.000000,0.000000,0,0,0,0.000000,0.000000,0,,,INVALID,numeric_field_only (GGUF on disk unused for rule core),DEFERRED: cross-family transfer not fully instrumented in this pass
E28_continual_forgetting,c8cc01f,923653,x86_64,rustc 1.98.1 (48a229cea 2026-09-01),MODE_3_DYNAMIC_PLUS_CDT_TRAINING,,0,0,false,false,true,0.000000,0.000000,0.000000,0.000000,0.000000,0.000000,0.000000,0.000000,0.000000,0,0,0,0.000000,0.000000,0,,,INVALID,numeric_field_only (GGUF on disk unused for rule core),DEFERRED: continual R1/R2/R3 protocol not fully run
E29_causal_intervention,c8cc01f,923653,x86_64,rustc 1.98.1 (48a229cea 2026-09-01),MODE_3_DYNAMIC_PLUS_CDT_TRAINING,,0,0,false,false,true,0.000000,0.000000,0.000000,0.000000,0.000000,0.000000,0.000000,0.000000,0.000000,0,0,0,0.000000,0.000000,0,,,INVALID,numeric_field_only (GGUF on disk unused for rule core),DEFERRED: checkpoint intervene/rollback not wired
E30_persistence_restart,c8cc01f,923653,x86_64,rustc 1.98.1 (48a229cea 2026-09-01),MODE_3_DYNAMIC_PLUS_CDT_TRAINING,,0,0,false,false,true,0.000000,0.000000,0.000000,0.000000,0.000000,0.000000,0.000000,0.000000,0.000000,0,0,0,0.000000,0.000000,0,,,INVALID,numeric_field_only (GGUF on disk unused for rule core),DEFERRED: process restart persistence not wired
FASE_A_field_only_scaffold,c8cc01f,923654,x86_64,rustc 1.98.1 (48a229cea 2026-09-01),MODE_2_DYNAMIC_FIELD,,0,0,false,false,true,0.000000,0.000000,0.000000,0.000000,0.000000,0.000000,0.000000,0.000000,0.000000,0,0,0,0.000000,0.000000,0,,,POSITIVE,numeric_field_only (GGUF on disk unused for rule core),FIELD_ONLY defaults: RQM=OFF CDT=OFF; leakage=0; path=input→encoder→D_phi→output
E18A_direct_no_cdt,c8cc01f,923654,x86_64,rustc 1.98.1 (48a229cea 2026-09-01),MODE_2_DYNAMIC_FIELD,R1_translation(dx=2;dy=1),16,4,false,false,true,0.996284,0.921327,0.991203,0.939599,0.000000,1.967762,0.996284,1.000000,0.000000,0,0,0,0.003716,0.999997,104000,61801b224a46edc8,08f7ac361d359b09,POSITIVE,numeric_field_only (GGUF on disk unused for rule core),hardening: 16+4 starts; aug×4; enc_warm100+dyn400×3; FIELD_ONLY; static=0.921 linear=0.991 nn=0.940 table=0.000 coord_err=1.968 elapsed_ms=265.9
E18B_episodic_cdt_consolidation,c8cc01f,923654,x86_64,rustc 1.98.1 (48a229cea 2026-09-01),MODE_3_DYNAMIC_PLUS_CDT_TRAINING,R1_translation(dx=2;dy=1),16,4,true,false,true,0.988256,0.798523,0.969120,0.969714,0.000000,2.488448,0.988256,1.000000,0.000000,0,0,0,0.011744,0.999986,104320,9414bdf4e8f247b8,2537c8f0eb71e559,STRONG_POSITIVE,numeric_field_only (GGUF on disk unused for rule core),hardening: 16+4; aug×4; dyn400; consolidate_calls=16 mean_delta=true target_in_cdt=false eval_cdt_queries=0 coord_err=2.488 elapsed_ms=278.7
E18C_cdt_vs_no_cdt,c8cc01f,923654,x86_64,rustc 1.98.1 (48a229cea 2026-09-01),MODE_3_DYNAMIC_PLUS_CDT_TRAINING,R1_translation(dx=2;dy=1),16,4,true,false,true,0.974038,0.775534,0.930190,0.963374,0.000000,0.000000,0.974038,0.000000,0.043848,0,0,0,0.000000,0.000000,0,,,PARTIAL,numeric_field_only (GGUF on disk unused for rule core),hardening trainers; C0=0.776 C1=0.930 C2=0.974 C3=0.963 gain=0.044 elapsed_ms=516.1
E19_no_lookup_audit,c8cc01f,923654,x86_64,rustc 1.98.1 (48a229cea 2026-09-01),MODE_2_DYNAMIC_FIELD,R1_translation(dx=2;dy=1),16,4,false,false,true,0.996284,0.921327,0.991203,0.939599,0.000000,1.967762,0.996284,1.000000,0.000000,0,0,0,0.003716,0.999997,104000,61801b224a46edc8,08f7ac361d359b09,POSITIVE,numeric_field_only (GGUF on disk unused for rule core),E19 audit-only: leakage=0 cdt_q=0 rqm_q=0 table_q=0 nn_q=0 attractor_q=0; wrapped_E18A_verdict=POSITIVE; hardening: 16+4 starts; aug×4; enc_warm100+dyn400×3; FIELD_ONLY; static=0.921 linear=0.991 nn=0.940 table=0.000 coord_err=1.968 elapsed_ms=272.6
E20_trajectory_vs_rule,c8cc01f,923654,x86_64,rustc 1.98.1 (48a229cea 2026-09-01),MODE_2_DYNAMIC_FIELD,R1_translation(dx=1.5;dy=0.5),32,1,false,false,true,0.999983,0.918882,0.000000,0.000000,0.000000,0.000000,0.999983,0.000000,0.081101,0,0,0,0.000000,0.000000,144000,a2ef1659d71a4f14,77b314915a3bcc59,PARTIAL,numeric_field_only (GGUF on disk unused for rule core),hardening: traj_len=8 rule_pairs=32 epochs=300 both; cos_rule=1.000 cos_traj=0.919 delta=0.081 elapsed_ms=411.2
E21_abstract_rule_param,c8cc01f,923654,x86_64,rustc 1.98.1 (48a229cea 2026-09-01),MODE_2_DYNAMIC_FIELD,R1_translation(dx=2;dy=1); extrap dx=3 (action-conditioned),24,10,false,false,true,0.995541,0.734474,0.734474,0.000000,0.000000,0.000000,0.995541,0.734474,0.000000,0,0,0,0.000000,0.000000,108000,edc98ea08874c873,603f016f382d4aa3,POSITIVE,numeric_field_only (GGUF on disk unused for rule core),hardening: ≥24 same-param; multi-dx action feats; epochs=300; never dx=3 train; same=0.996 extrap=0.734 elapsed_ms=553.2
E22_unobserved_composition,c8cc01f,923654,x86_64,rustc 1.98.1 (48a229cea 2026-09-01),MODE_2_DYNAMIC_FIELD,T2(T1(x)) never trained,128,6,false,false,true,0.936654,0.907379,0.000000,0.786031,0.000000,0.000000,0.936654,0.000000,0.000000,0,0,0,0.000000,0.000000,107520,80f59ab87a8ae3e7,41b3633a319352de,PARTIAL,numeric_field_only (GGUF on disk unused for rule core),hardening: more pairs+epochs; compose2=0.937 one_step=0.907 nn=0.786 elapsed_ms=434.5
E23_long_horizon,c8cc01f,923654,x86_64,rustc 1.98.1 (48a229cea 2026-09-01),MODE_2_DYNAMIC_FIELD,R1_translation(dx=0.5;dy=0.25),28,1,false,false,true,0.999925,0.983609,-0.153503,0.000000,0.000000,0.000000,0.983609,0.000000,0.000000,0,0,0,0.000000,0.983513,129840,07c31b5e392991ed,bf537bca2bcede17,POSITIVE,numeric_field_only (GGUF on disk unused for rule core),hardening: more pairs+epochs+unroll3; horizons_cos=["1.000"; "1.000"; "0.998"; "0.984"; "0.979"; "-0.154"] pert_h8=["0.984"; "0.984"; "0.983"; "0.983"] elapsed_ms=512.1
E24_static_vs_dynamic,c8cc01f,923654,x86_64,rustc 1.98.1 (48a229cea 2026-09-01),MODE_2_DYNAMIC_FIELD,R2_rotation(theta=0.5236),24,6,false,false,true,0.998279,0.778999,0.956165,0.000000,0.000000,0.000000,0.998279,0.000000,0.219280,0,0,0,0.000000,0.000000,156000,88d7c6fc3207d8e9,f5ac59ae0a580629,PARTIAL,numeric_field_only (GGUF on disk unused for rule core),hardening: ≥24/6; epochs=400 dyn-heavy; static=cos(enc a;b) frozen-init; dynamic=0.998 static=0.779 random_dyn=0.956 delta=0.219 elapsed_ms=653.2
E25_cdt_experience_not_answer,c8cc01f,923171,x86_64,rustc 1.98.1 (48a229cea 2026-09-01),MODE_3_DYNAMIC_PLUS_CDT_TRAINING,R1_translation(dx=2;dy=1),16,4,true,false,true,0.993703,0.930660,0.968368,0.986024,0.000000,1.598883,0.993703,1.000000,0.000000,0,0,0,0.006297,0.999993,104320,d6256785aaaab30f,7e7246da3a67edcc,POSITIVE,numeric_field_only (GGUF on disk unused for rule core),scaffold via E18B path (novel target not in CDT); full multi-family deferred. hardening: 16+4; aug×4; dyn400; consolidate_calls=16 mean_delta=true target_in_cdt=false eval_cdt_queries=0 coord_err=1.599 elapsed_ms=463.8
E26_experience_ablation,c8cc01f,923168,x86_64,rustc 1.98.1 (48a229cea 2026-09-01),MODE_3_DYNAMIC_PLUS_CDT_TRAINING,R1_translation(dx=2;dy=1),16,4,true,false,true,0.966970,0.639493,0.972650,0.947365,0.000000,0.000000,0.966970,0.000000,-0.005680,0,0,0,0.000000,0.000000,0,,,PARTIAL,numeric_field_only (GGUF on disk unused for rule core),ablation mapped to E18C C0..C3; hardening trainers; C0=0.639 C1=0.973 C2=0.967 C3=0.947 gain=-0.006 elapsed_ms=926.0
E27_rule_transfer,c8cc01f,923654,x86_64,rustc 1.98.1 (48a229cea 2026-09-01),MODE_3_DYNAMIC_PLUS_CDT_TRAINING,,0,0,false,false,true,0.000000,0.000000,0.000000,0.000000,0.000000,0.000000,0.000000,0.000000,0.000000,0,0,0,0.000000,0.000000,0,,,INVALID,numeric_field_only (GGUF on disk unused for rule core),DEFERRED: cross-family transfer not fully instrumented in this pass
E28_continual_forgetting,c8cc01f,923654,x86_64,rustc 1.98.1 (48a229cea 2026-09-01),MODE_3_DYNAMIC_PLUS_CDT_TRAINING,,0,0,false,false,true,0.000000,0.000000,0.000000,0.000000,0.000000,0.000000,0.000000,0.000000,0.000000,0,0,0,0.000000,0.000000,0,,,INVALID,numeric_field_only (GGUF on disk unused for rule core),DEFERRED: continual R1/R2/R3 protocol not fully run
E29_causal_intervention,c8cc01f,923654,x86_64,rustc 1.98.1 (48a229cea 2026-09-01),MODE_3_DYNAMIC_PLUS_CDT_TRAINING,,0,0,false,false,true,0.000000,0.000000,0.000000,0.000000,0.000000,0.000000,0.000000,0.000000,0.000000,0,0,0,0.000000,0.000000,0,,,INVALID,numeric_field_only (GGUF on disk unused for rule core),DEFERRED: checkpoint intervene/rollback not wired
E30_persistence_restart,c8cc01f,923654,x86_64,rustc 1.98.1 (48a229cea 2026-09-01),MODE_3_DYNAMIC_PLUS_CDT_TRAINING,,0,0,false,false,true,0.000000,0.000000,0.000000,0.000000,0.000000,0.000000,0.000000,0.000000,0.000000,0,0,0,0.000000,0.000000,0,,,INVALID,numeric_field_only (GGUF on disk unused for rule core),DEFERRED: process restart persistence not wired
FASE_A_field_only_scaffold,c8cc01f,923655,x86_64,rustc 1.98.1 (48a229cea 2026-09-01),MODE_2_DYNAMIC_FIELD,,0,0,false,false,true,0.000000,0.000000,0.000000,0.000000,0.000000,0.000000,0.000000,0.000000,0.000000,0,0,0,0.000000,0.000000,0,,,POSITIVE,numeric_field_only (GGUF on disk unused for rule core),FIELD_ONLY defaults: RQM=OFF CDT=OFF; leakage=0; path=input→encoder→D_phi→output
E18A_direct_no_cdt,c8cc01f,923655,x86_64,rustc 1.98.1 (48a229cea 2026-09-01),MODE_2_DYNAMIC_FIELD,R1_translation(dx=2;dy=1),16,4,false,false,true,0.987411,0.914503,0.949511,0.972423,0.000000,1.977320,0.987411,1.000000,0.000000,0,0,0,0.012589,0.999999,104000,e86e5be0f6a17d4b,0acbd017441d850b,POSITIVE,numeric_field_only (GGUF on disk unused for rule core),hardening: 16+4 starts; aug×4; enc_warm100+dyn400×3; FIELD_ONLY; static=0.915 linear=0.950 nn=0.972 table=0.000 coord_err=1.977 elapsed_ms=279.6
E18B_episodic_cdt_consolidation,c8cc01f,923655,x86_64,rustc 1.98.1 (48a229cea 2026-09-01),MODE_3_DYNAMIC_PLUS_CDT_TRAINING,R1_translation(dx=2;dy=1),16,4,true,false,true,0.986465,0.826386,0.981337,0.957876,0.000000,1.166436,0.986465,1.000000,0.000000,0,0,0,0.013535,0.999975,104320,e24abd328d83fb9d,6ca4399db76a4e22,STRONG_POSITIVE,numeric_field_only (GGUF on disk unused for rule core),hardening: 16+4; aug×4; dyn400; consolidate_calls=16 mean_delta=true target_in_cdt=false eval_cdt_queries=0 coord_err=1.166 elapsed_ms=296.9
E18C_cdt_vs_no_cdt,c8cc01f,923655,x86_64,rustc 1.98.1 (48a229cea 2026-09-01),MODE_3_DYNAMIC_PLUS_CDT_TRAINING,R1_translation(dx=2;dy=1),16,4,true,false,true,0.985381,0.795098,0.988172,0.974716,0.000000,0.000000,0.985381,0.000000,-0.002791,0,0,0,0.000000,0.000000,0,,,PARTIAL,numeric_field_only (GGUF on disk unused for rule core),hardening trainers; C0=0.795 C1=0.988 C2=0.985 C3=0.975 gain=-0.003 elapsed_ms=546.7
E19_no_lookup_audit,c8cc01f,923655,x86_64,rustc 1.98.1 (48a229cea 2026-09-01),MODE_2_DYNAMIC_FIELD,R1_translation(dx=2;dy=1),16,4,false,false,true,0.987411,0.914503,0.949511,0.972423,0.000000,1.977320,0.987411,1.000000,0.000000,0,0,0,0.012589,0.999999,104000,e86e5be0f6a17d4b,0acbd017441d850b,POSITIVE,numeric_field_only (GGUF on disk unused for rule core),E19 audit-only: leakage=0 cdt_q=0 rqm_q=0 table_q=0 nn_q=0 attractor_q=0; wrapped_E18A_verdict=POSITIVE; hardening: 16+4 starts; aug×4; enc_warm100+dyn400×3; FIELD_ONLY; static=0.915 linear=0.950 nn=0.972 table=0.000 coord_err=1.977 elapsed_ms=269.4
E20_trajectory_vs_rule,c8cc01f,923655,x86_64,rustc 1.98.1 (48a229cea 2026-09-01),MODE_2_DYNAMIC_FIELD,R1_translation(dx=1.5;dy=0.5),32,1,false,false,true,0.999252,0.985158,0.000000,0.000000,0.000000,0.000000,0.999252,0.000000,0.014094,0,0,0,0.000000,0.000000,144000,3f12511835f9c080,116347bb5943c92c,NULL,numeric_field_only (GGUF on disk unused for rule core),hardening: traj_len=8 rule_pairs=32 epochs=300 both; cos_rule=0.999 cos_traj=0.985 delta=0.014 elapsed_ms=415.4
E21_abstract_rule_param,c8cc01f,923655,x86_64,rustc 1.98.1 (48a229cea 2026-09-01),MODE_2_DYNAMIC_FIELD,R1_translation(dx=2;dy=1); extrap dx=3 (action-conditioned),24,10,false,false,true,0.999867,0.893502,0.893502,0.000000,0.000000,0.000000,0.999867,0.893502,0.000000,0,0,0,0.000000,0.000000,108000,6e23ea928eb5562b,481f559fd65f2c84,POSITIVE,numeric_field_only (GGUF on disk unused for rule core),hardening: ≥24 same-param; multi-dx action feats; epochs=300; never dx=3 train; same=1.000 extrap=0.894 elapsed_ms=604.0
E22_unobserved_composition,c8cc01f,923655,x86_64,rustc 1.98.1 (48a229cea 2026-09-01),MODE_2_DYNAMIC_FIELD,T2(T1(x)) never trained,128,6,false,false,true,0.936577,0.946157,0.000000,0.883911,0.000000,0.000000,0.936577,0.000000,0.000000,0,0,0,0.000000,0.000000,107520,1ce3ced31ac2ea4a,aef8ffe8cfd3a54e,PARTIAL,numeric_field_only (GGUF on disk unused for rule core),hardening: more pairs+epochs; compose2=0.937 one_step=0.946 nn=0.884 elapsed_ms=269.7
E23_long_horizon,c8cc01f,923655,x86_64,rustc 1.98.1 (48a229cea 2026-09-01),MODE_2_DYNAMIC_FIELD,R1_translation(dx=0.5;dy=0.25),28,1,false,false,true,0.999852,0.998223,-0.230818,0.000000,0.000000,0.000000,0.998223,0.000000,0.000000,0,0,0,0.000000,0.998355,129840,d0bce3c8a042fab8,57bfcc3450dae13c,POSITIVE,numeric_field_only (GGUF on disk unused for rule core),hardening: more pairs+epochs+unroll3; horizons_cos=["1.000"; "0.999"; "0.998"; "0.998"; "0.962"; "-0.231"] pert_h8=["0.998"; "0.998"; "0.998"; "0.999"] elapsed_ms=348.1
E24_static_vs_dynamic,c8cc01f,923655,x86_64,rustc 1.98.1 (48a229cea 2026-09-01),MODE_2_DYNAMIC_FIELD,R2_rotation(theta=0.5236),24,6,false,false,true,0.998338,0.876171,0.965915,0.000000,0.000000,0.000000,0.998338,0.000000,0.122167,0,0,0,0.000000,0.000000,156000,02475d85bc907b6d,0ccff9bc09d74cdd,PARTIAL,numeric_field_only (GGUF on disk unused for rule core),hardening: ≥24/6; epochs=400 dyn-heavy; static=cos(enc a;b) frozen-init; dynamic=0.998 static=0.876 random_dyn=0.966 delta=0.122 elapsed_ms=399.4
E25_cdt_experience_not_answer,c8cc01f,923170,x86_64,rustc 1.98.1 (48a229cea 2026-09-01),MODE_3_DYNAMIC_PLUS_CDT_TRAINING,R1_translation(dx=2;dy=1),16,4,true,false,true,0.991479,0.894163,0.970490,0.937027,0.000000,2.231328,0.991479,1.000000,0.000000,0,0,0,0.008521,0.999875,104320,5afd1fddc55087e2,eb29ad3bab314a76,STRONG_POSITIVE,numeric_field_only (GGUF on disk unused for rule core),scaffold via E18B path (novel target not in CDT); full multi-family deferred. hardening: 16+4; aug×4; dyn400; consolidate_calls=16 mean_delta=true target_in_cdt=false eval_cdt_queries=0 coord_err=2.231 elapsed_ms=263.1
E26_experience_ablation,c8cc01f,923169,x86_64,rustc 1.98.1 (48a229cea 2026-09-01),MODE_3_DYNAMIC_PLUS_CDT_TRAINING,R1_translation(dx=2;dy=1),16,4,true,false,true,0.927801,0.678986,0.887942,0.891505,0.000000,0.000000,0.927801,0.000000,0.039859,0,0,0,0.000000,0.000000,0,,,POSITIVE,numeric_field_only (GGUF on disk unused for rule core),ablation mapped to E18C C0..C3; hardening trainers; C0=0.679 C1=0.888 C2=0.928 C3=0.892 gain=0.040 elapsed_ms=556.0
E27_rule_transfer,c8cc01f,923655,x86_64,rustc 1.98.1 (48a229cea 2026-09-01),MODE_3_DYNAMIC_PLUS_CDT_TRAINING,,0,0,false,false,true,0.000000,0.000000,0.000000,0.000000,0.000000,0.000000,0.000000,0.000000,0.000000,0,0,0,0.000000,0.000000,0,,,INVALID,numeric_field_only (GGUF on disk unused for rule core),DEFERRED: cross-family transfer not fully instrumented in this pass
E28_continual_forgetting,c8cc01f,923655,x86_64,rustc 1.98.1 (48a229cea 2026-09-01),MODE_3_DYNAMIC_PLUS_CDT_TRAINING,,0,0,false,false,true,0.000000,0.000000,0.000000,0.000000,0.000000,0.000000,0.000000,0.000000,0.000000,0,0,0,0.000000,0.000000,0,,,INVALID,numeric_field_only (GGUF on disk unused for rule core),DEFERRED: continual R1/R2/R3 protocol not fully run
E29_causal_intervention,c8cc01f,923655,x86_64,rustc 1.98.1 (48a229cea 2026-09-01),MODE_3_DYNAMIC_PLUS_CDT_TRAINING,,0,0,false,false,true,0.000000,0.000000,0.000000,0.000000,0.000000,0.000000,0.000000,0.000000,0.000000,0,0,0,0.000000,0.000000,0,,,INVALID,numeric_field_only (GGUF on disk unused for rule core),DEFERRED: checkpoint intervene/rollback not wired
E30_persistence_restart,c8cc01f,923655,x86_64,rustc 1.98.1 (48a229cea 2026-09-01),MODE_3_DYNAMIC_PLUS_CDT_TRAINING,,0,0,false,false,true,0.000000,0.000000,0.000000,0.000000,0.000000,0.000000,0.000000,0.000000,0.000000,0,0,0,0.000000,0.000000,0,,,INVALID,numeric_field_only (GGUF on disk unused for rule core),DEFERRED: process restart persistence not wired
