experiment,commit,seed,hardware,rust_version,n_concepts,train_examples,unseen_examples,ood_examples,encoder_type,encoder_frozen,field_trainable,dynamics_trainable,cdt_enabled,rqm_enabled,decoder_type,mode,accuracy_seen,accuracy_unseen,accuracy_ood,energy_initial,energy_final,energy_delta,top1,top2,margin,abstentions,field_steps,rollout_steps,convergence_steps,mean_us,p50_us,p95_us,p99_us,target_in_training,target_in_rqm,target_in_cdt,target_in_attractor_bank,forgetting_A,forgetting_B,forgetting_C,checkpoint_hash,field_hash,llm_hash,intra_cosine,inter_cosine,knn_acc,silhouette,stability,verdict,periphery,notes
E11_trainable_field_encoder,0cc1a65,921856,x86_64,rustc 1.99.0 (b940084d7 2026-09-28),13,900,6,0,TrainableFieldEncoder,true,true,false,false,false,nearest_fp,STATIC_FIELD,0.692308,0.833333,0.625000,59.532753,59.532753,0.000000,0.692308,0.307692,0.611361,0,900,0,900,18.218000,17.885000,22.815000,22.815000,false,false,false,false,0.000000,0.000000,0.000000,fde4375bb9fd1306,45dc18e0c24fb887,gemma-shaped-lexicon-probe,0.694704,0.083343,0.692308,0.666946,0.990505,PARTIAL: geometry improved but not all criteria,gemma-shaped-lexicon (GGUF absent; honest),raw_margin=0.000 rand_margin=0.013 pre_margin=0.062 post_margin=0.611 raw_knn=0.385 rand_knn=0.308 knn=0.692 para=0.833 sil=0.667 stab=0.991 causal_delta=0.775 loss_end=1.9819 elapsed_ms=24 raw_intra=1.000 raw_inter=1.000
E12_crosslingual_concept,0cc1a65,921856,x86_64,rustc 1.99.0 (b940084d7 2026-09-28),4,6,3,5,gemma_hidden_blockmean/TrainableFieldEncoder+contrastive,true,true,false,false,false,nearest_fp,STATIC_FIELD,0.000000,0.000000,0.000000,0.000000,0.000000,0.000000,0.000000,0.000000,0.000000,0,0,0,0,0.000000,0.000000,0.000000,0.000000,false,false,false,false,0.000000,0.000000,0.000000,,,absent,0.000000,0.000000,0.000000,0.000000,0.000000,SKIPPED_NO_GGUF,none (SKIPPED_NO_GGUF),GEMMA2_GGUF unset y no hay .gguf bajo models/; harness exige FrozenGemma2Probe real. NO se afirma cross-lingual con léxico. Tests compilados; ejecución omitida honestamente.
E13_relational_field,0cc1a65,921856,x86_64,rustc 1.99.0 (b940084d7 2026-09-28),8,5,3,1,lexicon_hidden/TrainableFieldEncoder+hier_proto+Dphi+R,true,true,true,false,true,nearest_fp,DYNAMIC_FIELD,0.800000,1.000000,0.333333,0.000000,52.514362,0.000000,0.800000,0.000000,-0.472485,0,16,0,0,0.000000,0.000000,0.000000,0.000000,false,false,false,false,0.000000,0.000000,0.000000,e0a2a701e5725aee,8c2f0f0747048e36,gemma-shaped-lexicon-probe,0.000000,0.000000,1.000000,0.000000,0.000000,PASS: unseen>=0.66 y dynamic>=static>=table (RQM solo control),gemma-shaped-lexicon (GGUF absent; honest),A_table seen=1.00 un=0.00; B_RQM seen=0.60 un=0.00; C_static seen=0.20 un=0.33; D_dynamic seen=0.80 un=1.00; comp_like=1.00; periphery=lexicon-hidden; anti_leak_aguila_servivo=1; holdout=[lobo->animal:1;lobo->mamífero:1;águila->ser-vivo:1]; alpha=0.78; animal_ball=1; tax_ancestors=1
E14_incremental_forgetting,0cc1a65,921856,x86_64,rustc 1.99.0 (b940084d7 2026-09-28),4,4,0,0,TrainableFieldEncoder,true,true,false,false,false,nearest_fp,STATIC_FIELD,1.000000,1.000000,0.000000,0.000000,0.000000,0.000000,0.000000,0.000000,1.000000,0,0,0,0,0.000000,0.000000,0.000000,0.000000,false,false,false,false,0.031394,-0.000000,-0.002142,4e15d402f4d94beb,d0707c5d41351850,gemma-shaped-lexicon-probe,0.000000,0.000000,0.000000,0.000000,0.000000,PASS: incremental recall retained; adversarial retain>=0.5,gemma-shaped-lexicon (GGUF absent; honest),dR_A=0.031 dR_B=-0.000 dR_C=-0.002 final_acc=1.000 adv_retain_ABC=1.000 curve_A=Some([0.9636326945073439; 0.9994144162560841; 0.9986767511792158; 0.9950265375153415]) curve_B=Some([0.9999999999999987; 0.9994909068894604; 0.9999996783080494]) local_bias=1
E15_semantic_without_labels,0cc1a65,921856,x86_64,rustc 1.99.0 (b940084d7 2026-09-28),6,6,2,0,factored_compose+manifold_Dphi/TrainableFieldEncoder,true,true,true,false,false,nearest_fp,DYNAMIC_FIELD,1.000000,0.800000,1.000000,2.195218,3.569609,1.374391,0.800000,0.000000,0.246369,0,0,0,0,0.000000,0.000000,0.000000,0.000000,false,false,false,false,0.000000,0.000000,0.000000,11155f330c2ff111,6dc4c5cfcaf967bb,gemma-shaped-lexicon-probe,0.000000,0.000000,1.000000,0.000000,0.080660,PASS: unseen incompatible combos less stable / farther from manifold,gemma-shaped-lexicon (GGUF absent; honest),E_ok=2.1952 E_bad=3.5696 d_man_ok=0.1605 d_man_bad=0.4068 stab_ok=0.8327 stab_bad=0.7520 structure=3/3 rank_acc=0.800 margin_E=1.3744 arch=factor_compose+Dphi_manifold
E16_field_dynamics,0cc1a65,921856,x86_64,rustc 1.99.0 (b940084d7 2026-09-28),4,3,1,0,TrainableFieldEncoder,true,true,true,true,true,nearest_fp,DYNAMIC_FIELD,1.000000,1.000000,1.000000,65.959166,73.620681,0.000000,0.999998,1.000000,0.490427,0,400,3,0,0.000000,0.000000,0.000000,0.000000,false,true,true,false,0.000000,0.000000,0.000000,47837def6c1ae0ab,4e3a8221d5f56512,gemma-shaped-lexicon-probe,0.000000,0.000000,0.000000,0.000000,0.000000,PASS: Dphi predicts transitions; rollout partial; RQM control separate,gemma-shaped-lexicon (GGUF absent; honest),table_ok=true nn_next=B rqm_direct=1 rqm_compose=3 cdt_pred=1 cos_B=1.000 rollB=1.000 rollC=1.000 rollD=1.000 static_cosAB=0.499 causal_pre=0.510 audit_clean_for_AtoD_train=true
E17_never_observed_states,0cc1a65,921856,x86_64,rustc 1.99.0 (b940084d7 2026-09-28),3,2,1,0,TrainableFieldEncoder,true,true,true,false,true,nearest_fp,DYNAMIC_FIELD,0.995122,1.000000,1.000000,0.000000,46.672462,0.000000,0.998135,0.990720,0.007414,0,0,2,0,0.000000,0.000000,0.000000,0.000000,false,true,false,false,0.000000,0.000000,0.000000,8330bfcfcaee1d9f,f3d6d6e7d02cc04d,gemma-shaped-lexicon-probe,0.000000,0.000000,0.000000,0.000000,0.000000,PASS: Dphi two-step + ToR approach never-stored A->C (RQM compose flagged separately),gemma-shaped-lexicon (GGUF absent; honest),dist_C=0.0019 dist_B=0.0093 comp_dist=0.0000 rqm_direct_edge=false rqm_compose_pred=2 audit_train=false audit_rqm_compose=true audit_bank=false valid_unseen=true
E11_trainable_field_encoder,0cc1a65,921857,x86_64,rustc 1.99.0 (b940084d7 2026-09-28),13,900,6,0,TrainableFieldEncoder,true,true,false,false,false,nearest_fp,STATIC_FIELD,0.923077,1.000000,0.625000,59.963654,59.963654,0.000000,0.923077,0.153846,0.874416,0,900,0,900,13.872000,13.127000,16.954000,16.954000,false,false,false,false,0.000000,0.000000,0.000000,86ed58649ccd1e39,133401d9e16a8f98,gemma-shaped-lexicon-probe,0.802074,-0.072342,0.923077,0.815426,0.990268,PASS: trained encoder geometry > random projector,gemma-shaped-lexicon (GGUF absent; honest),raw_margin=0.000 rand_margin=0.005 pre_margin=0.008 post_margin=0.874 raw_knn=0.231 rand_knn=0.154 knn=0.923 para=1.000 sil=0.815 stab=0.990 causal_delta=0.997 loss_end=1.4388 elapsed_ms=22 raw_intra=1.000 raw_inter=1.000
E12_crosslingual_concept,0cc1a65,921857,x86_64,rustc 1.99.0 (b940084d7 2026-09-28),4,6,3,5,gemma_hidden_blockmean/TrainableFieldEncoder+contrastive,true,true,false,false,false,nearest_fp,STATIC_FIELD,0.000000,0.000000,0.000000,0.000000,0.000000,0.000000,0.000000,0.000000,0.000000,0,0,0,0,0.000000,0.000000,0.000000,0.000000,false,false,false,false,0.000000,0.000000,0.000000,,,absent,0.000000,0.000000,0.000000,0.000000,0.000000,SKIPPED_NO_GGUF,none (SKIPPED_NO_GGUF),GEMMA2_GGUF unset y no hay .gguf bajo models/; harness exige FrozenGemma2Probe real. NO se afirma cross-lingual con léxico. Tests compilados; ejecución omitida honestamente.
E13_relational_field,0cc1a65,921857,x86_64,rustc 1.99.0 (b940084d7 2026-09-28),8,5,3,1,lexicon_hidden/TrainableFieldEncoder+hier_proto+Dphi+R,true,true,true,false,true,nearest_fp,DYNAMIC_FIELD,0.800000,1.000000,0.666667,0.000000,52.840743,0.000000,0.800000,0.000000,-0.486525,0,16,0,0,0.000000,0.000000,0.000000,0.000000,false,false,false,false,0.000000,0.000000,0.000000,151be1f3ee74ccf2,f3db0dd91e2919b4,gemma-shaped-lexicon-probe,0.000000,0.000000,1.000000,0.000000,0.000000,PASS: unseen>=0.66 y dynamic>=static>=table (RQM solo control),gemma-shaped-lexicon (GGUF absent; honest),A_table seen=1.00 un=0.00; B_RQM seen=0.60 un=0.00; C_static seen=0.40 un=0.67; D_dynamic seen=0.80 un=1.00; comp_like=1.00; periphery=lexicon-hidden; anti_leak_aguila_servivo=1; holdout=[lobo->animal:1;lobo->mamífero:1;águila->ser-vivo:1]; alpha=0.78; animal_ball=1; tax_ancestors=1
E14_incremental_forgetting,0cc1a65,921857,x86_64,rustc 1.99.0 (b940084d7 2026-09-28),4,4,0,0,TrainableFieldEncoder,true,true,false,false,false,nearest_fp,STATIC_FIELD,1.000000,1.000000,0.000000,0.000000,0.000000,0.000000,0.000000,0.000000,1.000000,0,0,0,0,0.000000,0.000000,0.000000,0.000000,false,false,false,false,-0.006074,-0.000015,-0.001235,6ef11d3282a651dd,1de2a8c752fa23f4,gemma-shaped-lexicon-probe,0.000000,0.000000,0.000000,0.000000,0.000000,PASS: incremental recall retained; adversarial retain>=0.5,gemma-shaped-lexicon (GGUF absent; honest),dR_A=-0.006 dR_B=-0.000 dR_C=-0.001 final_acc=1.000 adv_retain_ABC=1.000 curve_A=Some([0.9993554520458104; 0.9992031755682205; 0.9994441837826883; 0.9932810177710603]) curve_B=Some([1.0000000000000004; 0.9994338473776411; 0.9999853519829455]) local_bias=1
E15_semantic_without_labels,0cc1a65,921857,x86_64,rustc 1.99.0 (b940084d7 2026-09-28),6,6,2,0,factored_compose+manifold_Dphi/TrainableFieldEncoder,true,true,true,false,false,nearest_fp,DYNAMIC_FIELD,1.000000,0.600000,1.000000,3.620942,3.926915,0.305973,0.600000,0.000000,0.043742,0,0,0,0,0.000000,0.000000,0.000000,0.000000,false,false,false,false,0.000000,0.000000,0.000000,a1773393b7b42917,d1e30f81d3fd55be,gemma-shaped-lexicon-probe,0.000000,0.000000,1.000000,0.000000,0.138501,PARTIAL: structural separation improving; margin/ranking aún cortos,gemma-shaped-lexicon (GGUF absent; honest),E_ok=3.6209 E_bad=3.9269 d_man_ok=0.3488 d_man_bad=0.3925 stab_ok=0.5395 stab_bad=0.4010 structure=3/3 rank_acc=0.600 margin_E=0.3060 arch=factor_compose+Dphi_manifold
E16_field_dynamics,0cc1a65,921857,x86_64,rustc 1.99.0 (b940084d7 2026-09-28),4,3,1,0,TrainableFieldEncoder,true,true,true,true,true,nearest_fp,DYNAMIC_FIELD,1.000000,1.000000,1.000000,67.263825,66.767190,0.000000,0.984701,0.994610,0.013386,0,400,3,0,0.000000,0.000000,0.000000,0.000000,false,true,true,false,0.000000,0.000000,0.000000,6e0cae7a3dac4c48,4e96b8a735d60985,gemma-shaped-lexicon-probe,0.000000,0.000000,0.000000,0.000000,0.000000,WEAK: mild dynamics; may not beat static/NN,gemma-shaped-lexicon (GGUF absent; honest),table_ok=true nn_next=B rqm_direct=1 rqm_compose=3 cdt_pred=1 cos_B=0.985 rollB=0.985 rollC=0.863 rollD=0.995 static_cosAB=0.985 causal_pre=0.971 audit_clean_for_AtoD_train=true
E17_never_observed_states,0cc1a65,921857,x86_64,rustc 1.99.0 (b940084d7 2026-09-28),3,2,1,0,TrainableFieldEncoder,true,true,true,false,true,nearest_fp,DYNAMIC_FIELD,0.995168,1.000000,1.000000,0.000000,47.471107,0.000000,0.998974,0.989710,0.009264,0,0,2,0,0.000000,0.000000,0.000000,0.000000,false,true,false,false,0.000000,0.000000,0.000000,e14fa53933ceadd2,994b8bfb5d6cf958,gemma-shaped-lexicon-probe,0.000000,0.000000,0.000000,0.000000,0.000000,PASS: Dphi two-step + ToR approach never-stored A->C (RQM compose flagged separately),gemma-shaped-lexicon (GGUF absent; honest),dist_C=0.0010 dist_B=0.0103 comp_dist=-0.0000 rqm_direct_edge=false rqm_compose_pred=2 audit_train=false audit_rqm_compose=true audit_bank=false valid_unseen=true
E11_trainable_field_encoder,0cc1a65,921858,x86_64,rustc 1.99.0 (b940084d7 2026-09-28),13,900,6,0,TrainableFieldEncoder,true,true,false,false,false,nearest_fp,STATIC_FIELD,0.769231,1.000000,0.375000,62.649207,62.649207,0.000000,0.769231,0.076923,0.713538,0,900,0,900,29.707833,27.702000,41.880000,41.880000,false,false,false,false,0.000000,0.000000,0.000000,0a40ff7754b14e75,71baaf51c0d35d6c,gemma-shaped-lexicon-probe,0.718664,0.005126,0.769231,0.717215,0.990645,PASS: trained encoder geometry > random projector,gemma-shaped-lexicon (GGUF absent; honest),raw_margin=0.000 rand_margin=0.004 pre_margin=0.002 post_margin=0.714 raw_knn=0.231 rand_knn=0.077 knn=0.769 para=1.000 sil=0.717 stab=0.991 causal_delta=0.370 loss_end=5.7307 elapsed_ms=34 raw_intra=1.000 raw_inter=1.000
E12_crosslingual_concept,0cc1a65,921858,x86_64,rustc 1.99.0 (b940084d7 2026-09-28),4,6,3,5,gemma_hidden_blockmean/TrainableFieldEncoder+contrastive,true,true,false,false,false,nearest_fp,STATIC_FIELD,0.000000,0.000000,0.000000,0.000000,0.000000,0.000000,0.000000,0.000000,0.000000,0,0,0,0,0.000000,0.000000,0.000000,0.000000,false,false,false,false,0.000000,0.000000,0.000000,,,absent,0.000000,0.000000,0.000000,0.000000,0.000000,SKIPPED_NO_GGUF,none (SKIPPED_NO_GGUF),GEMMA2_GGUF unset y no hay .gguf bajo models/; harness exige FrozenGemma2Probe real. NO se afirma cross-lingual con léxico. Tests compilados; ejecución omitida honestamente.
E13_relational_field,0cc1a65,921858,x86_64,rustc 1.99.0 (b940084d7 2026-09-28),8,5,3,1,lexicon_hidden/TrainableFieldEncoder+hier_proto+Dphi+R,true,true,true,false,true,nearest_fp,DYNAMIC_FIELD,0.800000,1.000000,0.666667,0.000000,52.695697,0.000000,0.800000,0.000000,-0.487678,0,16,0,0,0.000000,0.000000,0.000000,0.000000,false,false,false,false,0.000000,0.000000,0.000000,9c4d53ea7abeaefa,8fd568b6100a8b90,gemma-shaped-lexicon-probe,0.000000,0.000000,1.000000,0.000000,0.000000,PASS: unseen>=0.66 y dynamic>=static>=table (RQM solo control),gemma-shaped-lexicon (GGUF absent; honest),A_table seen=1.00 un=0.00; B_RQM seen=0.60 un=0.00; C_static seen=0.40 un=0.67; D_dynamic seen=0.80 un=1.00; comp_like=1.00; periphery=lexicon-hidden; anti_leak_aguila_servivo=1; holdout=[lobo->animal:1;lobo->mamífero:1;águila->ser-vivo:1]; alpha=0.78; animal_ball=1; tax_ancestors=1
E14_incremental_forgetting,0cc1a65,921858,x86_64,rustc 1.99.0 (b940084d7 2026-09-28),4,4,0,0,TrainableFieldEncoder,true,true,false,false,false,nearest_fp,STATIC_FIELD,1.000000,1.000000,0.000000,0.000000,0.000000,0.000000,0.000000,0.000000,1.000000,0,0,0,0,0.000000,0.000000,0.000000,0.000000,false,false,false,false,-0.005432,-0.000002,-0.001722,2a34ce092f0f19f6,5ec2d27312cff7af,gemma-shaped-lexicon-probe,0.000000,0.000000,0.000000,0.000000,0.000000,PASS: incremental recall retained; adversarial retain>=0.5,gemma-shaped-lexicon (GGUF absent; honest),dR_A=-0.005 dR_B=-0.000 dR_C=-0.002 final_acc=1.000 adv_retain_ABC=1.000 curve_A=Some([0.9993899415358866; 0.9986248593078386; 0.9991149750868684; 0.9939583602329681]) curve_B=Some([1.0000000000000002; 0.999532026697603; 0.9999983479999502]) local_bias=1
E15_semantic_without_labels,0cc1a65,921858,x86_64,rustc 1.99.0 (b940084d7 2026-09-28),6,6,2,0,factored_compose+manifold_Dphi/TrainableFieldEncoder,true,true,true,false,false,nearest_fp,DYNAMIC_FIELD,1.000000,0.800000,1.000000,1.747543,2.932278,1.184736,0.800000,0.000000,0.208778,0,0,0,0,0.000000,0.000000,0.000000,0.000000,false,false,false,false,0.000000,0.000000,0.000000,e99c2aad10742758,2e299fbc3e549876,gemma-shaped-lexicon-probe,0.000000,0.000000,1.000000,0.000000,0.090595,PASS: unseen incompatible combos less stable / farther from manifold,gemma-shaped-lexicon (GGUF absent; honest),E_ok=1.7475 E_bad=2.9323 d_man_ok=0.0988 d_man_bad=0.3076 stab_ok=0.8945 stab_bad=0.8039 structure=3/3 rank_acc=0.800 margin_E=1.1847 arch=factor_compose+Dphi_manifold
E16_field_dynamics,0cc1a65,921858,x86_64,rustc 1.99.0 (b940084d7 2026-09-28),4,3,1,0,TrainableFieldEncoder,true,true,true,true,true,nearest_fp,DYNAMIC_FIELD,1.000000,1.000000,1.000000,68.191146,72.709995,0.000000,1.000000,1.000000,0.546793,0,400,3,0,0.000000,0.000000,0.000000,0.000000,false,true,true,false,0.000000,0.000000,0.000000,89ea99a62041ef35,8bfe2f258fe8c8b3,gemma-shaped-lexicon-probe,0.000000,0.000000,0.000000,0.000000,0.000000,PASS: Dphi predicts transitions; rollout partial; RQM control separate,gemma-shaped-lexicon (GGUF absent; honest),table_ok=true nn_next=B rqm_direct=1 rqm_compose=3 cdt_pred=1 cos_B=1.000 rollB=1.000 rollC=1.000 rollD=1.000 static_cosAB=0.433 causal_pre=0.453 audit_clean_for_AtoD_train=true
E17_never_observed_states,0cc1a65,921858,x86_64,rustc 1.99.0 (b940084d7 2026-09-28),3,2,1,0,TrainableFieldEncoder,true,true,true,false,true,nearest_fp,DYNAMIC_FIELD,0.995380,1.000000,1.000000,0.000000,47.483797,0.000000,0.997976,0.987468,0.010508,0,0,2,0,0.000000,0.000000,0.000000,0.000000,false,true,false,false,0.000000,0.000000,0.000000,28b89b04c1ab490a,c166db02140f0779,gemma-shaped-lexicon-probe,0.000000,0.000000,0.000000,0.000000,0.000000,PASS: Dphi two-step + ToR approach never-stored A->C (RQM compose flagged separately),gemma-shaped-lexicon (GGUF absent; honest),dist_C=0.0020 dist_B=0.0125 comp_dist=-0.0000 rqm_direct_edge=false rqm_compose_pred=2 audit_train=false audit_rqm_compose=true audit_bank=false valid_unseen=true
E11_trainable_field_encoder,0cc1a65,921859,x86_64,rustc 1.99.0 (b940084d7 2026-09-28),13,900,6,0,TrainableFieldEncoder,true,true,false,false,false,nearest_fp,STATIC_FIELD,0.846154,0.833333,0.875000,57.245389,57.245389,0.000000,0.846154,0.461538,0.914069,0,900,0,900,22.185667,21.481000,27.034000,27.034000,false,false,false,false,0.000000,0.000000,0.000000,e0136eff5371cdea,4779b5ca7ba77574,gemma-shaped-lexicon-probe,0.777489,-0.136580,0.846154,0.804227,0.990677,PASS: trained encoder geometry > random projector,gemma-shaped-lexicon (GGUF absent; honest),raw_margin=0.000 rand_margin=0.033 pre_margin=0.015 post_margin=0.914 raw_knn=0.385 rand_knn=0.462 knn=0.846 para=0.833 sil=0.804 stab=0.991 causal_delta=0.763 loss_end=4.0637 elapsed_ms=30 raw_intra=1.000 raw_inter=1.000
E12_crosslingual_concept,0cc1a65,921859,x86_64,rustc 1.99.0 (b940084d7 2026-09-28),4,6,3,5,gemma_hidden_blockmean/TrainableFieldEncoder+contrastive,true,true,false,false,false,nearest_fp,STATIC_FIELD,0.000000,0.000000,0.000000,0.000000,0.000000,0.000000,0.000000,0.000000,0.000000,0,0,0,0,0.000000,0.000000,0.000000,0.000000,false,false,false,false,0.000000,0.000000,0.000000,,,absent,0.000000,0.000000,0.000000,0.000000,0.000000,SKIPPED_NO_GGUF,none (SKIPPED_NO_GGUF),GEMMA2_GGUF unset y no hay .gguf bajo models/; harness exige FrozenGemma2Probe real. NO se afirma cross-lingual con léxico. Tests compilados; ejecución omitida honestamente.
E13_relational_field,0cc1a65,921859,x86_64,rustc 1.99.0 (b940084d7 2026-09-28),8,5,3,1,lexicon_hidden/TrainableFieldEncoder+hier_proto+Dphi+R,true,true,true,false,true,nearest_fp,DYNAMIC_FIELD,0.800000,1.000000,0.333333,0.000000,52.549637,0.000000,0.800000,0.000000,-0.474751,0,16,0,0,0.000000,0.000000,0.000000,0.000000,false,false,false,false,0.000000,0.000000,0.000000,c94e2b6daeaf7a61,3b787c4ed36ba14d,gemma-shaped-lexicon-probe,0.000000,0.000000,1.000000,0.000000,0.000000,PASS: unseen>=0.66 y dynamic>=static>=table (RQM solo control),gemma-shaped-lexicon (GGUF absent; honest),A_table seen=1.00 un=0.00; B_RQM seen=0.60 un=0.00; C_static seen=0.20 un=0.33; D_dynamic seen=0.80 un=1.00; comp_like=1.00; periphery=lexicon-hidden; anti_leak_aguila_servivo=1; holdout=[lobo->animal:1;lobo->mamífero:1;águila->ser-vivo:1]; alpha=0.78; animal_ball=1; tax_ancestors=1
E14_incremental_forgetting,0cc1a65,921859,x86_64,rustc 1.99.0 (b940084d7 2026-09-28),4,4,0,0,TrainableFieldEncoder,true,true,false,false,false,nearest_fp,STATIC_FIELD,1.000000,1.000000,0.000000,0.000000,0.000000,0.000000,0.000000,0.000000,1.000000,0,0,0,0,0.000000,0.000000,0.000000,0.000000,false,false,false,false,0.012724,-0.000000,-0.002016,c31b8d2b200f6c4b,94c7881f55d4beeb,gemma-shaped-lexicon-probe,0.000000,0.000000,0.000000,0.000000,0.000000,PASS: incremental recall retained; adversarial retain>=0.5,gemma-shaped-lexicon (GGUF absent; honest),dR_A=0.013 dR_B=-0.000 dR_C=-0.002 final_acc=1.000 adv_retain_ABC=1.000 curve_A=Some([0.9814242460200537; 0.9989953928525179; 0.9991079615927565; 0.9941477814830343]) curve_B=Some([1.0; 0.9997120106846641; 0.9999999259476052]) local_bias=1
E15_semantic_without_labels,0cc1a65,921859,x86_64,rustc 1.99.0 (b940084d7 2026-09-28),6,6,2,0,factored_compose+manifold_Dphi/TrainableFieldEncoder,true,true,true,false,false,nearest_fp,DYNAMIC_FIELD,1.000000,0.800000,1.000000,3.222893,5.125797,1.902904,0.800000,0.000000,0.287361,0,0,0,0,0.000000,0.000000,0.000000,0.000000,false,false,false,false,0.000000,0.000000,0.000000,ddd16653ed0c1f71,7c015a953ecd2572,gemma-shaped-lexicon-probe,0.000000,0.000000,1.000000,0.000000,0.280321,PASS: unseen incompatible combos less stable / farther from manifold,gemma-shaped-lexicon (GGUF absent; honest),E_ok=3.2229 E_bad=5.1258 d_man_ok=0.2646 d_man_bad=0.5520 stab_ok=0.5174 stab_bad=0.2371 structure=3/3 rank_acc=0.800 margin_E=1.9029 arch=factor_compose+Dphi_manifold
E16_field_dynamics,0cc1a65,921859,x86_64,rustc 1.99.0 (b940084d7 2026-09-28),4,3,1,0,TrainableFieldEncoder,true,true,true,true,true,nearest_fp,DYNAMIC_FIELD,1.000000,1.000000,1.000000,68.301864,70.448876,0.000000,1.000000,1.000000,0.527658,0,400,3,0,0.000000,0.000000,0.000000,0.000000,false,true,true,false,0.000000,0.000000,0.000000,db2e05347c99d1e7,e3d6159f60411004,gemma-shaped-lexicon-probe,0.000000,0.000000,0.000000,0.000000,0.000000,PASS: Dphi predicts transitions; rollout partial; RQM control separate,gemma-shaped-lexicon (GGUF absent; honest),table_ok=true nn_next=B rqm_direct=1 rqm_compose=3 cdt_pred=1 cos_B=1.000 rollB=1.000 rollC=1.000 rollD=1.000 static_cosAB=0.465 causal_pre=0.472 audit_clean_for_AtoD_train=true
E17_never_observed_states,0cc1a65,921859,x86_64,rustc 1.99.0 (b940084d7 2026-09-28),3,2,1,0,TrainableFieldEncoder,true,true,true,false,true,nearest_fp,DYNAMIC_FIELD,0.995357,1.000000,1.000000,0.000000,47.090978,0.000000,0.998629,0.990065,0.008563,0,0,2,0,0.000000,0.000000,0.000000,0.000000,false,true,false,false,0.000000,0.000000,0.000000,44000773d8a31fe8,430b99eb8d2a8a9c,gemma-shaped-lexicon-probe,0.000000,0.000000,0.000000,0.000000,0.000000,PASS: Dphi two-step + ToR approach never-stored A->C (RQM compose flagged separately),gemma-shaped-lexicon (GGUF absent; honest),dist_C=0.0014 dist_B=0.0099 comp_dist=0.0000 rqm_direct_edge=false rqm_compose_pred=2 audit_train=false audit_rqm_compose=true audit_bank=false valid_unseen=true
E11_trainable_field_encoder,0cc1a65,921860,x86_64,rustc 1.99.0 (b940084d7 2026-09-28),13,900,6,0,TrainableFieldEncoder,true,true,false,false,false,nearest_fp,STATIC_FIELD,0.538462,0.500000,0.375000,51.988268,51.988268,0.000000,0.538462,0.153846,0.166943,0,900,0,900,14.310833,13.080000,18.702000,18.702000,false,false,false,false,0.000000,0.000000,0.000000,57aa74fa3b1708c3,48d63217fbffa56a,gemma-shaped-lexicon-probe,0.654537,0.487593,0.538462,0.325803,0.990535,PARTIAL: geometry improved but not all criteria,gemma-shaped-lexicon (GGUF absent; honest),raw_margin=0.000 rand_margin=-0.005 pre_margin=0.015 post_margin=0.167 raw_knn=0.231 rand_knn=0.154 knn=0.538 para=0.500 sil=0.326 stab=0.991 causal_delta=0.646 loss_end=1.9021 elapsed_ms=21 raw_intra=1.000 raw_inter=1.000
E12_crosslingual_concept,0cc1a65,921860,x86_64,rustc 1.99.0 (b940084d7 2026-09-28),4,6,3,5,gemma_hidden_blockmean/TrainableFieldEncoder+contrastive,true,true,false,false,false,nearest_fp,STATIC_FIELD,0.000000,0.000000,0.000000,0.000000,0.000000,0.000000,0.000000,0.000000,0.000000,0,0,0,0,0.000000,0.000000,0.000000,0.000000,false,false,false,false,0.000000,0.000000,0.000000,,,absent,0.000000,0.000000,0.000000,0.000000,0.000000,SKIPPED_NO_GGUF,none (SKIPPED_NO_GGUF),GEMMA2_GGUF unset y no hay .gguf bajo models/; harness exige FrozenGemma2Probe real. NO se afirma cross-lingual con léxico. Tests compilados; ejecución omitida honestamente.
E13_relational_field,0cc1a65,921860,x86_64,rustc 1.99.0 (b940084d7 2026-09-28),8,5,3,1,lexicon_hidden/TrainableFieldEncoder+hier_proto+Dphi+R,true,true,true,false,true,nearest_fp,DYNAMIC_FIELD,0.800000,1.000000,0.333333,0.000000,52.516803,0.000000,0.800000,0.000000,-0.495705,0,16,0,0,0.000000,0.000000,0.000000,0.000000,false,false,false,false,0.000000,0.000000,0.000000,155cd530b0eeee98,d72ef50dea1b7493,gemma-shaped-lexicon-probe,0.000000,0.000000,1.000000,0.000000,0.000000,PASS: unseen>=0.66 y dynamic>=static>=table (RQM solo control),gemma-shaped-lexicon (GGUF absent; honest),A_table seen=1.00 un=0.00; B_RQM seen=0.60 un=0.00; C_static seen=0.20 un=0.33; D_dynamic seen=0.80 un=1.00; comp_like=1.00; periphery=lexicon-hidden; anti_leak_aguila_servivo=1; holdout=[lobo->animal:1;lobo->mamífero:1;águila->ser-vivo:1]; alpha=0.78; animal_ball=1; tax_ancestors=1
E14_incremental_forgetting,0cc1a65,921860,x86_64,rustc 1.99.0 (b940084d7 2026-09-28),4,4,0,0,TrainableFieldEncoder,true,true,false,false,false,nearest_fp,STATIC_FIELD,1.000000,1.000000,0.000000,0.000000,0.000000,0.000000,0.000000,0.000000,1.000000,0,0,0,0,0.000000,0.000000,0.000000,0.000000,false,false,false,false,-0.003632,-0.002250,-0.000065,fb0fff77bfdc12f6,8c63b0603bbf257f,gemma-shaped-lexicon-probe,0.000000,0.000000,0.000000,0.000000,0.000000,PASS: incremental recall retained; adversarial retain>=0.5,gemma-shaped-lexicon (GGUF absent; honest),dR_A=-0.004 dR_B=-0.002 dR_C=-0.000 final_acc=1.000 adv_retain_ABC=1.000 curve_A=Some([0.9993784765910171; 0.9989950657000827; 0.9991580608623023; 0.9957469488502628]) curve_B=Some([1.0; 0.9996357028666916; 0.9977503311921173]) local_bias=1
E15_semantic_without_labels,0cc1a65,921860,x86_64,rustc 1.99.0 (b940084d7 2026-09-28),6,6,2,0,factored_compose+manifold_Dphi/TrainableFieldEncoder,true,true,true,false,false,nearest_fp,DYNAMIC_FIELD,1.000000,0.800000,1.000000,2.059685,3.060504,1.000819,0.800000,0.000000,0.140814,0,0,0,0,0.000000,0.000000,0.000000,0.000000,false,false,false,false,0.000000,0.000000,0.000000,3d2f92a002651591,09c0c7aad92851ef,gemma-shaped-lexicon-probe,0.000000,0.000000,1.000000,0.000000,0.134068,PASS: unseen incompatible combos less stable / farther from manifold,gemma-shaped-lexicon (GGUF absent; honest),E_ok=2.0597 E_bad=3.0605 d_man_ok=0.1338 d_man_bad=0.2746 stab_ok=0.8405 stab_bad=0.7064 structure=3/3 rank_acc=0.800 margin_E=1.0008 arch=factor_compose+Dphi_manifold
E16_field_dynamics,0cc1a65,921860,x86_64,rustc 1.99.0 (b940084d7 2026-09-28),4,3,1,0,TrainableFieldEncoder,true,true,true,true,true,nearest_fp,DYNAMIC_FIELD,1.000000,1.000000,1.000000,68.610734,73.673474,0.000000,1.000000,1.000000,0.814300,0,400,3,0,0.000000,0.000000,0.000000,0.000000,false,true,true,false,0.000000,0.000000,0.000000,3899c4ccc5b24dea,5d2c6a5b166558ac,gemma-shaped-lexicon-probe,0.000000,0.000000,0.000000,0.000000,0.000000,PASS: Dphi predicts transitions; rollout partial; RQM control separate,gemma-shaped-lexicon (GGUF absent; honest),table_ok=true nn_next=B rqm_direct=1 rqm_compose=3 cdt_pred=1 cos_B=1.000 rollB=1.000 rollC=1.000 rollD=1.000 static_cosAB=0.203 causal_pre=0.186 audit_clean_for_AtoD_train=true
E17_never_observed_states,0cc1a65,921860,x86_64,rustc 1.99.0 (b940084d7 2026-09-28),3,2,1,0,TrainableFieldEncoder,true,true,true,false,true,nearest_fp,DYNAMIC_FIELD,0.996463,1.000000,1.000000,0.000000,47.489274,0.000000,0.998836,0.980102,0.018734,0,0,2,0,0.000000,0.000000,0.000000,0.000000,false,true,false,false,0.000000,0.000000,0.000000,ec7d2c0690f7ccd4,755a3af017607b42,gemma-shaped-lexicon-probe,0.000000,0.000000,0.000000,0.000000,0.000000,PASS: Dphi two-step + ToR approach never-stored A->C (RQM compose flagged separately),gemma-shaped-lexicon (GGUF absent; honest),dist_C=0.0012 dist_B=0.0199 comp_dist=-0.0000 rqm_direct_edge=false rqm_compose_pred=2 audit_train=false audit_rqm_compose=true audit_bank=false valid_unseen=true
E11_trainable_field_encoder,0cc1a65,921861,x86_64,rustc 1.99.0 (b940084d7 2026-09-28),13,900,6,0,TrainableFieldEncoder,true,true,false,false,false,nearest_fp,STATIC_FIELD,1.000000,1.000000,0.750000,57.304152,57.304152,0.000000,1.000000,0.230769,0.866135,0,900,0,900,17.183500,15.593000,21.713000,21.713000,false,false,false,false,0.000000,0.000000,0.000000,c4b96d0f5372baa2,55d9245b3ad5a79b,gemma-shaped-lexicon-probe,0.931263,0.065128,1.000000,0.926474,0.990391,PASS: trained encoder geometry > random projector,gemma-shaped-lexicon (GGUF absent; honest),raw_margin=0.000 rand_margin=0.019 pre_margin=-0.001 post_margin=0.866 raw_knn=0.308 rand_knn=0.231 knn=1.000 para=1.000 sil=0.926 stab=0.990 causal_delta=1.038 loss_end=4.1095 elapsed_ms=23 raw_intra=1.000 raw_inter=1.000
E12_crosslingual_concept,0cc1a65,921861,x86_64,rustc 1.99.0 (b940084d7 2026-09-28),4,6,3,5,gemma_hidden_blockmean/TrainableFieldEncoder+contrastive,true,true,false,false,false,nearest_fp,STATIC_FIELD,0.000000,0.000000,0.000000,0.000000,0.000000,0.000000,0.000000,0.000000,0.000000,0,0,0,0,0.000000,0.000000,0.000000,0.000000,false,false,false,false,0.000000,0.000000,0.000000,,,absent,0.000000,0.000000,0.000000,0.000000,0.000000,SKIPPED_NO_GGUF,none (SKIPPED_NO_GGUF),GEMMA2_GGUF unset y no hay .gguf bajo models/; harness exige FrozenGemma2Probe real. NO se afirma cross-lingual con léxico. Tests compilados; ejecución omitida honestamente.
E13_relational_field,0cc1a65,921861,x86_64,rustc 1.99.0 (b940084d7 2026-09-28),8,5,3,1,lexicon_hidden/TrainableFieldEncoder+hier_proto+Dphi+R,true,true,true,false,true,nearest_fp,DYNAMIC_FIELD,0.800000,1.000000,0.666667,0.000000,53.085864,0.000000,0.800000,0.000000,-0.454154,0,16,0,0,0.000000,0.000000,0.000000,0.000000,false,false,false,false,0.000000,0.000000,0.000000,192d72e486483e62,7ddf9b1c5aba779a,gemma-shaped-lexicon-probe,0.000000,0.000000,1.000000,0.000000,0.000000,PASS: unseen>=0.66 y dynamic>=static>=table (RQM solo control),gemma-shaped-lexicon (GGUF absent; honest),A_table seen=1.00 un=0.00; B_RQM seen=0.60 un=0.00; C_static seen=0.40 un=0.67; D_dynamic seen=0.80 un=1.00; comp_like=1.00; periphery=lexicon-hidden; anti_leak_aguila_servivo=1; holdout=[lobo->animal:1;lobo->mamífero:1;águila->ser-vivo:1]; alpha=0.78; animal_ball=1; tax_ancestors=1
E14_incremental_forgetting,0cc1a65,921861,x86_64,rustc 1.99.0 (b940084d7 2026-09-28),4,4,0,0,TrainableFieldEncoder,true,true,false,false,false,nearest_fp,STATIC_FIELD,1.000000,1.000000,0.000000,0.000000,0.000000,0.000000,0.000000,0.000000,1.000000,0,0,0,0,0.000000,0.000000,0.000000,0.000000,false,false,false,false,-0.003332,-0.002332,-0.000058,2f08e00da5d85cbc,051730c88ae44ca7,gemma-shaped-lexicon-probe,0.000000,0.000000,0.000000,0.000000,0.000000,PASS: incremental recall retained; adversarial retain>=0.5,gemma-shaped-lexicon (GGUF absent; honest),dR_A=-0.003 dR_B=-0.002 dR_C=-0.000 final_acc=1.000 adv_retain_ABC=1.000 curve_A=Some([0.9993761919807417; 0.9989519890055237; 0.9990548057698527; 0.996044339744865]) curve_B=Some([1.0; 0.9995918243062571; 0.9976681087197727]) local_bias=1
E15_semantic_without_labels,0cc1a65,921861,x86_64,rustc 1.99.0 (b940084d7 2026-09-28),6,6,2,0,factored_compose+manifold_Dphi/TrainableFieldEncoder,true,true,true,false,false,nearest_fp,DYNAMIC_FIELD,1.000000,1.000000,1.000000,1.971458,3.729391,1.757933,1.000000,0.000000,0.372798,0,0,0,0,0.000000,0.000000,0.000000,0.000000,false,false,false,false,0.000000,0.000000,0.000000,7b670d2d29bff28e,d1898f8341d1e462,gemma-shaped-lexicon-probe,0.000000,0.000000,1.000000,0.000000,0.084683,PASS: unseen incompatible combos less stable / farther from manifold,gemma-shaped-lexicon (GGUF absent; honest),E_ok=1.9715 E_bad=3.7294 d_man_ok=0.1227 d_man_bad=0.4955 stab_ok=0.8459 stab_bad=0.7612 structure=3/3 rank_acc=1.000 margin_E=1.7579 arch=factor_compose+Dphi_manifold
E16_field_dynamics,0cc1a65,921861,x86_64,rustc 1.99.0 (b940084d7 2026-09-28),4,3,1,0,TrainableFieldEncoder,true,true,true,true,true,nearest_fp,DYNAMIC_FIELD,0.411217,1.000000,1.000000,67.060882,72.553077,0.000000,0.411217,0.995380,-0.579756,0,400,3,0,0.000000,0.000000,0.000000,0.000000,false,true,true,false,0.000000,0.000000,0.000000,2bfaa6da52d6d4ad,908b476a2d5db802,gemma-shaped-lexicon-probe,0.000000,0.000000,0.000000,0.000000,0.000000,WEAK: mild dynamics; may not beat static/NN,gemma-shaped-lexicon (GGUF absent; honest),table_ok=true nn_next=B rqm_direct=1 rqm_compose=3 cdt_pred=1 cos_B=0.411 rollB=0.411 rollC=0.599 rollD=0.995 static_cosAB=0.995 causal_pre=0.991 audit_clean_for_AtoD_train=true
E17_never_observed_states,0cc1a65,921861,x86_64,rustc 1.99.0 (b940084d7 2026-09-28),3,2,1,0,TrainableFieldEncoder,true,true,true,false,true,nearest_fp,DYNAMIC_FIELD,0.996439,1.000000,1.000000,0.000000,46.937107,0.000000,0.999002,0.987368,0.011634,0,0,2,0,0.000000,0.000000,0.000000,0.000000,false,true,false,false,0.000000,0.000000,0.000000,e766ae83bc77e9db,79a8f753423dd197,gemma-shaped-lexicon-probe,0.000000,0.000000,0.000000,0.000000,0.000000,PASS: Dphi two-step + ToR approach never-stored A->C (RQM compose flagged separately),gemma-shaped-lexicon (GGUF absent; honest),dist_C=0.0010 dist_B=0.0126 comp_dist=0.0000 rqm_direct_edge=false rqm_compose_pred=2 audit_train=false audit_rqm_compose=true audit_bank=false valid_unseen=true
E11_trainable_field_encoder,0cc1a65,921862,x86_64,rustc 1.99.0 (b940084d7 2026-09-28),13,900,6,0,TrainableFieldEncoder,true,true,false,false,false,nearest_fp,STATIC_FIELD,1.000000,0.833333,0.750000,55.872238,55.872238,0.000000,1.000000,0.461538,0.936011,0,900,0,900,16.438500,15.723000,21.693000,21.693000,false,false,false,false,0.000000,0.000000,0.000000,81ecd1f808ba51be,d844693d3d71e0a6,gemma-shaped-lexicon-probe,0.941952,0.005941,1.000000,0.941605,0.990552,PASS: trained encoder geometry > random projector,gemma-shaped-lexicon (GGUF absent; honest),raw_margin=-0.000 rand_margin=0.018 pre_margin=0.015 post_margin=0.936 raw_knn=0.308 rand_knn=0.462 knn=1.000 para=0.833 sil=0.942 stab=0.991 causal_delta=0.807 loss_end=0.8200 elapsed_ms=23 raw_intra=1.000 raw_inter=1.000
E12_crosslingual_concept,0cc1a65,921862,x86_64,rustc 1.99.0 (b940084d7 2026-09-28),4,6,3,5,gemma_hidden_blockmean/TrainableFieldEncoder+contrastive,true,true,false,false,false,nearest_fp,STATIC_FIELD,0.000000,0.000000,0.000000,0.000000,0.000000,0.000000,0.000000,0.000000,0.000000,0,0,0,0,0.000000,0.000000,0.000000,0.000000,false,false,false,false,0.000000,0.000000,0.000000,,,absent,0.000000,0.000000,0.000000,0.000000,0.000000,SKIPPED_NO_GGUF,none (SKIPPED_NO_GGUF),GEMMA2_GGUF unset y no hay .gguf bajo models/; harness exige FrozenGemma2Probe real. NO se afirma cross-lingual con léxico. Tests compilados; ejecución omitida honestamente.
E13_relational_field,0cc1a65,921862,x86_64,rustc 1.99.0 (b940084d7 2026-09-28),8,5,3,1,lexicon_hidden/TrainableFieldEncoder+hier_proto+Dphi+R,true,true,true,false,true,nearest_fp,DYNAMIC_FIELD,0.800000,1.000000,0.666667,0.000000,52.714298,0.000000,0.800000,0.000000,-0.477656,0,16,0,0,0.000000,0.000000,0.000000,0.000000,false,false,false,false,0.000000,0.000000,0.000000,a018557453274898,c1ddb5df9e59fa72,gemma-shaped-lexicon-probe,0.000000,0.000000,1.000000,0.000000,0.000000,PASS: unseen>=0.66 y dynamic>=static>=table (RQM solo control),gemma-shaped-lexicon (GGUF absent; honest),A_table seen=1.00 un=0.00; B_RQM seen=0.60 un=0.00; C_static seen=0.40 un=0.67; D_dynamic seen=0.80 un=1.00; comp_like=1.00; periphery=lexicon-hidden; anti_leak_aguila_servivo=1; holdout=[lobo->animal:1;lobo->mamífero:1;águila->ser-vivo:1]; alpha=0.78; animal_ball=1; tax_ancestors=1
E14_incremental_forgetting,0cc1a65,921862,x86_64,rustc 1.99.0 (b940084d7 2026-09-28),4,4,0,0,TrainableFieldEncoder,true,true,false,false,false,nearest_fp,STATIC_FIELD,1.000000,1.000000,0.000000,0.000000,0.000000,0.000000,0.000000,0.000000,1.000000,0,0,0,0,0.000000,0.000000,0.000000,0.000000,false,false,false,false,0.013037,-0.000000,-0.002084,b27e472093a341d3,b6c2f83b9251a919,gemma-shaped-lexicon-probe,0.000000,0.000000,0.000000,0.000000,0.000000,PASS: incremental recall retained; adversarial retain>=0.5,gemma-shaped-lexicon (GGUF absent; honest),dR_A=0.013 dR_B=-0.000 dR_C=-0.002 final_acc=1.000 adv_retain_ABC=1.000 curve_A=Some([0.9812682310211687; 0.9992990463121467; 0.9991375716770057; 0.9943050251759076]) curve_B=Some([1.0; 0.9997777661299403; 0.9999995908169221]) local_bias=1
E15_semantic_without_labels,0cc1a65,921862,x86_64,rustc 1.99.0 (b940084d7 2026-09-28),6,6,2,0,factored_compose+manifold_Dphi/TrainableFieldEncoder,true,true,true,false,false,nearest_fp,DYNAMIC_FIELD,1.000000,0.900000,1.000000,1.867167,2.969051,1.101884,0.900000,0.000000,0.212966,0,0,0,0,0.000000,0.000000,0.000000,0.000000,false,false,false,false,0.000000,0.000000,0.000000,92ee0547513a6164,21c4e089d4285382,gemma-shaped-lexicon-probe,0.000000,0.000000,1.000000,0.000000,0.071234,PASS: unseen incompatible combos less stable / farther from manifold,gemma-shaped-lexicon (GGUF absent; honest),E_ok=1.8672 E_bad=2.9691 d_man_ok=0.0996 d_man_bad=0.3126 stab_ok=0.8919 stab_bad=0.8207 structure=3/3 rank_acc=0.900 margin_E=1.1019 arch=factor_compose+Dphi_manifold
E16_field_dynamics,0cc1a65,921862,x86_64,rustc 1.99.0 (b940084d7 2026-09-28),4,3,1,0,TrainableFieldEncoder,true,true,true,true,true,nearest_fp,DYNAMIC_FIELD,1.000000,1.000000,1.000000,69.160865,75.311821,0.000000,1.000000,1.000000,0.616220,0,400,3,0,0.000000,0.000000,0.000000,0.000000,false,true,true,false,0.000000,0.000000,0.000000,0269b14f04cbd149,1385046318c57c18,gemma-shaped-lexicon-probe,0.000000,0.000000,0.000000,0.000000,0.000000,PASS: Dphi predicts transitions; rollout partial; RQM control separate,gemma-shaped-lexicon (GGUF absent; honest),table_ok=true nn_next=B rqm_direct=1 rqm_compose=3 cdt_pred=1 cos_B=1.000 rollB=1.000 rollC=1.000 rollD=1.000 static_cosAB=0.354 causal_pre=0.384 audit_clean_for_AtoD_train=true
E17_never_observed_states,0cc1a65,921862,x86_64,rustc 1.99.0 (b940084d7 2026-09-28),3,2,1,0,TrainableFieldEncoder,true,true,true,false,true,nearest_fp,DYNAMIC_FIELD,0.995226,1.000000,1.000000,0.000000,45.786335,0.000000,0.998322,0.988767,0.009555,0,0,2,0,0.000000,0.000000,0.000000,0.000000,false,true,false,false,0.000000,0.000000,0.000000,3cbdc3b205051fc5,027c8fe4df75ed41,gemma-shaped-lexicon-probe,0.000000,0.000000,0.000000,0.000000,0.000000,PASS: Dphi two-step + ToR approach never-stored A->C (RQM compose flagged separately),gemma-shaped-lexicon (GGUF absent; honest),dist_C=0.0017 dist_B=0.0112 comp_dist=0.0000 rqm_direct_edge=false rqm_compose_pred=2 audit_train=false audit_rqm_compose=true audit_bank=false valid_unseen=true
E11_trainable_field_encoder,0cc1a65,921863,x86_64,rustc 1.99.0 (b940084d7 2026-09-28),13,900,6,0,TrainableFieldEncoder,true,true,false,false,false,nearest_fp,STATIC_FIELD,0.692308,0.833333,0.750000,54.483159,54.483159,0.000000,0.692308,0.384615,0.857228,0,900,0,900,13.674667,13.337000,17.336000,17.336000,false,false,false,false,0.000000,0.000000,0.000000,150fa9222c8f6879,27ba0e2f3071f70a,gemma-shaped-lexicon-probe,0.892176,0.034949,0.692308,0.888271,0.990830,PARTIAL: geometry improved but not all criteria,gemma-shaped-lexicon (GGUF absent; honest),raw_margin=0.000 rand_margin=-0.005 pre_margin=-0.002 post_margin=0.857 raw_knn=0.308 rand_knn=0.385 knn=0.692 para=0.833 sil=0.888 stab=0.991 causal_delta=0.951 loss_end=2.2497 elapsed_ms=23 raw_intra=1.000 raw_inter=1.000
E12_crosslingual_concept,0cc1a65,921863,x86_64,rustc 1.99.0 (b940084d7 2026-09-28),4,6,3,5,gemma_hidden_blockmean/TrainableFieldEncoder+contrastive,true,true,false,false,false,nearest_fp,STATIC_FIELD,0.000000,0.000000,0.000000,0.000000,0.000000,0.000000,0.000000,0.000000,0.000000,0,0,0,0,0.000000,0.000000,0.000000,0.000000,false,false,false,false,0.000000,0.000000,0.000000,,,absent,0.000000,0.000000,0.000000,0.000000,0.000000,SKIPPED_NO_GGUF,none (SKIPPED_NO_GGUF),GEMMA2_GGUF unset y no hay .gguf bajo models/; harness exige FrozenGemma2Probe real. NO se afirma cross-lingual con léxico. Tests compilados; ejecución omitida honestamente.
E13_relational_field,0cc1a65,921863,x86_64,rustc 1.99.0 (b940084d7 2026-09-28),8,5,3,1,lexicon_hidden/TrainableFieldEncoder+hier_proto+Dphi+R,true,true,true,false,true,nearest_fp,DYNAMIC_FIELD,0.800000,1.000000,0.666667,0.000000,52.100745,0.000000,0.800000,0.000000,-0.483982,0,16,0,0,0.000000,0.000000,0.000000,0.000000,false,false,false,false,0.000000,0.000000,0.000000,8c5a75c072e71eea,7d0c3f590b9522c4,gemma-shaped-lexicon-probe,0.000000,0.000000,1.000000,0.000000,0.000000,PASS: unseen>=0.66 y dynamic>=static>=table (RQM solo control),gemma-shaped-lexicon (GGUF absent; honest),A_table seen=1.00 un=0.00; B_RQM seen=0.60 un=0.00; C_static seen=0.40 un=0.67; D_dynamic seen=0.80 un=1.00; comp_like=1.00; periphery=lexicon-hidden; anti_leak_aguila_servivo=1; holdout=[lobo->animal:1;lobo->mamífero:1;águila->ser-vivo:1]; alpha=0.78; animal_ball=1; tax_ancestors=1
E14_incremental_forgetting,0cc1a65,921863,x86_64,rustc 1.99.0 (b940084d7 2026-09-28),4,4,0,0,TrainableFieldEncoder,true,true,false,false,false,nearest_fp,STATIC_FIELD,1.000000,1.000000,0.000000,0.000000,0.000000,0.000000,0.000000,0.000000,1.000000,0,0,0,0,0.000000,0.000000,0.000000,0.000000,false,false,false,false,0.032925,-0.000000,-0.002022,80ae92ce0b6eaaeb,462140bc88776a13,gemma-shaped-lexicon-probe,0.000000,0.000000,0.000000,0.000000,0.000000,PASS: incremental recall retained; adversarial retain>=0.5,gemma-shaped-lexicon (GGUF absent; honest),dR_A=0.033 dR_B=-0.000 dR_C=-0.002 final_acc=1.000 adv_retain_ABC=1.000 curve_A=Some([0.9616787530018774; 0.9993672421762679; 0.9987830312412241; 0.9946039153928422]) curve_B=Some([0.9999999999999988; 0.9994413270818527; 0.9999995376273079]) local_bias=1
E15_semantic_without_labels,0cc1a65,921863,x86_64,rustc 1.99.0 (b940084d7 2026-09-28),6,6,2,0,factored_compose+manifold_Dphi/TrainableFieldEncoder,true,true,true,false,false,nearest_fp,DYNAMIC_FIELD,1.000000,0.600000,0.666667,3.201083,3.686145,0.485062,0.600000,0.000000,0.114032,0,0,0,0,0.000000,0.000000,0.000000,0.000000,false,false,false,false,0.000000,0.000000,0.000000,1b4d20386888cb9a,05d99ff2df3e1590,gemma-shaped-lexicon-probe,0.000000,0.000000,0.666667,0.000000,-0.098196,PARTIAL: structural separation improving; margin/ranking aún cortos,gemma-shaped-lexicon (GGUF absent; honest),E_ok=3.2011 E_bad=3.6861 d_man_ok=0.3085 d_man_bad=0.4225 stab_ok=0.6308 stab_bad=0.7290 structure=2/3 rank_acc=0.600 margin_E=0.4851 arch=factor_compose+Dphi_manifold
E16_field_dynamics,0cc1a65,921863,x86_64,rustc 1.99.0 (b940084d7 2026-09-28),4,3,1,0,TrainableFieldEncoder,true,true,true,true,true,nearest_fp,DYNAMIC_FIELD,1.000000,1.000000,1.000000,68.272081,74.017985,0.000000,1.000000,1.000000,0.836755,0,400,3,0,0.000000,0.000000,0.000000,0.000000,false,true,true,false,0.000000,0.000000,0.000000,469333ca50bd7561,58e0f319c9a1f778,gemma-shaped-lexicon-probe,0.000000,0.000000,0.000000,0.000000,0.000000,PASS: Dphi predicts transitions; rollout partial; RQM control separate,gemma-shaped-lexicon (GGUF absent; honest),table_ok=true nn_next=B rqm_direct=1 rqm_compose=3 cdt_pred=1 cos_B=1.000 rollB=1.000 rollC=1.000 rollD=1.000 static_cosAB=0.150 causal_pre=0.163 audit_clean_for_AtoD_train=true
E17_never_observed_states,0cc1a65,921863,x86_64,rustc 1.99.0 (b940084d7 2026-09-28),3,2,1,0,TrainableFieldEncoder,true,true,true,false,true,nearest_fp,DYNAMIC_FIELD,0.996420,1.000000,1.000000,0.000000,46.736026,0.000000,0.997960,0.990807,0.007153,0,0,2,0,0.000000,0.000000,0.000000,0.000000,false,true,false,false,0.000000,0.000000,0.000000,6d10c4d4d08db676,fb157eba7b645654,gemma-shaped-lexicon-probe,0.000000,0.000000,0.000000,0.000000,0.000000,PASS: Dphi two-step + ToR approach never-stored A->C (RQM compose flagged separately),gemma-shaped-lexicon (GGUF absent; honest),dist_C=0.0020 dist_B=0.0092 comp_dist=-0.0000 rqm_direct_edge=false rqm_compose_pred=2 audit_train=false audit_rqm_compose=true audit_bank=false valid_unseen=true
