seed,step,norm_ratio,norm_delta,cosine_target,energy_ratio,manifold_distance,transition_error,jacobian_sigma_max,perturbation_growth_eps[0.001;0.01;0.05;0.10;0.20]@h1/8/32/64
0xB400,1,0.9886,0.4806,0.9975,0.9773,0.0332,0.0726,1.0508,0.992;0.992;0.993;0.993;0.993
0xB400,2,0.9784,0.4710,0.9910,0.9572,0.0641,0.0716,1.0510,-;-;-;-;-
0xB400,3,0.9784,0.4653,0.9814,0.9574,0.0841,0.0715,1.0522,-;-;-;-;-
0xB400,4,0.9781,0.4610,0.9689,0.9567,0.1053,0.0740,1.0499,-;-;-;-;-
0xB400,5,0.9750,0.4560,0.9534,0.9507,0.1103,0.0738,1.0525,-;-;-;-;-
0xB400,6,0.9789,0.4508,0.9356,0.9582,0.1206,0.0729,1.0513,-;-;-;-;-
0xB400,7,0.9739,0.4545,0.9142,0.9484,0.1361,0.0749,1.0497,-;-;-;-;-
0xB400,8,0.9535,0.4548,0.8974,0.9092,0.1492,0.0768,1.0494,0.952;0.952;0.952;0.952;0.953
0xB400,9,0.9461,0.4489,0.8758,0.8951,0.1645,0.0759,1.0476,-;-;-;-;-
0xB400,10,0.9420,0.4402,0.8566,0.8874,0.1695,0.0794,1.0491,-;-;-;-;-
0xB400,11,0.9342,0.4297,0.8272,0.8728,0.1597,0.0818,1.0480,-;-;-;-;-
0xB400,12,0.9279,0.4224,0.8126,0.8611,0.1656,0.0821,1.0479,-;-;-;-;-
0xB400,13,0.9263,0.4157,0.8053,0.8580,0.1814,0.0824,1.0488,-;-;-;-;-
0xB400,14,0.9279,0.4119,0.8104,0.8610,0.1888,0.0800,1.0492,-;-;-;-;-
0xB400,15,0.9241,0.4097,0.7968,0.8540,0.1875,0.0787,1.0473,-;-;-;-;-
0xB400,16,0.9175,0.4073,0.7868,0.8419,0.1973,0.0769,1.0473,-;-;-;-;-
0xB400,17,0.9155,0.4045,0.7946,0.8381,0.2139,0.0767,1.0467,-;-;-;-;-
0xB400,18,0.9139,0.4016,0.7691,0.8353,0.2186,0.0773,1.0465,-;-;-;-;-
0xB400,19,0.9118,0.4010,0.7417,0.8314,0.2276,0.0693,1.0477,-;-;-;-;-
0xB400,20,0.9101,0.4029,0.7385,0.8283,0.2344,0.0678,1.0475,-;-;-;-;-
0xB400,21,0.9035,0.4058,0.7314,0.8162,0.2315,0.0761,1.0477,-;-;-;-;-
0xB400,22,0.8867,0.4086,0.7214,0.7862,0.2339,0.0773,1.0487,-;-;-;-;-
0xB400,23,0.8821,0.3975,0.7091,0.7782,0.2342,0.0833,1.0476,-;-;-;-;-
0xB400,24,0.8766,0.3840,0.6996,0.7684,0.2234,0.0821,1.0459,-;-;-;-;-
0xB400,25,0.8694,0.3833,0.6950,0.7559,0.2179,0.0782,1.0467,-;-;-;-;-
0xB400,26,0.8627,0.3844,0.6926,0.7442,0.2170,0.0752,1.0463,-;-;-;-;-
0xB400,27,0.8621,0.3860,0.6949,0.7432,0.2188,0.0731,1.0468,-;-;-;-;-
0xB400,28,0.8593,0.3826,0.6855,0.7383,0.2115,0.0740,1.0489,-;-;-;-;-
0xB400,29,0.8506,0.3764,0.6318,0.7236,0.2170,0.0729,1.0484,-;-;-;-;-
0xB400,30,0.8414,0.3678,0.5511,0.7081,0.2369,0.0743,1.0503,-;-;-;-;-
0xB400,31,0.8388,0.3647,0.5106,0.7037,0.2525,0.0761,1.0485,-;-;-;-;-
0xB400,32,0.8318,0.3619,0.4791,0.6918,0.2619,0.0746,1.0489,0.866;0.866;0.865;0.864;0.861
0xB400,33,0.8199,0.3579,0.4462,0.6724,0.2586,0.0739,1.0490,-;-;-;-;-
0xB400,34,0.8045,0.3535,0.4115,0.6475,0.2555,0.0761,1.0493,-;-;-;-;-
0xB400,35,0.8013,0.3501,0.4622,0.6421,0.2634,0.0742,1.0479,-;-;-;-;-
0xB400,36,0.8033,0.3495,0.5360,0.6453,0.2768,0.0776,1.0463,-;-;-;-;-
0xB400,37,0.8041,0.3500,0.4891,0.6466,0.2714,0.0751,1.0472,-;-;-;-;-
0xB400,38,0.8101,0.3493,0.4479,0.6564,0.2723,0.0718,1.0436,-;-;-;-;-
0xB400,39,0.8181,0.3446,0.4125,0.6694,0.2678,0.0711,1.0437,-;-;-;-;-
0xB400,40,0.8261,0.3387,0.3830,0.6824,0.2708,0.0734,1.0473,-;-;-;-;-
0xB400,41,0.8319,0.3334,0.2737,0.6921,0.2751,0.0748,1.0441,-;-;-;-;-
0xB400,42,0.8340,0.3311,0.1329,0.6957,0.2839,0.0785,1.0436,-;-;-;-;-
0xB400,43,0.8349,0.3288,0.0955,0.6974,0.2941,0.0788,1.0444,-;-;-;-;-
0xB400,44,0.8339,0.3269,0.0898,0.6957,0.3028,0.0764,1.0442,-;-;-;-;-
0xB400,45,0.8285,0.3271,0.0980,0.6866,0.3044,0.0653,1.0456,-;-;-;-;-
0xB400,46,0.8183,0.3247,0.1662,0.6698,0.3133,0.0598,1.0449,-;-;-;-;-
0xB400,47,0.8038,0.3234,0.3996,0.6463,0.3240,0.0646,1.0438,-;-;-;-;-
0xB400,48,0.7894,0.3218,0.4519,0.6232,0.3335,0.0679,1.0435,-;-;-;-;-
0xB400,49,0.7745,0.3219,0.4920,0.5999,0.3318,0.0714,1.0433,-;-;-;-;-
0xB400,50,0.7615,0.3232,0.4758,0.5800,0.3144,0.0760,1.0439,-;-;-;-;-
0xB400,51,0.7561,0.3240,0.4167,0.5718,0.3205,0.0763,1.0439,-;-;-;-;-
0xB400,52,0.7510,0.3253,0.2660,0.5643,0.3148,0.0759,1.0444,-;-;-;-;-
0xB400,53,0.7440,0.3256,0.2574,0.5539,0.3116,0.0751,1.0443,-;-;-;-;-
0xB400,54,0.7395,0.3246,0.2936,0.5470,0.3081,0.0737,1.0460,-;-;-;-;-
0xB400,55,0.7358,0.3226,0.2705,0.5415,0.3020,0.0700,1.0458,-;-;-;-;-
0xB400,56,0.7329,0.3159,0.2331,0.5373,0.3109,0.0694,1.0442,-;-;-;-;-
0xB400,57,0.7381,0.3111,0.2109,0.5450,0.3306,0.0696,1.0451,-;-;-;-;-
0xB400,58,0.7397,0.3097,0.2930,0.5473,0.3477,0.0708,1.0466,-;-;-;-;-
0xB400,59,0.7375,0.3100,0.3309,0.5442,0.3634,0.0685,1.0460,-;-;-;-;-
0xB400,60,0.7309,0.3098,0.3787,0.5344,0.3737,0.0707,1.0445,-;-;-;-;-
0xB400,61,0.7307,0.3066,0.4002,0.5340,0.3669,0.0721,1.0449,-;-;-;-;-
0xB400,62,0.7304,0.3041,0.3350,0.5336,0.3559,0.0746,1.0442,-;-;-;-;-
0xB400,63,0.7321,0.3015,0.3540,0.5359,0.3443,0.0749,1.0425,-;-;-;-;-
0xB400,64,0.7411,0.3011,0.3338,0.5492,0.3379,0.0734,1.0437,0.779;0.780;0.781;0.782;0.782
0xB401,1,0.9917,0.6246,0.9987,0.9835,0.0306,0.0564,1.0854,0.989;0.989;0.990;0.989;0.989
0xB401,2,0.9889,0.6122,0.9951,0.9780,0.0649,0.0605,1.0852,-;-;-;-;-
0xB401,3,0.9848,0.6007,0.9890,0.9699,0.0924,0.0611,1.0850,-;-;-;-;-
0xB401,4,0.9761,0.5926,0.9812,0.9527,0.1140,0.0625,1.0868,-;-;-;-;-
0xB401,5,0.9749,0.5846,0.9716,0.9505,0.1294,0.0633,1.0902,-;-;-;-;-
0xB401,6,0.9784,0.5807,0.9668,0.9573,0.1451,0.0628,1.0838,-;-;-;-;-
0xB401,7,0.9791,0.5780,0.9580,0.9586,0.1660,0.0616,1.0863,-;-;-;-;-
0xB401,8,0.9770,0.5696,0.9496,0.9546,0.1809,0.0615,1.0859,0.971;0.972;0.973;0.974;0.973
0xB401,9,0.9868,0.5634,0.9394,0.9738,0.1946,0.0612,1.0866,-;-;-;-;-
0xB401,10,1.0006,0.5535,0.9305,1.0012,0.2199,0.0603,1.0922,-;-;-;-;-
0xB401,11,0.9766,0.5420,0.9273,0.9538,0.2299,0.0608,1.0920,-;-;-;-;-
0xB401,12,0.9706,0.5537,0.9219,0.9422,0.2376,0.0634,1.0871,-;-;-;-;-
0xB401,13,0.9680,0.5617,0.9139,0.9371,0.2481,0.0648,1.0821,-;-;-;-;-
0xB401,14,0.9823,0.5601,0.9055,0.9649,0.2542,0.0652,1.0817,-;-;-;-;-
0xB401,15,0.9703,0.5581,0.8946,0.9415,0.2635,0.0641,1.0763,-;-;-;-;-
0xB401,16,0.9623,0.5591,0.8819,0.9259,0.2693,0.0630,1.0747,-;-;-;-;-
0xB401,17,0.9623,0.5544,0.8612,0.9268,0.2895,0.0627,1.0770,-;-;-;-;-
0xB401,18,0.9587,0.5446,0.8453,0.9205,0.2916,0.0617,1.0751,-;-;-;-;-
0xB401,19,0.9536,0.5372,0.8428,0.9109,0.3024,0.0613,1.0806,-;-;-;-;-
0xB401,20,0.9479,0.5412,0.8416,0.8999,0.2969,0.0603,1.0877,-;-;-;-;-
0xB401,21,0.9457,0.5455,0.8318,0.8952,0.2999,0.0592,1.0765,-;-;-;-;-
0xB401,22,0.9450,0.5335,0.8158,0.8933,0.3007,0.0583,1.0699,-;-;-;-;-
0xB401,23,0.9454,0.5249,0.8018,0.8937,0.3093,0.0543,1.0780,-;-;-;-;-
0xB401,24,0.9426,0.5066,0.8045,0.8887,0.3226,0.0561,1.0867,-;-;-;-;-
0xB401,25,0.9335,0.4926,0.8060,0.8714,0.3324,0.0600,1.0924,-;-;-;-;-
0xB401,26,0.9309,0.4927,0.7878,0.8666,0.3369,0.0624,1.0945,-;-;-;-;-
0xB401,27,0.9185,0.4909,0.7570,0.8438,0.3489,0.0620,1.0931,-;-;-;-;-
0xB401,28,0.9064,0.4832,0.7346,0.8219,0.3482,0.0659,1.0911,-;-;-;-;-
0xB401,29,0.9078,0.4775,0.7053,0.8242,0.3464,0.0634,1.0926,-;-;-;-;-
0xB401,30,0.9102,0.4735,0.6777,0.8285,0.3524,0.0610,1.0906,-;-;-;-;-
0xB401,31,0.9161,0.4732,0.6356,0.8393,0.3589,0.0635,1.0840,-;-;-;-;-
0xB401,32,0.9197,0.4852,0.6033,0.8461,0.3632,0.0636,1.0780,1.033;1.032;1.029;1.024;1.012
0xB401,33,0.9208,0.4877,0.6049,0.8481,0.3691,0.0617,1.0890,-;-;-;-;-
0xB401,34,0.9161,0.4845,0.6001,0.8392,0.3665,0.0633,1.0865,-;-;-;-;-
0xB401,35,0.9046,0.4751,0.5887,0.8184,0.3649,0.0637,1.0748,-;-;-;-;-
0xB401,36,0.8853,0.4640,0.5717,0.7837,0.3652,0.0635,1.0751,-;-;-;-;-
0xB401,37,0.8771,0.4582,0.5282,0.7694,0.3673,0.0606,1.0779,-;-;-;-;-
0xB401,38,0.8766,0.4599,0.4978,0.7685,0.3709,0.0613,1.0734,-;-;-;-;-
0xB401,39,0.8715,0.4536,0.4739,0.7595,0.3808,0.0618,1.0710,-;-;-;-;-
0xB401,40,0.8585,0.4508,0.4443,0.7370,0.3889,0.0631,1.0697,-;-;-;-;-
0xB401,41,0.8517,0.4475,0.3762,0.7254,0.3951,0.0636,1.0678,-;-;-;-;-
0xB401,42,0.8617,0.4455,0.3577,0.7426,0.4020,0.0620,1.0708,-;-;-;-;-
0xB401,43,0.8719,0.4506,0.3299,0.7605,0.4099,0.0622,1.0767,-;-;-;-;-
0xB401,44,0.8793,0.4427,0.3194,0.7734,0.4085,0.0646,1.0824,-;-;-;-;-
0xB401,45,0.8885,0.4349,0.2935,0.7895,0.4005,0.0627,1.0770,-;-;-;-;-
0xB401,46,0.8917,0.4274,0.2973,0.7951,0.3967,0.0633,1.0760,-;-;-;-;-
0xB401,47,0.8824,0.4196,0.2784,0.7787,0.4004,0.0622,1.0803,-;-;-;-;-
0xB401,48,0.8745,0.4150,0.2571,0.7649,0.4033,0.0637,1.0801,-;-;-;-;-
0xB401,49,0.8682,0.4226,0.2490,0.7538,0.4052,0.0642,1.0767,-;-;-;-;-
0xB401,50,0.8700,0.4371,0.2358,0.7570,0.4063,0.0616,1.0846,-;-;-;-;-
0xB401,51,0.8791,0.4534,0.2147,0.7728,0.4103,0.0613,1.0772,-;-;-;-;-
0xB401,52,0.8835,0.4652,0.1827,0.7806,0.4174,0.0604,1.0766,-;-;-;-;-
0xB401,53,0.8864,0.4690,0.1318,0.7857,0.4186,0.0600,1.0784,-;-;-;-;-
0xB401,54,0.8766,0.4654,0.1048,0.7687,0.4210,0.0610,1.0738,-;-;-;-;-
0xB401,55,0.8778,0.4589,0.0855,0.7706,0.4295,0.0604,1.0722,-;-;-;-;-
0xB401,56,0.8885,0.4558,0.0687,0.7895,0.4431,0.0628,1.0730,-;-;-;-;-
0xB401,57,0.8781,0.4585,0.0371,0.7714,0.4549,0.0632,1.0739,-;-;-;-;-
0xB401,58,0.8751,0.4645,-0.0007,0.7657,0.4548,0.0629,1.0732,-;-;-;-;-
0xB401,59,0.8756,0.4700,-0.0191,0.7666,0.4541,0.0614,1.0740,-;-;-;-;-
0xB401,60,0.8774,0.4720,-0.0269,0.7699,0.4551,0.0602,1.0720,-;-;-;-;-
0xB401,61,0.8886,0.4663,-0.0460,0.7899,0.4592,0.0577,1.0732,-;-;-;-;-
0xB401,62,0.9072,0.4607,-0.0714,0.8237,0.4658,0.0586,1.0767,-;-;-;-;-
0xB401,63,0.9252,0.4499,-0.1042,0.8574,0.4668,0.0599,1.0792,-;-;-;-;-
0xB401,64,0.9356,0.4374,-0.1456,0.8770,0.4705,0.0571,1.0881,1.059;1.057;1.062;1.054;1.063
0xB402,1,1.0054,0.5159,0.9986,1.0108,0.0319,0.0553,1.0879,0.999;0.999;0.998;0.998;0.999
0xB402,2,1.0108,0.5212,0.9949,1.0218,0.0633,0.0552,1.0863,-;-;-;-;-
0xB402,3,1.0261,0.5143,0.9902,1.0530,0.0865,0.0572,1.0864,-;-;-;-;-
0xB402,4,1.0313,0.5195,0.9829,1.0635,0.1082,0.0582,1.0826,-;-;-;-;-
0xB402,5,1.0432,0.5191,0.9739,1.0884,0.1177,0.0608,1.0898,-;-;-;-;-
0xB402,6,1.0494,0.5168,0.9636,1.1012,0.1327,0.0619,1.0840,-;-;-;-;-
0xB402,7,1.0543,0.5134,0.9559,1.1115,0.1342,0.0596,1.0770,-;-;-;-;-
0xB402,8,1.0539,0.4982,0.9446,1.1109,0.1343,0.0600,1.0760,1.023;1.023;1.021;1.017;1.017
0xB402,9,1.0599,0.4813,0.9349,1.1234,0.1396,0.0588,1.0761,-;-;-;-;-
0xB402,10,1.0508,0.4494,0.9282,1.1043,0.1530,0.0584,1.0763,-;-;-;-;-
0xB402,11,1.0606,0.4341,0.9212,1.1249,0.1538,0.0587,1.0766,-;-;-;-;-
0xB402,12,1.0680,0.4442,0.9093,1.1407,0.1664,0.0584,1.0790,-;-;-;-;-
0xB402,13,1.0620,0.4599,0.8973,1.1278,0.1683,0.0592,1.0727,-;-;-;-;-
0xB402,14,1.0525,0.4729,0.8849,1.1077,0.1800,0.0557,1.0821,-;-;-;-;-
0xB402,15,1.0628,0.4851,0.8677,1.1296,0.1809,0.0602,1.0776,-;-;-;-;-
0xB402,16,1.0610,0.4943,0.8542,1.1257,0.1781,0.0614,1.0815,-;-;-;-;-
0xB402,17,1.0689,0.5011,0.8325,1.1426,0.1756,0.0620,1.0821,-;-;-;-;-
0xB402,18,1.0856,0.5032,0.8167,1.1785,0.1812,0.0630,1.0863,-;-;-;-;-
0xB402,19,1.0863,0.5011,0.8023,1.1801,0.1909,0.0620,1.0809,-;-;-;-;-
0xB402,20,1.0963,0.5152,0.7899,1.2018,0.2037,0.0597,1.0786,-;-;-;-;-
0xB402,21,1.1100,0.5277,0.7868,1.2322,0.2109,0.0584,1.0820,-;-;-;-;-
0xB402,22,1.1170,0.5294,0.7823,1.2477,0.2183,0.0589,1.0823,-;-;-;-;-
0xB402,23,1.1121,0.5314,0.7697,1.2367,0.2272,0.0580,1.0781,-;-;-;-;-
0xB402,24,1.1130,0.5371,0.7573,1.2388,0.2301,0.0590,1.0793,-;-;-;-;-
0xB402,25,1.1199,0.5405,0.7500,1.2541,0.2337,0.0581,1.0806,-;-;-;-;-
0xB402,26,1.1242,0.5368,0.7329,1.2638,0.2383,0.0605,1.0700,-;-;-;-;-
0xB402,27,1.1274,0.5304,0.7168,1.2711,0.2473,0.0610,1.0778,-;-;-;-;-
0xB402,28,1.1283,0.5183,0.7050,1.2730,0.2565,0.0613,1.0830,-;-;-;-;-
0xB402,29,1.1338,0.5102,0.6947,1.2855,0.2629,0.0599,1.0764,-;-;-;-;-
0xB402,30,1.1390,0.4974,0.6856,1.2972,0.2681,0.0578,1.0799,-;-;-;-;-
0xB402,31,1.1431,0.4960,0.6726,1.3068,0.2744,0.0579,1.0789,-;-;-;-;-
0xB402,32,1.1397,0.5029,0.6607,1.2988,0.2771,0.0572,1.0852,1.204;1.203;1.199;1.193;1.162
0xB402,33,1.1414,0.5064,0.6420,1.3028,0.2776,0.0569,1.0773,-;-;-;-;-
0xB402,34,1.1497,0.5019,0.6224,1.3218,0.2918,0.0558,1.0777,-;-;-;-;-
0xB402,35,1.1612,0.4964,0.5988,1.3485,0.2929,0.0555,1.0724,-;-;-;-;-
0xB402,36,1.1646,0.5041,0.5701,1.3562,0.2854,0.0574,1.0719,-;-;-;-;-
0xB402,37,1.1600,0.5181,0.5403,1.3457,0.2799,0.0580,1.0750,-;-;-;-;-
0xB402,38,1.1582,0.5285,0.5243,1.3418,0.2768,0.0567,1.0722,-;-;-;-;-
0xB402,39,1.1571,0.5359,0.5121,1.3392,0.2707,0.0564,1.0754,-;-;-;-;-
0xB402,40,1.1559,0.5434,0.4973,1.3363,0.2662,0.0578,1.0848,-;-;-;-;-
0xB402,41,1.1550,0.5515,0.4778,1.3343,0.2627,0.0600,1.0817,-;-;-;-;-
0xB402,42,1.1528,0.5570,0.4555,1.3291,0.2638,0.0623,1.0751,-;-;-;-;-
0xB402,43,1.1555,0.5602,0.4421,1.3356,0.2674,0.0639,1.0807,-;-;-;-;-
0xB402,44,1.1617,0.5740,0.4197,1.3501,0.2722,0.0638,1.0801,-;-;-;-;-
0xB402,45,1.1624,0.5896,0.3896,1.3518,0.2772,0.0625,1.0814,-;-;-;-;-
0xB402,46,1.1645,0.6039,0.3671,1.3565,0.2829,0.0607,1.0799,-;-;-;-;-
0xB402,47,1.1739,0.6101,0.3469,1.3785,0.2917,0.0633,1.0864,-;-;-;-;-
0xB402,48,1.1816,0.6011,0.3302,1.3966,0.3057,0.0611,1.0789,-;-;-;-;-
0xB402,49,1.1852,0.6026,0.3184,1.4051,0.3160,0.0608,1.0776,-;-;-;-;-
0xB402,50,1.1841,0.5948,0.3033,1.4029,0.3194,0.0598,1.0735,-;-;-;-;-
0xB402,51,1.1889,0.5893,0.2801,1.4139,0.3262,0.0593,1.0785,-;-;-;-;-
0xB402,52,1.1895,0.5906,0.2557,1.4152,0.3310,0.0603,1.0773,-;-;-;-;-
0xB402,53,1.1948,0.5874,0.2326,1.4275,0.3326,0.0616,1.0802,-;-;-;-;-
0xB402,54,1.1999,0.5692,0.2117,1.4400,0.3500,0.0596,1.0841,-;-;-;-;-
0xB402,55,1.2003,0.5459,0.1958,1.4410,0.3647,0.0624,1.0816,-;-;-;-;-
0xB402,56,1.2081,0.5343,0.1804,1.4598,0.3756,0.0591,1.0810,-;-;-;-;-
0xB402,57,1.2218,0.5385,0.1659,1.4929,0.3879,0.0592,1.0800,-;-;-;-;-
0xB402,58,1.2356,0.5467,0.1518,1.5268,0.3818,0.0596,1.0805,-;-;-;-;-
0xB402,59,1.2494,0.5470,0.1563,1.5612,0.3842,0.0597,1.0762,-;-;-;-;-
0xB402,60,1.2664,0.5402,0.1536,1.6041,0.3867,0.0596,1.0732,-;-;-;-;-
0xB402,61,1.2708,0.5403,0.1445,1.6151,0.3883,0.0600,1.0764,-;-;-;-;-
0xB402,62,1.2692,0.5489,0.1334,1.6110,0.3886,0.0597,1.0788,-;-;-;-;-
0xB402,63,1.2686,0.5601,0.1090,1.6094,0.3876,0.0586,1.0844,-;-;-;-;-
0xB402,64,1.2658,0.5753,0.0825,1.6023,0.3850,0.0550,1.0834,1.282;1.279;1.267;1.253;1.249
0xB403,1,1.0005,0.5107,0.9990,1.0011,0.0355,0.0478,1.0914,0.987;0.987;0.987;0.986;0.986
0xB403,2,1.0040,0.4982,0.9963,1.0081,0.0701,0.0497,1.0872,-;-;-;-;-
0xB403,3,1.0096,0.4987,0.9927,1.0194,0.0988,0.0492,1.0991,-;-;-;-;-
0xB403,4,1.0057,0.5132,0.9887,1.0115,0.1145,0.0506,1.0992,-;-;-;-;-
0xB403,5,1.0051,0.5247,0.9853,1.0101,0.1197,0.0522,1.0944,-;-;-;-;-
0xB403,6,1.0021,0.5263,0.9829,1.0043,0.1343,0.0532,1.0931,-;-;-;-;-
0xB403,7,1.0061,0.5216,0.9805,1.0123,0.1363,0.0500,1.0937,-;-;-;-;-
0xB403,8,1.0148,0.5244,0.9764,1.0298,0.1432,0.0486,1.0889,0.981;0.982;0.985;0.981;0.991
0xB403,9,1.0240,0.5289,0.9733,1.0489,0.1592,0.0516,1.0915,-;-;-;-;-
0xB403,10,1.0371,0.5145,0.9699,1.0757,0.1693,0.0518,1.0799,-;-;-;-;-
0xB403,11,1.0496,0.5048,0.9673,1.1018,0.1846,0.0505,1.0880,-;-;-;-;-
0xB403,12,1.0590,0.5048,0.9652,1.1216,0.1922,0.0480,1.0926,-;-;-;-;-
0xB403,13,1.0630,0.5123,0.9598,1.1300,0.1931,0.0468,1.0896,-;-;-;-;-
0xB403,14,1.0671,0.5003,0.9569,1.1388,0.1989,0.0484,1.0817,-;-;-;-;-
0xB403,15,1.0726,0.4991,0.9542,1.1505,0.2056,0.0499,1.0813,-;-;-;-;-
0xB403,16,1.0779,0.5022,0.9496,1.1618,0.2304,0.0507,1.0753,-;-;-;-;-
0xB403,17,1.0805,0.5037,0.9427,1.1677,0.2440,0.0493,1.0755,-;-;-;-;-
0xB403,18,1.0790,0.5075,0.9371,1.1647,0.2525,0.0476,1.0791,-;-;-;-;-
0xB403,19,1.0669,0.5059,0.9341,1.1390,0.2605,0.0461,1.0786,-;-;-;-;-
0xB403,20,1.0550,0.5129,0.9299,1.1141,0.2638,0.0459,1.0678,-;-;-;-;-
0xB403,21,1.0462,0.5052,0.9238,1.0956,0.2527,0.0502,1.0707,-;-;-;-;-
0xB403,22,1.0408,0.4995,0.9261,1.0843,0.2415,0.0502,1.0722,-;-;-;-;-
0xB403,23,1.0362,0.4849,0.9225,1.0747,0.2394,0.0500,1.0799,-;-;-;-;-
0xB403,24,1.0300,0.4864,0.9188,1.0617,0.2338,0.0474,1.0813,-;-;-;-;-
0xB403,25,1.0230,0.4824,0.9152,1.0473,0.2499,0.0459,1.0862,-;-;-;-;-
0xB403,26,1.0178,0.4740,0.9108,1.0368,0.2728,0.0511,1.0801,-;-;-;-;-
0xB403,27,1.0165,0.4686,0.9066,1.0340,0.2849,0.0516,1.0780,-;-;-;-;-
0xB403,28,1.0189,0.4720,0.9002,1.0389,0.2987,0.0512,1.0812,-;-;-;-;-
0xB403,29,1.0177,0.4797,0.8995,1.0362,0.3106,0.0475,1.0825,-;-;-;-;-
0xB403,30,1.0180,0.4760,0.8992,1.0365,0.3158,0.0491,1.0794,-;-;-;-;-
0xB403,31,1.0207,0.4710,0.8936,1.0422,0.3275,0.0513,1.0873,-;-;-;-;-
0xB403,32,1.0310,0.4747,0.8873,1.0633,0.3411,0.0494,1.0857,1.111;1.110;1.101;1.093;1.072
0xB403,33,1.0479,0.4826,0.8825,1.0982,0.3515,0.0487,1.0848,-;-;-;-;-
0xB403,34,1.0672,0.4861,0.8793,1.1390,0.3461,0.0475,1.0766,-;-;-;-;-
0xB403,35,1.0863,0.4877,0.8748,1.1802,0.3310,0.0506,1.0804,-;-;-;-;-
0xB403,36,1.1013,0.4897,0.8672,1.2128,0.3156,0.0485,1.0870,-;-;-;-;-
0xB403,37,1.1072,0.4840,0.8611,1.2259,0.3149,0.0484,1.0900,-;-;-;-;-
0xB403,38,1.1133,0.4785,0.8629,1.2395,0.3245,0.0486,1.0843,-;-;-;-;-
0xB403,39,1.1201,0.4776,0.8608,1.2550,0.3186,0.0489,1.0738,-;-;-;-;-
0xB403,40,1.1274,0.4712,0.8607,1.2715,0.3098,0.0485,1.0733,-;-;-;-;-
0xB403,41,1.1346,0.4700,0.8608,1.2882,0.3124,0.0476,1.0713,-;-;-;-;-
0xB403,42,1.1417,0.4735,0.8540,1.3047,0.3062,0.0537,1.0836,-;-;-;-;-
0xB403,43,1.1486,0.4772,0.8505,1.3207,0.2933,0.0535,1.0896,-;-;-;-;-
0xB403,44,1.1540,0.4761,0.8464,1.3333,0.2955,0.0487,1.0893,-;-;-;-;-
0xB403,45,1.1572,0.4703,0.8375,1.3407,0.3087,0.0476,1.0895,-;-;-;-;-
0xB403,46,1.1612,0.4662,0.8218,1.3497,0.3308,0.0487,1.0864,-;-;-;-;-
0xB403,47,1.1663,0.4672,0.8129,1.3613,0.3381,0.0499,1.0779,-;-;-;-;-
0xB403,48,1.1715,0.4678,0.8089,1.3733,0.3454,0.0508,1.0767,-;-;-;-;-
0xB403,49,1.1757,0.4657,0.7915,1.3828,0.3396,0.0493,1.0740,-;-;-;-;-
0xB403,50,1.1784,0.4698,0.7796,1.3888,0.3479,0.0513,1.0818,-;-;-;-;-
0xB403,51,1.1799,0.4786,0.7729,1.3921,0.3448,0.0500,1.0800,-;-;-;-;-
0xB403,52,1.1782,0.4863,0.7647,1.3883,0.3432,0.0510,1.0749,-;-;-;-;-
0xB403,53,1.1715,0.4896,0.7481,1.3724,0.3403,0.0521,1.0724,-;-;-;-;-
0xB403,54,1.1636,0.4823,0.7343,1.3540,0.3315,0.0514,1.0622,-;-;-;-;-
0xB403,55,1.1490,0.4750,0.7272,1.3201,0.3193,0.0500,1.0698,-;-;-;-;-
0xB403,56,1.1350,0.4729,0.7275,1.2882,0.3206,0.0474,1.0758,-;-;-;-;-
0xB403,57,1.1228,0.4681,0.7312,1.2607,0.3254,0.0478,1.0749,-;-;-;-;-
0xB403,58,1.1142,0.4663,0.7344,1.2414,0.3430,0.0450,1.0759,-;-;-;-;-
0xB403,59,1.1115,0.4659,0.7367,1.2354,0.3510,0.0470,1.0731,-;-;-;-;-
0xB403,60,1.1153,0.4611,0.7379,1.2440,0.3594,0.0493,1.0755,-;-;-;-;-
0xB403,61,1.1137,0.4575,0.7249,1.2404,0.3595,0.0491,1.0756,-;-;-;-;-
0xB403,62,1.1170,0.4564,0.7208,1.2478,0.3656,0.0519,1.0767,-;-;-;-;-
0xB403,63,1.1243,0.4579,0.7171,1.2642,0.3622,0.0508,1.0670,-;-;-;-;-
0xB403,64,1.1334,0.4590,0.7062,1.2848,0.3627,0.0502,1.0575,1.010;1.011;1.015;1.020;1.030
0xB404,1,1.0276,0.4687,0.9984,1.0560,0.0355,0.0665,1.1088,1.013;1.013;1.013;1.013;1.011
0xB404,2,1.0531,0.4878,0.9940,1.1091,0.0667,0.0647,1.1079,-;-;-;-;-
0xB404,3,1.0805,0.5010,0.9871,1.1675,0.0993,0.0648,1.0992,-;-;-;-;-
0xB404,4,1.1178,0.5178,0.9803,1.2496,0.1281,0.0650,1.1065,-;-;-;-;-
0xB404,5,1.1450,0.5371,0.9723,1.3111,0.1489,0.0661,1.1064,-;-;-;-;-
0xB404,6,1.1558,0.5598,0.9651,1.3358,0.1609,0.0671,1.0936,-;-;-;-;-
0xB404,7,1.1780,0.5684,0.9533,1.3877,0.1801,0.0667,1.0918,-;-;-;-;-
0xB404,8,1.1884,0.5542,0.9450,1.4122,0.1972,0.0652,1.0965,1.214;1.214;1.210;1.205;1.191
0xB404,9,1.2309,0.5629,0.9363,1.5151,0.2170,0.0631,1.0989,-;-;-;-;-
0xB404,10,1.2726,0.5717,0.9257,1.6195,0.2159,0.0619,1.0995,-;-;-;-;-
0xB404,11,1.2861,0.5837,0.9184,1.6541,0.2234,0.0619,1.0972,-;-;-;-;-
0xB404,12,1.2998,0.5854,0.9091,1.6896,0.2271,0.0617,1.0981,-;-;-;-;-
0xB404,13,1.3169,0.5848,0.8990,1.7342,0.2342,0.0647,1.0966,-;-;-;-;-
0xB404,14,1.3150,0.5722,0.8893,1.7295,0.2366,0.0656,1.0977,-;-;-;-;-
0xB404,15,1.3141,0.5418,0.8800,1.7279,0.2446,0.0643,1.0959,-;-;-;-;-
0xB404,16,1.3201,0.5431,0.8718,1.7431,0.2555,0.0642,1.0963,-;-;-;-;-
0xB404,17,1.3249,0.5691,0.8486,1.7553,0.2557,0.0652,1.0982,-;-;-;-;-
0xB404,18,1.3275,0.5860,0.8301,1.7625,0.2567,0.0656,1.0990,-;-;-;-;-
0xB404,19,1.3605,0.5900,0.8133,1.8511,0.2694,0.0640,1.0931,-;-;-;-;-
0xB404,20,1.3652,0.5904,0.8248,1.8639,0.2811,0.0643,1.0983,-;-;-;-;-
0xB404,21,1.3649,0.5973,0.8121,1.8631,0.2821,0.0646,1.0877,-;-;-;-;-
0xB404,22,1.3747,0.6041,0.7966,1.8897,0.2768,0.0639,1.0944,-;-;-;-;-
0xB404,23,1.3801,0.5920,0.7800,1.9049,0.2872,0.0635,1.0921,-;-;-;-;-
0xB404,24,1.3831,0.5826,0.7614,1.9133,0.2945,0.0650,1.0914,-;-;-;-;-
0xB404,25,1.3952,0.5842,0.7427,1.9469,0.3071,0.0668,1.0973,-;-;-;-;-
0xB404,26,1.4105,0.5953,0.7117,1.9896,0.3251,0.0661,1.0962,-;-;-;-;-
0xB404,27,1.4268,0.6097,0.6934,2.0357,0.3218,0.0695,1.0898,-;-;-;-;-
0xB404,28,1.4485,0.6215,0.6821,2.0982,0.3252,0.0685,1.0956,-;-;-;-;-
0xB404,29,1.4663,0.6281,0.6693,2.1502,0.3246,0.0669,1.0948,-;-;-;-;-
0xB404,30,1.4773,0.6318,0.6719,2.1828,0.3296,0.0675,1.0911,-;-;-;-;-
0xB404,31,1.4691,0.6361,0.6507,2.1582,0.3264,0.0669,1.0923,-;-;-;-;-
0xB404,32,1.4567,0.6390,0.6317,2.1221,0.3199,0.0689,1.0972,1.489;1.487;1.479;1.470;1.461
0xB404,33,1.4540,0.6389,0.6172,2.1142,0.3220,0.0653,1.0992,-;-;-;-;-
0xB404,34,1.4626,0.6345,0.5977,2.1391,0.3420,0.0658,1.0916,-;-;-;-;-
0xB404,35,1.4541,0.6241,0.5773,2.1144,0.3595,0.0663,1.1004,-;-;-;-;-
0xB404,36,1.4493,0.6174,0.5594,2.1004,0.3631,0.0657,1.0912,-;-;-;-;-
0xB404,37,1.4488,0.6180,0.5239,2.0992,0.3586,0.0698,1.0870,-;-;-;-;-
0xB404,38,1.4384,0.6181,0.4862,2.0691,0.3625,0.0665,1.0874,-;-;-;-;-
0xB404,39,1.4429,0.6137,0.4725,2.0821,0.3520,0.0685,1.0889,-;-;-;-;-
0xB404,40,1.4507,0.6169,0.4400,2.1045,0.3545,0.0670,1.0929,-;-;-;-;-
0xB404,41,1.4589,0.6234,0.4263,2.1284,0.3544,0.0643,1.0960,-;-;-;-;-
0xB404,42,1.4648,0.6309,0.4354,2.1459,0.3588,0.0653,1.0970,-;-;-;-;-
0xB404,43,1.4645,0.6212,0.4185,2.1450,0.3484,0.0662,1.1055,-;-;-;-;-
0xB404,44,1.4604,0.6112,0.3900,2.1328,0.3381,0.0664,1.1072,-;-;-;-;-
0xB404,45,1.4544,0.6123,0.3844,2.1155,0.3355,0.0664,1.1052,-;-;-;-;-
0xB404,46,1.4495,0.6273,0.3681,2.1010,0.3471,0.0668,1.0969,-;-;-;-;-
0xB404,47,1.4421,0.6289,0.3515,2.0795,0.3519,0.0678,1.0981,-;-;-;-;-
0xB404,48,1.4382,0.6308,0.3362,2.0684,0.3644,0.0668,1.0954,-;-;-;-;-
0xB404,49,1.4464,0.6324,0.3094,2.0921,0.3699,0.0668,1.0883,-;-;-;-;-
0xB404,50,1.4623,0.6294,0.3013,2.1383,0.3798,0.0699,1.0921,-;-;-;-;-
0xB404,51,1.4848,0.6234,0.2843,2.2047,0.3888,0.0686,1.0953,-;-;-;-;-
0xB404,52,1.5060,0.6183,0.2552,2.2684,0.3925,0.0722,1.0911,-;-;-;-;-
0xB404,53,1.5019,0.6159,0.2261,2.2557,0.3831,0.0722,1.0862,-;-;-;-;-
0xB404,54,1.5133,0.6149,0.2022,2.2900,0.3797,0.0707,1.0979,-;-;-;-;-
0xB404,55,1.5193,0.6142,0.1788,2.3086,0.3783,0.0685,1.0964,-;-;-;-;-
0xB404,56,1.5303,0.6111,0.1627,2.3421,0.3635,0.0700,1.0958,-;-;-;-;-
0xB404,57,1.5345,0.6094,0.1606,2.3551,0.3640,0.0666,1.0960,-;-;-;-;-
0xB404,58,1.5248,0.6111,0.1607,2.3259,0.3798,0.0663,1.1014,-;-;-;-;-
0xB404,59,1.5148,0.6144,0.1647,2.2952,0.3822,0.0670,1.0863,-;-;-;-;-
0xB404,60,1.4963,0.6187,0.1404,2.2393,0.3829,0.0692,1.0909,-;-;-;-;-
0xB404,61,1.4843,0.6239,0.1188,2.2033,0.3881,0.0693,1.0923,-;-;-;-;-
0xB404,62,1.4817,0.6270,0.0905,2.1956,0.3811,0.0679,1.0848,-;-;-;-;-
0xB404,63,1.5046,0.6252,0.0769,2.2646,0.3780,0.0644,1.0879,-;-;-;-;-
0xB404,64,1.5020,0.6191,0.0579,2.2565,0.3681,0.0658,1.0799,1.787;1.791;1.811;1.835;1.831
0xB405,1,1.0014,0.3798,0.9976,1.0029,0.0363,0.0739,1.0829,0.989;0.989;0.990;0.990;0.988
0xB405,2,1.0093,0.3750,0.9900,1.0187,0.0680,0.0745,1.0845,-;-;-;-;-
0xB405,3,1.0154,0.3745,0.9787,1.0311,0.1017,0.0752,1.0755,-;-;-;-;-
0xB405,4,1.0239,0.3749,0.9652,1.0483,0.1286,0.0762,1.0786,-;-;-;-;-
0xB405,5,1.0203,0.3799,0.9487,1.0411,0.1496,0.0770,1.0779,-;-;-;-;-
0xB405,6,1.0213,0.3884,0.9344,1.0431,0.1680,0.0763,1.0812,-;-;-;-;-
0xB405,7,1.0326,0.3969,0.9174,1.0666,0.1773,0.0780,1.0798,-;-;-;-;-
0xB405,8,1.0505,0.3981,0.8944,1.1036,0.1979,0.0792,1.0771,1.002;1.002;1.003;1.003;1.003
0xB405,9,1.0490,0.3986,0.8754,1.1008,0.2105,0.0767,1.0725,-;-;-;-;-
0xB405,10,1.0471,0.4010,0.8506,1.0967,0.2205,0.0749,1.0759,-;-;-;-;-
0xB405,11,1.0690,0.4052,0.8377,1.1428,0.2315,0.0755,1.0762,-;-;-;-;-
0xB405,12,1.0747,0.4173,0.8205,1.1550,0.2439,0.0737,1.0772,-;-;-;-;-
0xB405,13,1.0845,0.4188,0.8016,1.1762,0.2560,0.0741,1.0715,-;-;-;-;-
0xB405,14,1.0761,0.4059,0.7949,1.1584,0.2646,0.0742,1.0734,-;-;-;-;-
0xB405,15,1.1105,0.4060,0.7858,1.2334,0.2789,0.0740,1.0777,-;-;-;-;-
0xB405,16,1.1244,0.4103,0.7606,1.2644,0.2827,0.0748,1.0814,-;-;-;-;-
0xB405,17,1.1440,0.4170,0.7516,1.3092,0.2916,0.0746,1.0855,-;-;-;-;-
0xB405,18,1.1485,0.4144,0.7435,1.3191,0.3025,0.0763,1.0766,-;-;-;-;-
0xB405,19,1.1590,0.4112,0.7231,1.3436,0.3122,0.0769,1.0699,-;-;-;-;-
0xB405,20,1.1797,0.4221,0.6924,1.3920,0.3139,0.0785,1.0637,-;-;-;-;-
0xB405,21,1.1947,0.4191,0.6904,1.4276,0.3140,0.0779,1.0606,-;-;-;-;-
0xB405,22,1.1933,0.4065,0.6935,1.4239,0.3225,0.0807,1.0656,-;-;-;-;-
0xB405,23,1.2004,0.3961,0.6757,1.4410,0.3581,0.0780,1.0628,-;-;-;-;-
0xB405,24,1.1938,0.3779,0.6659,1.4258,0.3763,0.0783,1.0616,-;-;-;-;-
0xB405,25,1.1719,0.3851,0.6476,1.3741,0.3903,0.0774,1.0720,-;-;-;-;-
0xB405,26,1.1486,0.3905,0.6367,1.3201,0.3998,0.0768,1.0808,-;-;-;-;-
0xB405,27,1.1412,0.3903,0.6409,1.3025,0.3912,0.0757,1.0795,-;-;-;-;-
0xB405,28,1.1448,0.3877,0.6498,1.3106,0.3938,0.0762,1.0722,-;-;-;-;-
0xB405,29,1.1446,0.3811,0.6623,1.3101,0.3932,0.0777,1.0663,-;-;-;-;-
0xB405,30,1.1556,0.3808,0.6826,1.3354,0.3754,0.0768,1.0678,-;-;-;-;-
0xB405,31,1.1744,0.3767,0.7017,1.3794,0.3789,0.0756,1.0664,-;-;-;-;-
0xB405,32,1.1953,0.3718,0.7023,1.4292,0.3938,0.0754,1.0678,1.017;1.016;1.011;1.004;0.993
0xB405,33,1.2208,0.3677,0.7144,1.4912,0.4021,0.0766,1.0677,-;-;-;-;-
0xB405,34,1.2409,0.3636,0.7076,1.5403,0.4119,0.0767,1.0667,-;-;-;-;-
0xB405,35,1.2521,0.3579,0.6992,1.5679,0.4198,0.0755,1.0646,-;-;-;-;-
0xB405,36,1.2599,0.3565,0.7062,1.5873,0.4238,0.0742,1.0647,-;-;-;-;-
0xB405,37,1.2642,0.3602,0.7131,1.5984,0.4311,0.0726,1.0617,-;-;-;-;-
0xB405,38,1.2438,0.3673,0.7311,1.5472,0.4446,0.0723,1.0681,-;-;-;-;-
0xB405,39,1.2149,0.3798,0.7386,1.4762,0.4483,0.0704,1.0637,-;-;-;-;-
0xB405,40,1.1787,0.3976,0.7121,1.3894,0.4380,0.0715,1.0612,-;-;-;-;-
0xB405,41,1.1677,0.4030,0.6997,1.3638,0.4453,0.0710,1.0634,-;-;-;-;-
0xB405,42,1.1681,0.4015,0.6862,1.3648,0.4702,0.0695,1.0501,-;-;-;-;-
0xB405,43,1.1529,0.3964,0.6676,1.3293,0.4834,0.0695,1.0515,-;-;-;-;-
0xB405,44,1.1439,0.3968,0.6403,1.3085,0.4680,0.0697,1.0596,-;-;-;-;-
0xB405,45,1.1420,0.4009,0.6244,1.3041,0.4471,0.0709,1.0608,-;-;-;-;-
0xB405,46,1.1390,0.4028,0.6191,1.2975,0.4223,0.0728,1.0622,-;-;-;-;-
0xB405,47,1.1362,0.4012,0.6056,1.2910,0.4262,0.0788,1.0557,-;-;-;-;-
0xB405,48,1.1457,0.3978,0.5848,1.3127,0.4316,0.0794,1.0554,-;-;-;-;-
0xB405,49,1.1410,0.3917,0.5584,1.3021,0.4373,0.0791,1.0511,-;-;-;-;-
0xB405,50,1.1386,0.3834,0.5387,1.2964,0.4431,0.0800,1.0570,-;-;-;-;-
0xB405,51,1.1301,0.3763,0.5321,1.2778,0.4443,0.0812,1.0617,-;-;-;-;-
0xB405,52,1.1199,0.3848,0.5490,1.2545,0.4485,0.0795,1.0615,-;-;-;-;-
0xB405,53,1.1234,0.3902,0.5430,1.2622,0.4675,0.0792,1.0569,-;-;-;-;-
0xB405,54,1.1378,0.3908,0.5291,1.2945,0.4839,0.0781,1.0528,-;-;-;-;-
0xB405,55,1.1500,0.3886,0.5117,1.3225,0.4991,0.0759,1.0539,-;-;-;-;-
0xB405,56,1.1508,0.3867,0.5017,1.3249,0.5193,0.0765,1.0573,-;-;-;-;-
0xB405,57,1.1532,0.3833,0.4972,1.3335,0.5188,0.0756,1.0598,-;-;-;-;-
0xB405,58,1.1322,0.3734,0.4959,1.2881,0.5107,0.0759,1.0602,-;-;-;-;-
0xB405,59,1.1041,0.3710,0.5067,1.2254,0.4991,0.0779,1.0611,-;-;-;-;-
0xB405,60,1.1017,0.3693,0.5359,1.2183,0.4914,0.0769,1.0581,-;-;-;-;-
0xB405,61,1.1051,0.3677,0.5315,1.2250,0.4830,0.0764,1.0579,-;-;-;-;-
0xB405,62,1.1059,0.3668,0.5432,1.2259,0.4739,0.0772,1.0568,-;-;-;-;-
0xB405,63,1.1044,0.3668,0.5171,1.2217,0.4591,0.0795,1.0579,-;-;-;-;-
0xB405,64,1.1052,0.3721,0.4823,1.2224,0.4545,0.0788,1.0622,0.900;0.898;0.890;0.892;0.900
0xB406,1,1.0109,0.5468,0.9986,1.0219,0.0409,0.0568,1.0880,0.993;0.993;0.993;0.994;0.995
0xB406,2,1.0251,0.5504,0.9954,1.0508,0.0798,0.0546,1.0892,-;-;-;-;-
0xB406,3,1.0416,0.5525,0.9908,1.0850,0.1058,0.0493,1.0893,-;-;-;-;-
0xB406,4,1.0485,0.5587,0.9871,1.0994,0.1230,0.0555,1.0979,-;-;-;-;-
0xB406,5,1.0724,0.5728,0.9805,1.1503,0.1343,0.0547,1.0944,-;-;-;-;-
0xB406,6,1.0846,0.5934,0.9733,1.1764,0.1382,0.0551,1.0961,-;-;-;-;-
0xB406,7,1.1066,0.6127,0.9646,1.2246,0.1531,0.0572,1.0935,-;-;-;-;-
0xB406,8,1.1264,0.6222,0.9571,1.2688,0.1705,0.0567,1.0931,1.040;1.039;1.038;1.042;1.063
0xB406,9,1.1362,0.6237,0.9502,1.2908,0.1821,0.0553,1.0929,-;-;-;-;-
0xB406,10,1.1391,0.6245,0.9426,1.2975,0.2131,0.0557,1.0924,-;-;-;-;-
0xB406,11,1.1419,0.6240,0.9324,1.3038,0.2077,0.0554,1.0916,-;-;-;-;-
0xB406,12,1.1358,0.6247,0.9206,1.2901,0.1979,0.0551,1.0947,-;-;-;-;-
0xB406,13,1.1440,0.6266,0.9099,1.3087,0.1973,0.0568,1.1000,-;-;-;-;-
0xB406,14,1.1719,0.6273,0.8996,1.3735,0.2179,0.0586,1.0999,-;-;-;-;-
0xB406,15,1.1869,0.6304,0.8873,1.4089,0.2283,0.0557,1.0972,-;-;-;-;-
0xB406,16,1.1895,0.6372,0.8777,1.4151,0.2252,0.0561,1.0964,-;-;-;-;-
0xB406,17,1.2016,0.6407,0.8616,1.4440,0.2297,0.0538,1.0988,-;-;-;-;-
0xB406,18,1.2163,0.6357,0.8522,1.4794,0.2275,0.0543,1.0934,-;-;-;-;-
0xB406,19,1.2346,0.6314,0.8410,1.5243,0.2450,0.0541,1.0936,-;-;-;-;-
0xB406,20,1.2538,0.6327,0.8304,1.5720,0.2560,0.0532,1.0927,-;-;-;-;-
0xB406,21,1.2685,0.6291,0.8154,1.6092,0.2691,0.0540,1.0847,-;-;-;-;-
0xB406,22,1.2778,0.6259,0.7977,1.6328,0.2844,0.0568,1.0901,-;-;-;-;-
0xB406,23,1.2947,0.6274,0.7872,1.6763,0.2919,0.0564,1.0931,-;-;-;-;-
0xB406,24,1.3015,0.6297,0.7734,1.6941,0.3054,0.0582,1.0904,-;-;-;-;-
0xB406,25,1.3222,0.6305,0.7570,1.7483,0.3299,0.0576,1.0881,-;-;-;-;-
0xB406,26,1.3434,0.6300,0.7356,1.8050,0.3359,0.0569,1.0926,-;-;-;-;-
0xB406,27,1.3467,0.6284,0.7152,1.8139,0.3324,0.0547,1.0993,-;-;-;-;-
0xB406,28,1.3476,0.6249,0.6953,1.8160,0.3365,0.0532,1.0888,-;-;-;-;-
0xB406,29,1.3486,0.6225,0.6748,1.8189,0.3414,0.0551,1.0923,-;-;-;-;-
0xB406,30,1.3533,0.6257,0.6585,1.8314,0.3391,0.0554,1.0956,-;-;-;-;-
0xB406,31,1.3556,0.6358,0.6419,1.8377,0.3533,0.0543,1.0936,-;-;-;-;-
0xB406,32,1.3537,0.6462,0.6341,1.8324,0.3610,0.0535,1.0972,1.328;1.327;1.325;1.322;1.321
0xB406,33,1.3537,0.6509,0.6136,1.8325,0.3719,0.0501,1.0974,-;-;-;-;-
0xB406,34,1.3608,0.6522,0.6148,1.8518,0.3738,0.0504,1.0945,-;-;-;-;-
0xB406,35,1.3550,0.6547,0.6192,1.8361,0.3841,0.0542,1.0944,-;-;-;-;-
0xB406,36,1.3542,0.6571,0.6250,1.8340,0.3932,0.0545,1.0898,-;-;-;-;-
0xB406,37,1.3652,0.6608,0.6257,1.8639,0.4091,0.0566,1.0926,-;-;-;-;-
0xB406,38,1.3801,0.6552,0.6163,1.9048,0.4087,0.0578,1.0906,-;-;-;-;-
0xB406,39,1.3917,0.6560,0.6040,1.9369,0.4068,0.0608,1.0973,-;-;-;-;-
0xB406,40,1.4001,0.6597,0.5884,1.9607,0.4051,0.0603,1.0983,-;-;-;-;-
0xB406,41,1.4074,0.6594,0.5694,1.9808,0.4004,0.0586,1.1001,-;-;-;-;-
0xB406,42,1.4171,0.6543,0.5471,2.0082,0.3997,0.0559,1.0967,-;-;-;-;-
0xB406,43,1.4217,0.6441,0.5223,2.0212,0.4131,0.0557,1.0961,-;-;-;-;-
0xB406,44,1.4321,0.6338,0.4958,2.0508,0.4162,0.0556,1.0963,-;-;-;-;-
0xB406,45,1.4186,0.6314,0.4681,2.0125,0.4199,0.0551,1.0968,-;-;-;-;-
0xB406,46,1.4090,0.6347,0.4495,1.9859,0.4263,0.0547,1.0943,-;-;-;-;-
0xB406,47,1.4024,0.6368,0.4319,1.9675,0.4263,0.0539,1.0943,-;-;-;-;-
0xB406,48,1.3941,0.6372,0.4123,1.9442,0.4251,0.0539,1.0870,-;-;-;-;-
0xB406,49,1.4022,0.6396,0.3906,1.9664,0.4254,0.0550,1.0927,-;-;-;-;-
0xB406,50,1.4109,0.6397,0.3676,1.9906,0.4232,0.0540,1.0942,-;-;-;-;-
0xB406,51,1.3976,0.6369,0.3438,1.9532,0.4127,0.0521,1.1019,-;-;-;-;-
0xB406,52,1.3756,0.6358,0.3201,1.8926,0.4040,0.0529,1.0963,-;-;-;-;-
0xB406,53,1.3767,0.6370,0.2971,1.8956,0.4045,0.0533,1.0952,-;-;-;-;-
0xB406,54,1.3909,0.6400,0.2746,1.9349,0.4174,0.0521,1.0897,-;-;-;-;-
0xB406,55,1.3739,0.6448,0.2518,1.8878,0.4293,0.0525,1.0979,-;-;-;-;-
0xB406,56,1.3751,0.6510,0.2278,1.8912,0.4291,0.0527,1.0954,-;-;-;-;-
0xB406,57,1.3769,0.6561,0.2018,1.8959,0.4272,0.0566,1.0896,-;-;-;-;-
0xB406,58,1.3810,0.6571,0.1736,1.9071,0.4252,0.0540,1.0943,-;-;-;-;-
0xB406,59,1.3821,0.6553,0.1431,1.9103,0.4222,0.0549,1.0971,-;-;-;-;-
0xB406,60,1.3769,0.6537,0.1106,1.8959,0.4164,0.0526,1.0966,-;-;-;-;-
0xB406,61,1.3746,0.6535,0.0766,1.8894,0.4155,0.0520,1.0945,-;-;-;-;-
0xB406,62,1.3722,0.6555,0.0418,1.8831,0.4184,0.0533,1.0963,-;-;-;-;-
0xB406,63,1.3727,0.6498,0.0150,1.8845,0.4242,0.0546,1.0948,-;-;-;-;-
0xB406,64,1.3739,0.6474,0.0053,1.8881,0.4334,0.0615,1.0979,1.479;1.480;1.487;1.618;1.620
0xB407,1,0.9990,0.4862,0.9980,0.9981,0.0391,0.0676,1.0783,0.994;0.994;0.993;0.992;0.990
0xB407,2,1.0041,0.4792,0.9927,1.0082,0.0713,0.0661,1.0825,-;-;-;-;-
0xB407,3,1.0118,0.4717,0.9844,1.0237,0.1027,0.0675,1.0804,-;-;-;-;-
0xB407,4,1.0239,0.4669,0.9725,1.0484,0.1263,0.0711,1.0856,-;-;-;-;-
0xB407,5,1.0340,0.4633,0.9588,1.0692,0.1474,0.0707,1.0775,-;-;-;-;-
0xB407,6,1.0432,0.4623,0.9429,1.0884,0.1650,0.0716,1.0827,-;-;-;-;-
0xB407,7,1.0514,0.4622,0.9263,1.1055,0.1791,0.0716,1.0910,-;-;-;-;-
0xB407,8,1.0491,0.4596,0.9076,1.1006,0.2022,0.0687,1.0895,1.067;1.068;1.069;1.071;1.073
0xB407,9,1.0507,0.4546,0.8836,1.1040,0.2238,0.0715,1.0828,-;-;-;-;-
0xB407,10,1.0561,0.4489,0.8669,1.1153,0.2439,0.0700,1.0798,-;-;-;-;-
0xB407,11,1.0634,0.4424,0.8486,1.1310,0.2592,0.0721,1.0797,-;-;-;-;-
0xB407,12,1.0611,0.4279,0.8264,1.1260,0.2864,0.0716,1.0844,-;-;-;-;-
0xB407,13,1.0636,0.4222,0.8088,1.1312,0.3115,0.0647,1.0836,-;-;-;-;-
0xB407,14,1.0705,0.4176,0.7932,1.1459,0.3316,0.0704,1.0920,-;-;-;-;-
0xB407,15,1.0974,0.4202,0.7910,1.2044,0.3421,0.0624,1.0878,-;-;-;-;-
0xB407,16,1.1126,0.4169,0.7748,1.2380,0.3498,0.0655,1.0935,-;-;-;-;-
0xB407,17,1.1287,0.4140,0.7553,1.2740,0.3707,0.0640,1.0913,-;-;-;-;-
0xB407,18,1.1421,0.4176,0.7401,1.3044,0.3773,0.0654,1.0812,-;-;-;-;-
0xB407,19,1.1506,0.4159,0.7140,1.3239,0.3795,0.0675,1.0874,-;-;-;-;-
0xB407,20,1.1515,0.4159,0.6987,1.3259,0.3871,0.0655,1.0812,-;-;-;-;-
0xB407,21,1.1439,0.4136,0.6661,1.3086,0.3981,0.0645,1.0840,-;-;-;-;-
0xB407,22,1.1340,0.4055,0.6475,1.2859,0.4101,0.0664,1.0787,-;-;-;-;-
0xB407,23,1.1272,0.4097,0.6250,1.2705,0.4233,0.0674,1.0771,-;-;-;-;-
0xB407,24,1.1251,0.4102,0.5904,1.2659,0.4273,0.0663,1.0769,-;-;-;-;-
0xB407,25,1.1234,0.4088,0.5542,1.2622,0.4308,0.0656,1.0751,-;-;-;-;-
0xB407,26,1.1260,0.4038,0.5165,1.2678,0.4487,0.0675,1.0695,-;-;-;-;-
0xB407,27,1.1275,0.3937,0.4613,1.2712,0.4656,0.0691,1.0826,-;-;-;-;-
0xB407,28,1.1234,0.3852,0.4275,1.2620,0.4873,0.0698,1.0802,-;-;-;-;-
0xB407,29,1.1166,0.3817,0.3900,1.2467,0.5025,0.0699,1.0744,-;-;-;-;-
0xB407,30,1.1063,0.3950,0.3685,1.2240,0.5002,0.0696,1.0733,-;-;-;-;-
0xB407,31,1.1106,0.3874,0.3413,1.2333,0.4965,0.0724,1.0789,-;-;-;-;-
0xB407,32,1.1197,0.3841,0.3146,1.2538,0.4914,0.0715,1.0733,1.644;1.645;1.650;1.649;1.629
0xB407,33,1.1246,0.3851,0.2790,1.2652,0.4850,0.0715,1.0832,-;-;-;-;-
0xB407,34,1.1325,0.3901,0.2436,1.2835,0.4776,0.0728,1.0842,-;-;-;-;-
0xB407,35,1.1435,0.3965,0.2083,1.3090,0.4695,0.0733,1.0777,-;-;-;-;-
0xB407,36,1.1545,0.4016,0.1735,1.3349,0.4707,0.0724,1.0799,-;-;-;-;-
0xB407,37,1.1631,0.4041,0.1500,1.3555,0.4728,0.0739,1.0858,-;-;-;-;-
0xB407,38,1.1726,0.3964,0.1056,1.3775,0.4751,0.0734,1.0820,-;-;-;-;-
0xB407,39,1.1865,0.3815,0.0532,1.4096,0.4787,0.0721,1.0861,-;-;-;-;-
0xB407,40,1.2012,0.3706,0.0127,1.4441,0.4810,0.0692,1.0825,-;-;-;-;-
0xB407,41,1.2170,0.3664,-0.0009,1.4819,0.4832,0.0659,1.0780,-;-;-;-;-
0xB407,42,1.2303,0.3681,-0.0615,1.5142,0.4900,0.0648,1.0838,-;-;-;-;-
0xB407,43,1.2369,0.3626,-0.0942,1.5300,0.4970,0.0667,1.0822,-;-;-;-;-
0xB407,44,1.2365,0.3611,-0.1243,1.5289,0.4982,0.0627,1.0904,-;-;-;-;-
0xB407,45,1.2320,0.3598,-0.0919,1.5178,0.5018,0.0650,1.0811,-;-;-;-;-
0xB407,46,1.2261,0.3588,-0.0204,1.5032,0.5063,0.0670,1.0743,-;-;-;-;-
0xB407,47,1.2194,0.3577,-0.0289,1.4869,0.5119,0.0656,1.0858,-;-;-;-;-
0xB407,48,1.2104,0.3562,-0.0726,1.4652,0.5170,0.0638,1.0802,-;-;-;-;-
0xB407,49,1.1982,0.3553,-0.1235,1.4358,0.5193,0.0652,1.0751,-;-;-;-;-
0xB407,50,1.1856,0.3578,-0.1653,1.4057,0.5199,0.0656,1.0748,-;-;-;-;-
0xB407,51,1.1772,0.3688,-0.1674,1.3857,0.5229,0.0640,1.0702,-;-;-;-;-
0xB407,52,1.1742,0.3785,-0.1976,1.3787,0.5286,0.0671,1.0713,-;-;-;-;-
0xB407,53,1.1735,0.3780,-0.2302,1.3774,0.5350,0.0673,1.0708,-;-;-;-;-
0xB407,54,1.1715,0.3780,-0.2486,1.3736,0.5405,0.0700,1.0700,-;-;-;-;-
0xB407,55,1.1682,0.3765,-0.2218,1.3674,0.5458,0.0707,1.0728,-;-;-;-;-
0xB407,56,1.1814,0.3652,-0.2359,1.3990,0.5527,0.0705,1.0705,-;-;-;-;-
0xB407,57,1.1921,0.3551,-0.2637,1.4254,0.5641,0.0706,1.0707,-;-;-;-;-
0xB407,58,1.2079,0.3607,-0.2599,1.4639,0.5800,0.0723,1.0712,-;-;-;-;-
0xB407,59,1.2242,0.3647,-0.2827,1.5032,0.5967,0.0698,1.0717,-;-;-;-;-
0xB407,60,1.2329,0.3636,-0.3180,1.5244,0.6070,0.0661,1.0716,-;-;-;-;-
0xB407,61,1.2358,0.3647,-0.3129,1.5315,0.6061,0.0723,1.0685,-;-;-;-;-
0xB407,62,1.2409,0.3664,-0.3242,1.5442,0.6054,0.0711,1.0714,-;-;-;-;-
0xB407,63,1.2589,0.3720,-0.3134,1.5885,0.5997,0.0682,1.0695,-;-;-;-;-
0xB407,64,1.2753,0.3757,-0.2684,1.6296,0.5765,0.0681,1.0707,1.807;1.799;1.766;1.726;1.648
0xB408,1,0.9842,0.5029,0.9986,0.9686,0.0435,0.0569,1.0663,0.984;0.984;0.984;0.984;0.984
0xB408,2,0.9711,0.4936,0.9949,0.9431,0.0836,0.0550,1.0774,-;-;-;-;-
0xB408,3,0.9577,0.4809,0.9894,0.9171,0.1140,0.0549,1.0636,-;-;-;-;-
0xB408,4,0.9417,0.4585,0.9839,0.8869,0.1421,0.0556,1.0630,-;-;-;-;-
0xB408,5,0.9177,0.4382,0.9772,0.8421,0.1629,0.0592,1.0643,-;-;-;-;-
0xB408,6,0.8969,0.4184,0.9688,0.8044,0.1855,0.0592,1.0767,-;-;-;-;-
0xB408,7,0.9016,0.3859,0.9585,0.8129,0.2130,0.0602,1.0839,-;-;-;-;-
0xB408,8,0.9145,0.3692,0.9483,0.8363,0.2332,0.0614,1.0840,0.953;0.953;0.950;0.949;0.945
0xB408,9,0.9099,0.3745,0.9373,0.8280,0.2410,0.0615,1.0775,-;-;-;-;-
0xB408,10,0.9037,0.3895,0.9288,0.8168,0.2431,0.0619,1.0736,-;-;-;-;-
0xB408,11,0.8786,0.3875,0.9246,0.7719,0.2478,0.0637,1.0660,-;-;-;-;-
0xB408,12,0.8503,0.4008,0.9202,0.7232,0.2498,0.0604,1.0688,-;-;-;-;-
0xB408,13,0.8363,0.4011,0.9139,0.6995,0.2633,0.0610,1.0583,-;-;-;-;-
0xB408,14,0.8013,0.3860,0.9011,0.6423,0.2649,0.0596,1.0622,-;-;-;-;-
0xB408,15,0.7825,0.3606,0.8839,0.6123,0.2732,0.0600,1.0578,-;-;-;-;-
0xB408,16,0.7658,0.3371,0.8638,0.5865,0.2702,0.0601,1.0634,-;-;-;-;-
0xB408,17,0.7555,0.3209,0.8426,0.5709,0.2714,0.0581,1.0595,-;-;-;-;-
0xB408,18,0.7314,0.3086,0.8222,0.5350,0.2817,0.0643,1.0659,-;-;-;-;-
0xB408,19,0.7096,0.3004,0.8040,0.5036,0.3035,0.0644,1.0634,-;-;-;-;-
0xB408,20,0.6952,0.2930,0.7924,0.4834,0.3154,0.0639,1.0606,-;-;-;-;-
0xB408,21,0.6830,0.2910,0.7845,0.4665,0.3275,0.0643,1.0574,-;-;-;-;-
0xB408,22,0.6695,0.2862,0.7747,0.4482,0.3307,0.0596,1.0601,-;-;-;-;-
0xB408,23,0.6553,0.2841,0.7586,0.4295,0.3390,0.0605,1.0569,-;-;-;-;-
0xB408,24,0.6405,0.2685,0.7415,0.4102,0.3217,0.0619,1.0545,-;-;-;-;-
0xB408,25,0.6257,0.2663,0.7107,0.3916,0.3282,0.0647,1.0503,-;-;-;-;-
0xB408,26,0.6122,0.2566,0.6774,0.3749,0.3300,0.0648,1.0544,-;-;-;-;-
0xB408,27,0.6006,0.2423,0.6581,0.3609,0.3458,0.0649,1.0500,-;-;-;-;-
0xB408,28,0.5905,0.2272,0.6339,0.3491,0.3558,0.0689,1.0574,-;-;-;-;-
0xB408,29,0.5811,0.2121,0.6176,0.3381,0.3540,0.0650,1.0534,-;-;-;-;-
0xB408,30,0.5749,0.2010,0.6084,0.3310,0.3719,0.0673,1.0498,-;-;-;-;-
0xB408,31,0.5690,0.1908,0.6018,0.3244,0.3991,0.0640,1.0514,-;-;-;-;-
0xB408,32,0.5658,0.1815,0.5761,0.3207,0.4132,0.0612,1.0511,0.631;0.631;0.631;0.632;0.635
0xB408,33,0.5663,0.1731,0.5624,0.3212,0.4139,0.0590,1.0513,-;-;-;-;-
0xB408,34,0.5650,0.1657,0.5513,0.3197,0.4142,0.0572,1.0483,-;-;-;-;-
0xB408,35,0.5608,0.1601,0.5251,0.3150,0.4161,0.0576,1.0472,-;-;-;-;-
0xB408,36,0.5518,0.1567,0.5024,0.3050,0.4149,0.0561,1.0456,-;-;-;-;-
0xB408,37,0.5373,0.1542,0.5043,0.2892,0.3987,0.0565,1.0488,-;-;-;-;-
0xB408,38,0.5205,0.1527,0.5008,0.2714,0.3845,0.0570,1.0469,-;-;-;-;-
0xB408,39,0.5068,0.1521,0.4993,0.2571,0.3940,0.0623,1.0459,-;-;-;-;-
0xB408,40,0.4961,0.1521,0.4985,0.2462,0.3982,0.0640,1.0421,-;-;-;-;-
0xB408,41,0.4779,0.1494,0.4966,0.2284,0.4148,0.0593,1.0426,-;-;-;-;-
0xB408,42,0.4563,0.1418,0.4932,0.2082,0.4275,0.0585,1.0439,-;-;-;-;-
0xB408,43,0.4427,0.1380,0.4852,0.1960,0.4322,0.0598,1.0443,-;-;-;-;-
0xB408,44,0.4297,0.1356,0.4680,0.1849,0.4325,0.0587,1.0420,-;-;-;-;-
0xB408,45,0.4193,0.1328,0.4434,0.1762,0.4448,0.0598,1.0428,-;-;-;-;-
0xB408,46,0.4284,0.1303,0.4104,0.1836,0.4563,0.0573,1.0421,-;-;-;-;-
0xB408,47,0.4337,0.1264,0.3447,0.1881,0.4455,0.0552,1.0430,-;-;-;-;-
0xB408,48,0.4328,0.1221,0.3099,0.1874,0.4310,0.0579,1.0427,-;-;-;-;-
0xB408,49,0.4317,0.1190,0.2473,0.1865,0.3993,0.0576,1.0403,-;-;-;-;-
0xB408,50,0.4267,0.1156,0.1696,0.1822,0.3980,0.0567,1.0416,-;-;-;-;-
0xB408,51,0.4129,0.1122,0.1124,0.1705,0.4162,0.0555,1.0416,-;-;-;-;-
0xB408,52,0.3935,0.1089,0.0822,0.1551,0.4298,0.0574,1.0399,-;-;-;-;-
0xB408,53,0.3798,0.1073,0.0424,0.1450,0.4495,0.0599,1.0407,-;-;-;-;-
0xB408,54,0.3810,0.1071,-0.0271,0.1456,0.4479,0.0618,1.0414,-;-;-;-;-
0xB408,55,0.3824,0.1058,-0.0729,0.1465,0.4647,0.0645,1.0392,-;-;-;-;-
0xB408,56,0.3901,0.1032,-0.1164,0.1522,0.4829,0.0662,1.0379,-;-;-;-;-
0xB408,57,0.3930,0.0992,-0.1592,0.1544,0.4823,0.0661,1.0370,-;-;-;-;-
0xB408,58,0.3931,0.0959,-0.1469,0.1545,0.4718,0.0696,1.0366,-;-;-;-;-
0xB408,59,0.3957,0.0926,-0.1258,0.1566,0.4668,0.0697,1.0363,-;-;-;-;-
0xB408,60,0.3904,0.0893,-0.1213,0.1525,0.4680,0.0710,1.0380,-;-;-;-;-
0xB408,61,0.3823,0.0858,-0.1337,0.1464,0.4554,0.0646,1.0391,-;-;-;-;-
0xB408,62,0.3796,0.0824,-0.1435,0.1445,0.4469,0.0644,1.0391,-;-;-;-;-
0xB408,63,0.3762,0.0796,-0.0380,0.1422,0.4563,0.0632,1.0405,-;-;-;-;-
0xB408,64,0.3722,0.0779,0.0360,0.1394,0.4581,0.0667,1.0400,0.365;0.365;0.363;0.362;0.358
0xB409,1,1.0057,0.4054,0.9985,1.0115,0.0314,0.0591,1.0701,1.000;1.000;0.999;0.999;0.999
0xB409,2,1.0146,0.4068,0.9940,1.0295,0.0572,0.0590,1.0691,-;-;-;-;-
0xB409,3,1.0263,0.4091,0.9864,1.0532,0.0763,0.0594,1.0614,-;-;-;-;-
0xB409,4,1.0345,0.4072,0.9786,1.0702,0.0914,0.0605,1.0594,-;-;-;-;-
0xB409,5,1.0433,0.4045,0.9679,1.0886,0.1116,0.0623,1.0576,-;-;-;-;-
0xB409,6,1.0523,0.4026,0.9575,1.1073,0.1278,0.0619,1.0606,-;-;-;-;-
0xB409,7,1.0541,0.4000,0.9487,1.1112,0.1462,0.0611,1.0660,-;-;-;-;-
0xB409,8,1.0644,0.3965,0.9422,1.1330,0.1593,0.0610,1.0681,0.988;0.988;0.984;0.980;0.976
0xB409,9,1.0751,0.3942,0.9298,1.1559,0.1655,0.0608,1.0625,-;-;-;-;-
0xB409,10,1.0834,0.3954,0.9161,1.1737,0.1784,0.0607,1.0603,-;-;-;-;-
0xB409,11,1.0848,0.4003,0.9023,1.1768,0.2000,0.0607,1.0637,-;-;-;-;-
0xB409,12,1.0901,0.4067,0.8910,1.1883,0.1991,0.0631,1.0671,-;-;-;-;-
0xB409,13,1.0863,0.4096,0.8739,1.1802,0.1876,0.0626,1.0686,-;-;-;-;-
0xB409,14,1.0735,0.4128,0.8606,1.1523,0.1933,0.0610,1.0640,-;-;-;-;-
0xB409,15,1.0599,0.4110,0.8515,1.1235,0.1890,0.0610,1.0650,-;-;-;-;-
0xB409,16,1.0571,0.4121,0.8417,1.1176,0.1976,0.0602,1.0649,-;-;-;-;-
0xB409,17,1.0655,0.4156,0.8297,1.1363,0.2226,0.0602,1.0674,-;-;-;-;-
0xB409,18,1.0591,0.4207,0.7986,1.1228,0.2296,0.0605,1.0647,-;-;-;-;-
0xB409,19,1.0623,0.4268,0.7564,1.1290,0.2335,0.0616,1.0601,-;-;-;-;-
0xB409,20,1.0695,0.4176,0.7377,1.1439,0.2298,0.0621,1.0605,-;-;-;-;-
0xB409,21,1.0766,0.4118,0.7256,1.1591,0.2261,0.0617,1.0600,-;-;-;-;-
0xB409,22,1.0869,0.4112,0.7231,1.1815,0.2297,0.0603,1.0567,-;-;-;-;-
0xB409,23,1.1193,0.3919,0.7213,1.2529,0.2325,0.0607,1.0588,-;-;-;-;-
0xB409,24,1.1241,0.3940,0.7203,1.2635,0.2540,0.0578,1.0602,-;-;-;-;-
0xB409,25,1.1274,0.4045,0.7198,1.2711,0.2520,0.0552,1.0620,-;-;-;-;-
0xB409,26,1.1276,0.4073,0.7197,1.2717,0.2508,0.0537,1.0604,-;-;-;-;-
0xB409,27,1.1305,0.4021,0.7135,1.2781,0.2475,0.0559,1.0604,-;-;-;-;-
0xB409,28,1.1415,0.3880,0.7040,1.3032,0.2612,0.0577,1.0636,-;-;-;-;-
0xB409,29,1.1337,0.3674,0.6944,1.2855,0.2576,0.0591,1.0592,-;-;-;-;-
0xB409,30,1.1167,0.3561,0.6847,1.2471,0.2644,0.0601,1.0592,-;-;-;-;-
0xB409,31,1.1121,0.3626,0.6642,1.2373,0.2601,0.0613,1.0637,-;-;-;-;-
0xB409,32,1.1250,0.3717,0.6380,1.2661,0.2606,0.0620,1.0631,1.078;1.078;1.077;1.075;1.072
0xB409,33,1.1434,0.3670,0.6134,1.3074,0.2568,0.0669,1.0649,-;-;-;-;-
0xB409,34,1.1601,0.3509,0.5920,1.3458,0.2573,0.0641,1.0647,-;-;-;-;-
0xB409,35,1.1702,0.3512,0.5720,1.3694,0.2592,0.0601,1.0568,-;-;-;-;-
0xB409,36,1.1460,0.3508,0.5534,1.3141,0.2688,0.0596,1.0574,-;-;-;-;-
0xB409,37,1.1265,0.3501,0.5354,1.2707,0.2737,0.0594,1.0581,-;-;-;-;-
0xB409,38,1.1309,0.3495,0.5153,1.2796,0.2794,0.0614,1.0590,-;-;-;-;-
0xB409,39,1.1364,0.3487,0.5111,1.2916,0.2802,0.0613,1.0604,-;-;-;-;-
0xB409,40,1.1413,0.3472,0.5118,1.3027,0.2923,0.0621,1.0607,-;-;-;-;-
0xB409,41,1.1458,0.3477,0.4958,1.3129,0.3005,0.0592,1.0564,-;-;-;-;-
0xB409,42,1.1495,0.3496,0.5194,1.3216,0.3065,0.0599,1.0569,-;-;-;-;-
0xB409,43,1.1516,0.3518,0.5095,1.3266,0.3053,0.0595,1.0583,-;-;-;-;-
0xB409,44,1.1763,0.3542,0.5008,1.3836,0.3041,0.0615,1.0598,-;-;-;-;-
0xB409,45,1.1893,0.3565,0.4915,1.4150,0.2904,0.0605,1.0586,-;-;-;-;-
0xB409,46,1.1815,0.3587,0.4803,1.3968,0.3033,0.0628,1.0608,-;-;-;-;-
0xB409,47,1.1772,0.3607,0.4654,1.3868,0.3066,0.0639,1.0613,-;-;-;-;-
0xB409,48,1.1955,0.3623,0.4456,1.4294,0.3090,0.0647,1.0643,-;-;-;-;-
0xB409,49,1.2210,0.3632,0.4212,1.4910,0.3113,0.0651,1.0652,-;-;-;-;-
0xB409,50,1.2286,0.3630,0.3928,1.5103,0.3154,0.0650,1.0660,-;-;-;-;-
0xB409,51,1.2208,0.3616,0.3611,1.4909,0.3136,0.0643,1.0621,-;-;-;-;-
0xB409,52,1.2130,0.3562,0.3326,1.4718,0.3185,0.0651,1.0598,-;-;-;-;-
0xB409,53,1.2058,0.3527,0.3050,1.4542,0.3261,0.0627,1.0622,-;-;-;-;-
0xB409,54,1.1998,0.3522,0.2789,1.4396,0.3314,0.0622,1.0607,-;-;-;-;-
0xB409,55,1.1955,0.3531,0.2591,1.4294,0.3390,0.0607,1.0609,-;-;-;-;-
0xB409,56,1.2027,0.3533,0.2382,1.4465,0.3408,0.0603,1.0626,-;-;-;-;-
0xB409,57,1.1932,0.3553,0.1937,1.4240,0.3367,0.0604,1.0600,-;-;-;-;-
0xB409,58,1.1971,0.3570,0.1440,1.4331,0.3371,0.0604,1.0597,-;-;-;-;-
0xB409,59,1.1998,0.3591,0.1263,1.4395,0.3427,0.0573,1.0581,-;-;-;-;-
0xB409,60,1.1998,0.3621,0.1142,1.4396,0.3492,0.0571,1.0599,-;-;-;-;-
0xB409,61,1.1976,0.3651,0.1016,1.4344,0.3528,0.0598,1.0624,-;-;-;-;-
0xB409,62,1.1925,0.3669,0.1066,1.4222,0.3554,0.0598,1.0598,-;-;-;-;-
0xB409,63,1.1838,0.3654,0.0877,1.4016,0.3499,0.0609,1.0624,-;-;-;-;-
0xB409,64,1.1733,0.3636,0.0709,1.3767,0.3509,0.0625,1.0578,1.241;1.237;1.222;1.216;1.219
0xB40A,1,1.0366,0.4537,0.9978,1.0745,0.0419,0.0853,1.1360,1.007;1.007;1.006;1.007;1.009
0xB40A,2,1.0744,0.4811,0.9916,1.1543,0.0740,0.0867,1.1413,-;-;-;-;-
0xB40A,3,1.1189,0.5022,0.9809,1.2520,0.1036,0.0850,1.1325,-;-;-;-;-
0xB40A,4,1.1630,0.5086,0.9667,1.3526,0.1310,0.0860,1.1334,-;-;-;-;-
0xB40A,5,1.1979,0.5102,0.9509,1.4350,0.1566,0.0881,1.1333,-;-;-;-;-
0xB40A,6,1.2333,0.5096,0.9357,1.5209,0.1638,0.0867,1.1418,-;-;-;-;-
0xB40A,7,1.2524,0.5023,0.9143,1.5685,0.1835,0.0924,1.1292,-;-;-;-;-
0xB40A,8,1.2719,0.4880,0.8999,1.6177,0.2113,0.0961,1.1337,1.102;1.102;1.100;1.100;1.110
0xB40A,9,1.2895,0.4842,0.8892,1.6627,0.2091,0.0942,1.1311,-;-;-;-;-
0xB40A,10,1.2892,0.4834,0.8715,1.6621,0.2227,0.0920,1.1334,-;-;-;-;-
0xB40A,11,1.3005,0.4874,0.8537,1.6914,0.2339,0.0920,1.1366,-;-;-;-;-
0xB40A,12,1.3103,0.4865,0.8403,1.7168,0.2316,0.0910,1.1404,-;-;-;-;-
0xB40A,13,1.3203,0.4824,0.8276,1.7432,0.2310,0.0897,1.1347,-;-;-;-;-
0xB40A,14,1.3199,0.4794,0.8115,1.7423,0.2434,0.0878,1.1346,-;-;-;-;-
0xB40A,15,1.3248,0.4891,0.7993,1.7552,0.2646,0.0835,1.1058,-;-;-;-;-
0xB40A,16,1.3294,0.4952,0.7841,1.7672,0.2769,0.0843,1.1250,-;-;-;-;-
0xB40A,17,1.3211,0.5028,0.7798,1.7455,0.2861,0.0863,1.1312,-;-;-;-;-
0xB40A,18,1.3154,0.5209,0.7768,1.7304,0.2895,0.0889,1.1369,-;-;-;-;-
0xB40A,19,1.3333,0.5296,0.7609,1.7791,0.3075,0.0871,1.1234,-;-;-;-;-
0xB40A,20,1.3413,0.5402,0.7483,1.8009,0.3307,0.0841,1.1161,-;-;-;-;-
0xB40A,21,1.3532,0.5302,0.7389,1.8334,0.3423,0.0844,1.1189,-;-;-;-;-
0xB40A,22,1.3656,0.5316,0.7307,1.8676,0.3638,0.0835,1.1129,-;-;-;-;-
0xB40A,23,1.3772,0.5480,0.7203,1.8999,0.3818,0.0829,1.1344,-;-;-;-;-
0xB40A,24,1.3812,0.5760,0.7053,1.9105,0.3975,0.0817,1.1381,-;-;-;-;-
0xB40A,25,1.3930,0.6035,0.6863,1.9413,0.3986,0.0831,1.1248,-;-;-;-;-
0xB40A,26,1.4050,0.6123,0.6692,1.9741,0.4064,0.0839,1.1288,-;-;-;-;-
0xB40A,27,1.4078,0.5999,0.6577,1.9821,0.4030,0.0846,1.1268,-;-;-;-;-
0xB40A,28,1.4088,0.5782,0.6456,1.9851,0.3982,0.0832,1.1282,-;-;-;-;-
0xB40A,29,1.4089,0.5811,0.6306,1.9858,0.3995,0.0874,1.1302,-;-;-;-;-
0xB40A,30,1.4096,0.5975,0.6066,1.9869,0.3986,0.0878,1.1337,-;-;-;-;-
0xB40A,31,1.4053,0.6036,0.5888,1.9748,0.4076,0.0874,1.1285,-;-;-;-;-
0xB40A,32,1.4070,0.6053,0.5766,1.9798,0.4252,0.0863,1.1229,1.656;1.657;1.666;1.668;1.683
0xB40A,33,1.4163,0.6069,0.5684,2.0059,0.4406,0.0836,1.1239,-;-;-;-;-
0xB40A,34,1.4259,0.6161,0.5625,2.0334,0.4518,0.0850,1.1175,-;-;-;-;-
0xB40A,35,1.4445,0.6105,0.5476,2.0865,0.4567,0.0892,1.1222,-;-;-;-;-
0xB40A,36,1.4661,0.6041,0.5146,2.1497,0.4568,0.0841,1.1267,-;-;-;-;-
0xB40A,37,1.4868,0.6173,0.4819,2.2110,0.4621,0.0835,1.1351,-;-;-;-;-
0xB40A,38,1.5111,0.6342,0.4526,2.2847,0.4696,0.0856,1.1315,-;-;-;-;-
0xB40A,39,1.5361,0.6262,0.4278,2.3626,0.4769,0.0875,1.1270,-;-;-;-;-
0xB40A,40,1.5431,0.6081,0.4059,2.3841,0.4799,0.0876,1.1185,-;-;-;-;-
0xB40A,41,1.5487,0.5941,0.3846,2.4017,0.4664,0.0877,1.1187,-;-;-;-;-
0xB40A,42,1.5587,0.5894,0.3615,2.4333,0.4720,0.0866,1.1096,-;-;-;-;-
0xB40A,43,1.5485,0.5784,0.3346,2.4000,0.4773,0.0817,1.1197,-;-;-;-;-
0xB40A,44,1.5371,0.5815,0.3054,2.3635,0.4831,0.0830,1.1257,-;-;-;-;-
0xB40A,45,1.5371,0.5924,0.2841,2.3633,0.4934,0.0831,1.1215,-;-;-;-;-
0xB40A,46,1.5437,0.5851,0.2626,2.3838,0.4970,0.0806,1.1184,-;-;-;-;-
0xB40A,47,1.5506,0.5777,0.2423,2.4048,0.4949,0.0820,1.1161,-;-;-;-;-
0xB40A,48,1.5644,0.5837,0.2247,2.4479,0.5020,0.0860,1.1096,-;-;-;-;-
0xB40A,49,1.5850,0.5811,0.2107,2.5138,0.5199,0.0880,1.1262,-;-;-;-;-
0xB40A,50,1.5984,0.5933,0.2003,2.5565,0.5271,0.0887,1.1366,-;-;-;-;-
0xB40A,51,1.6021,0.6064,0.1759,2.5679,0.5341,0.0898,1.1398,-;-;-;-;-
0xB40A,52,1.5949,0.6186,0.1532,2.5442,0.5390,0.0916,1.1331,-;-;-;-;-
0xB40A,53,1.5895,0.6267,0.1578,2.5264,0.5424,0.0940,1.1228,-;-;-;-;-
0xB40A,54,1.5854,0.6085,0.1585,2.5136,0.5511,0.0923,1.1217,-;-;-;-;-
0xB40A,55,1.5818,0.6003,0.1481,2.5020,0.5511,0.0925,1.1235,-;-;-;-;-
0xB40A,56,1.5781,0.6192,0.1807,2.4905,0.5524,0.0915,1.1144,-;-;-;-;-
0xB40A,57,1.5756,0.6135,0.1724,2.4828,0.5419,0.0909,1.1209,-;-;-;-;-
0xB40A,58,1.5762,0.6201,0.1474,2.4844,0.5229,0.0932,1.1165,-;-;-;-;-
0xB40A,59,1.5810,0.6353,0.1408,2.4996,0.5128,0.0913,1.1188,-;-;-;-;-
0xB40A,60,1.5905,0.6352,0.1454,2.5295,0.5157,0.0903,1.1201,-;-;-;-;-
0xB40A,61,1.6023,0.6263,0.1282,2.5676,0.5231,0.0868,1.1144,-;-;-;-;-
0xB40A,62,1.5995,0.6139,0.1032,2.5586,0.5360,0.0919,1.1223,-;-;-;-;-
0xB40A,63,1.5980,0.6099,0.1013,2.5538,0.5513,0.0895,1.1299,-;-;-;-;-
0xB40A,64,1.5983,0.5954,0.1357,2.5545,0.5617,0.0905,1.1319,1.912;1.916;1.931;1.948;1.961
0xB40B,1,0.9732,0.4598,0.9974,0.9470,0.0342,0.0835,1.0503,0.966;0.966;0.966;0.966;0.964
0xB40B,2,0.9482,0.4482,0.9888,0.8992,0.0647,0.0829,1.0500,-;-;-;-;-
0xB40B,3,0.9220,0.4312,0.9762,0.8501,0.0917,0.0845,1.0472,-;-;-;-;-
0xB40B,4,0.9081,0.4172,0.9591,0.8247,0.1044,0.0806,1.0480,-;-;-;-;-
0xB40B,5,0.8873,0.4066,0.9454,0.7873,0.1239,0.0763,1.0438,-;-;-;-;-
0xB40B,6,0.8776,0.3943,0.9327,0.7702,0.1449,0.0773,1.0472,-;-;-;-;-
0xB40B,7,0.8709,0.3856,0.9143,0.7585,0.1670,0.0772,1.0496,-;-;-;-;-
0xB40B,8,0.8636,0.3818,0.8985,0.7459,0.1896,0.0790,1.0484,0.820;0.820;0.819;0.819;0.815
0xB40B,9,0.8566,0.3744,0.8750,0.7338,0.2028,0.0798,1.0458,-;-;-;-;-
0xB40B,10,0.8567,0.3630,0.8513,0.7340,0.2176,0.0789,1.0482,-;-;-;-;-
0xB40B,11,0.8486,0.3503,0.8287,0.7201,0.2203,0.0781,1.0456,-;-;-;-;-
0xB40B,12,0.8337,0.3378,0.8077,0.6951,0.2174,0.0782,1.0429,-;-;-;-;-
0xB40B,13,0.8250,0.3256,0.7883,0.6807,0.2239,0.0766,1.0408,-;-;-;-;-
0xB40B,14,0.8036,0.3264,0.7704,0.6457,0.2210,0.0781,1.0389,-;-;-;-;-
0xB40B,15,0.7877,0.3283,0.7541,0.6205,0.2178,0.0780,1.0391,-;-;-;-;-
0xB40B,16,0.7737,0.3215,0.7397,0.5987,0.2182,0.0809,1.0376,-;-;-;-;-
0xB40B,17,0.7693,0.3114,0.7277,0.5918,0.2276,0.0823,1.0362,-;-;-;-;-
0xB40B,18,0.7670,0.3029,0.7066,0.5883,0.2266,0.0797,1.0336,-;-;-;-;-
0xB40B,19,0.7609,0.2961,0.6743,0.5790,0.2266,0.0761,1.0335,-;-;-;-;-
0xB40B,20,0.7703,0.2904,0.6357,0.5934,0.2338,0.0770,1.0337,-;-;-;-;-
0xB40B,21,0.7712,0.2848,0.6037,0.5949,0.2319,0.0780,1.0289,-;-;-;-;-
0xB40B,22,0.7626,0.2784,0.5842,0.5818,0.2411,0.0763,1.0333,-;-;-;-;-
0xB40B,23,0.7480,0.2709,0.5767,0.5595,0.2480,0.0744,1.0358,-;-;-;-;-
0xB40B,24,0.7436,0.2627,0.5554,0.5532,0.2473,0.0756,1.0362,-;-;-;-;-
0xB40B,25,0.7425,0.2543,0.5332,0.5515,0.2520,0.0797,1.0393,-;-;-;-;-
0xB40B,26,0.7345,0.2464,0.5117,0.5396,0.2511,0.0783,1.0366,-;-;-;-;-
0xB40B,27,0.7181,0.2393,0.4828,0.5158,0.2372,0.0793,1.0375,-;-;-;-;-
0xB40B,28,0.6675,0.2333,0.4335,0.4456,0.2424,0.0784,1.0386,-;-;-;-;-
0xB40B,29,0.6403,0.2280,0.3776,0.4101,0.2580,0.0779,1.0381,-;-;-;-;-
0xB40B,30,0.6360,0.2252,0.3257,0.4047,0.2711,0.0762,1.0348,-;-;-;-;-
0xB40B,31,0.6290,0.2225,0.2785,0.3957,0.2765,0.0758,1.0315,-;-;-;-;-
0xB40B,32,0.6301,0.2197,0.2399,0.3972,0.2872,0.0733,1.0313,0.574;0.574;0.571;0.568;0.562
0xB40B,33,0.6490,0.2169,0.2159,0.4214,0.2887,0.0767,1.0331,-;-;-;-;-
0xB40B,34,0.6667,0.2110,0.2040,0.4448,0.2894,0.0833,1.0345,-;-;-;-;-
0xB40B,35,0.6778,0.2052,0.1941,0.4601,0.2949,0.0828,1.0328,-;-;-;-;-
0xB40B,36,0.6608,0.1999,0.1771,0.4369,0.2998,0.0785,1.0344,-;-;-;-;-
0xB40B,37,0.6389,0.1953,0.1500,0.4083,0.3004,0.0754,1.0307,-;-;-;-;-
0xB40B,38,0.6142,0.1913,0.1124,0.3772,0.2978,0.0771,1.0341,-;-;-;-;-
0xB40B,39,0.5924,0.1878,0.0582,0.3510,0.3005,0.0768,1.0355,-;-;-;-;-
0xB40B,40,0.5981,0.1850,-0.0167,0.3577,0.3031,0.0769,1.0348,-;-;-;-;-
0xB40B,41,0.6014,0.1846,-0.0482,0.3619,0.3081,0.0778,1.0319,-;-;-;-;-
0xB40B,42,0.6044,0.1858,-0.0747,0.3654,0.3198,0.0774,1.0338,-;-;-;-;-
0xB40B,43,0.5983,0.1873,-0.1240,0.3580,0.3204,0.0777,1.0308,-;-;-;-;-
0xB40B,44,0.5855,0.1889,-0.1897,0.3430,0.3263,0.0777,1.0375,-;-;-;-;-
0xB40B,45,0.5922,0.1904,-0.2643,0.3507,0.3225,0.0792,1.0358,-;-;-;-;-
0xB40B,46,0.6076,0.1916,-0.3228,0.3692,0.3205,0.0814,1.0364,-;-;-;-;-
0xB40B,47,0.6245,0.1926,-0.3318,0.3904,0.3202,0.0757,1.0371,-;-;-;-;-
0xB40B,48,0.6338,0.1911,-0.2641,0.4029,0.3143,0.0733,1.0352,-;-;-;-;-
0xB40B,49,0.6240,0.1894,-0.1487,0.3909,0.3040,0.0726,1.0323,-;-;-;-;-
0xB40B,50,0.6112,0.1879,-0.1257,0.3758,0.2968,0.0730,1.0374,-;-;-;-;-
0xB40B,51,0.6183,0.1867,-0.1129,0.3836,0.2978,0.0754,1.0352,-;-;-;-;-
0xB40B,52,0.6219,0.1861,-0.0949,0.3872,0.3029,0.0777,1.0328,-;-;-;-;-
0xB40B,53,0.6243,0.1860,-0.0380,0.3897,0.3100,0.0817,1.0292,-;-;-;-;-
0xB40B,54,0.6226,0.1847,0.0216,0.3877,0.3004,0.0809,1.0317,-;-;-;-;-
0xB40B,55,0.6133,0.1845,0.1118,0.3762,0.2983,0.0803,1.0298,-;-;-;-;-
0xB40B,56,0.6075,0.1848,0.1270,0.3693,0.3038,0.0803,1.0307,-;-;-;-;-
0xB40B,57,0.6040,0.1834,0.1254,0.3652,0.3148,0.0808,1.0344,-;-;-;-;-
0xB40B,58,0.6017,0.1797,0.1264,0.3626,0.3218,0.0770,1.0318,-;-;-;-;-
0xB40B,59,0.5885,0.1752,0.1053,0.3464,0.3308,0.0774,1.0302,-;-;-;-;-
0xB40B,60,0.5735,0.1735,0.0905,0.3290,0.3310,0.0792,1.0328,-;-;-;-;-
0xB40B,61,0.5688,0.1733,0.0702,0.3239,0.3290,0.0814,1.0332,-;-;-;-;-
0xB40B,62,0.5618,0.1726,0.0952,0.3170,0.3290,0.0806,1.0345,-;-;-;-;-
0xB40B,63,0.5548,0.1709,0.1174,0.3108,0.3285,0.0825,1.0317,-;-;-;-;-
0xB40B,64,0.5507,0.1687,0.1358,0.3082,0.3305,0.0813,1.0294,0.346;0.346;0.346;0.348;0.358
0xB40C,1,1.0077,0.6072,0.9986,1.0154,0.0306,0.0549,1.0848,0.998;0.998;0.998;0.998;0.999
0xB40C,2,1.0173,0.6032,0.9949,1.0349,0.0528,0.0530,1.0798,-;-;-;-;-
0xB40C,3,1.0329,0.5931,0.9904,1.0668,0.0738,0.0537,1.0817,-;-;-;-;-
0xB40C,4,1.0524,0.5781,0.9845,1.1076,0.0905,0.0551,1.0818,-;-;-;-;-
0xB40C,5,1.0686,0.5761,0.9758,1.1419,0.1154,0.0523,1.0802,-;-;-;-;-
0xB40C,6,1.0833,0.5894,0.9695,1.1736,0.1319,0.0573,1.0814,-;-;-;-;-
0xB40C,7,1.0781,0.5928,0.9618,1.1623,0.1504,0.0592,1.0789,-;-;-;-;-
0xB40C,8,1.0936,0.6022,0.9504,1.1961,0.1626,0.0586,1.0803,1.071;1.071;1.074;1.072;1.065
0xB40C,9,1.1124,0.6126,0.9419,1.2376,0.1794,0.0599,1.0818,-;-;-;-;-
0xB40C,10,1.1281,0.6102,0.9408,1.2729,0.1947,0.0574,1.0809,-;-;-;-;-
0xB40C,11,1.1428,0.6176,0.9391,1.3062,0.1984,0.0569,1.0892,-;-;-;-;-
0xB40C,12,1.1574,0.6327,0.9353,1.3396,0.1994,0.0554,1.0826,-;-;-;-;-
0xB40C,13,1.1587,0.6305,0.9318,1.3426,0.2140,0.0523,1.0813,-;-;-;-;-
0xB40C,14,1.1683,0.6410,0.9200,1.3649,0.2266,0.0537,1.0866,-;-;-;-;-
0xB40C,15,1.1906,0.6381,0.9165,1.4176,0.2352,0.0544,1.0861,-;-;-;-;-
0xB40C,16,1.2163,0.6264,0.9182,1.4794,0.2526,0.0559,1.0894,-;-;-;-;-
0xB40C,17,1.2309,0.6226,0.9159,1.5150,0.2658,0.0545,1.0811,-;-;-;-;-
0xB40C,18,1.2423,0.6232,0.9145,1.5434,0.2728,0.0546,1.0842,-;-;-;-;-
0xB40C,19,1.2492,0.6297,0.9014,1.5605,0.2815,0.0547,1.0790,-;-;-;-;-
0xB40C,20,1.2645,0.6343,0.9035,1.5990,0.2933,0.0585,1.0749,-;-;-;-;-
0xB40C,21,1.2737,0.6271,0.9005,1.6223,0.3099,0.0566,1.0785,-;-;-;-;-
0xB40C,22,1.2849,0.6251,0.8953,1.6509,0.3229,0.0539,1.0773,-;-;-;-;-
0xB40C,23,1.3012,0.6161,0.8847,1.6933,0.3323,0.0534,1.0857,-;-;-;-;-
0xB40C,24,1.3270,0.6036,0.8807,1.7611,0.3345,0.0581,1.0828,-;-;-;-;-
0xB40C,25,1.3297,0.5943,0.8844,1.7682,0.3402,0.0587,1.0769,-;-;-;-;-
0xB40C,26,1.3233,0.5898,0.8713,1.7514,0.3485,0.0565,1.0864,-;-;-;-;-
0xB40C,27,1.3238,0.5903,0.8561,1.7526,0.3562,0.0547,1.0786,-;-;-;-;-
0xB40C,28,1.3222,0.5947,0.8583,1.7481,0.3685,0.0558,1.0828,-;-;-;-;-
0xB40C,29,1.3079,0.6006,0.8607,1.7106,0.3850,0.0573,1.0818,-;-;-;-;-
0xB40C,30,1.2920,0.6061,0.8517,1.6692,0.4031,0.0559,1.0839,-;-;-;-;-
0xB40C,31,1.2781,0.6098,0.8491,1.6335,0.4131,0.0533,1.0753,-;-;-;-;-
0xB40C,32,1.2704,0.6105,0.8334,1.6140,0.4119,0.0508,1.0822,1.426;1.425;1.422;1.415;1.430
0xB40C,33,1.2671,0.6099,0.7959,1.6054,0.4115,0.0533,1.0762,-;-;-;-;-
0xB40C,34,1.2721,0.6091,0.7796,1.6184,0.4140,0.0538,1.0774,-;-;-;-;-
0xB40C,35,1.2839,0.6139,0.7774,1.6484,0.4168,0.0536,1.0736,-;-;-;-;-
0xB40C,36,1.2923,0.6209,0.7798,1.6702,0.4193,0.0554,1.0824,-;-;-;-;-
0xB40C,37,1.2990,0.6235,0.8199,1.6873,0.4242,0.0569,1.0788,-;-;-;-;-
0xB40C,38,1.3059,0.6318,0.8037,1.7054,0.4255,0.0598,1.0738,-;-;-;-;-
0xB40C,39,1.3140,0.6475,0.7829,1.7265,0.4225,0.0613,1.0786,-;-;-;-;-
0xB40C,40,1.3234,0.6606,0.7763,1.7514,0.4172,0.0574,1.0856,-;-;-;-;-
0xB40C,41,1.3323,0.6691,0.7740,1.7750,0.4135,0.0581,1.0795,-;-;-;-;-
0xB40C,42,1.3384,0.6700,0.7744,1.7916,0.4133,0.0563,1.0859,-;-;-;-;-
0xB40C,43,1.3422,0.6814,0.7684,1.8020,0.4130,0.0550,1.0876,-;-;-;-;-
0xB40C,44,1.3492,0.6958,0.7392,1.8212,0.4121,0.0525,1.0840,-;-;-;-;-
0xB40C,45,1.3633,0.7019,0.7170,1.8594,0.4164,0.0553,1.0867,-;-;-;-;-
0xB40C,46,1.3757,0.6933,0.7006,1.8931,0.4266,0.0557,1.0870,-;-;-;-;-
0xB40C,47,1.3823,0.6899,0.6820,1.9109,0.4407,0.0566,1.0832,-;-;-;-;-
0xB40C,48,1.3801,0.6954,0.6819,1.9048,0.4446,0.0576,1.0758,-;-;-;-;-
0xB40C,49,1.3724,0.6933,0.6829,1.8837,0.4462,0.0578,1.0856,-;-;-;-;-
0xB40C,50,1.3715,0.6836,0.7057,1.8812,0.4494,0.0559,1.0841,-;-;-;-;-
0xB40C,51,1.3864,0.6788,0.7250,1.9220,0.4530,0.0558,1.0856,-;-;-;-;-
0xB40C,52,1.4015,0.6689,0.7252,1.9645,0.4542,0.0561,1.0794,-;-;-;-;-
0xB40C,53,1.4142,0.6599,0.7191,2.0005,0.4555,0.0574,1.0814,-;-;-;-;-
0xB40C,54,1.4208,0.6512,0.7137,2.0189,0.4492,0.0553,1.0829,-;-;-;-;-
0xB40C,55,1.4485,0.6450,0.7171,2.0981,0.4454,0.0552,1.0739,-;-;-;-;-
0xB40C,56,1.4499,0.6409,0.6871,2.1024,0.4564,0.0569,1.0850,-;-;-;-;-
0xB40C,57,1.4527,0.6325,0.6804,2.1104,0.4768,0.0577,1.0846,-;-;-;-;-
0xB40C,58,1.4563,0.6347,0.6706,2.1211,0.5008,0.0592,1.0801,-;-;-;-;-
0xB40C,59,1.4593,0.6375,0.6509,2.1303,0.5091,0.0584,1.0878,-;-;-;-;-
0xB40C,60,1.4569,0.6449,0.6369,2.1231,0.5149,0.0591,1.0818,-;-;-;-;-
0xB40C,61,1.4490,0.6323,0.6241,2.1000,0.5213,0.0592,1.0802,-;-;-;-;-
0xB40C,62,1.4390,0.6211,0.6152,2.0708,0.5274,0.0576,1.0856,-;-;-;-;-
0xB40C,63,1.4272,0.6109,0.6102,2.0368,0.5329,0.0583,1.0834,-;-;-;-;-
0xB40C,64,1.4144,0.6138,0.6228,2.0006,0.5391,0.0557,1.0761,1.814;1.814;1.798;1.753;1.672
0xB40D,1,1.0071,0.5161,0.9964,1.0142,0.0534,0.0877,1.1353,1.002;1.003;1.003;1.003;1.004
0xB40D,2,1.0179,0.5163,0.9868,1.0361,0.0993,0.0899,1.1489,-;-;-;-;-
0xB40D,3,1.0432,0.5211,0.9731,1.0883,0.1376,0.0918,1.1494,-;-;-;-;-
0xB40D,4,1.0756,0.5435,0.9583,1.1569,0.1585,0.0874,1.1513,-;-;-;-;-
0xB40D,5,1.0945,0.5511,0.9443,1.1980,0.1806,0.0856,1.1124,-;-;-;-;-
0xB40D,6,1.1058,0.5468,0.9323,1.2228,0.1900,0.0819,1.1129,-;-;-;-;-
0xB40D,7,1.1118,0.5391,0.9176,1.2361,0.2022,0.0825,1.1138,-;-;-;-;-
0xB40D,8,1.1127,0.5262,0.8971,1.2382,0.2131,0.0850,1.1102,1.144;1.145;1.147;1.150;1.157
0xB40D,9,1.1160,0.5246,0.8780,1.2454,0.2322,0.0893,1.1157,-;-;-;-;-
0xB40D,10,1.1030,0.5176,0.8590,1.2166,0.2402,0.0881,1.1175,-;-;-;-;-
0xB40D,11,1.0838,0.5284,0.8424,1.1747,0.2367,0.0899,1.1134,-;-;-;-;-
0xB40D,12,1.0975,0.5380,0.8114,1.2046,0.2511,0.0860,1.1259,-;-;-;-;-
0xB40D,13,1.0919,0.5434,0.7890,1.1922,0.2731,0.0855,1.1261,-;-;-;-;-
0xB40D,14,1.0765,0.5483,0.7806,1.1590,0.2803,0.0848,1.1313,-;-;-;-;-
0xB40D,15,1.0663,0.5453,0.7730,1.1371,0.2886,0.0832,1.1203,-;-;-;-;-
0xB40D,16,1.0416,0.5266,0.7655,1.0849,0.2946,0.0830,1.1202,-;-;-;-;-
0xB40D,17,1.0349,0.5152,0.7718,1.0712,0.2995,0.0862,1.1216,-;-;-;-;-
0xB40D,18,1.0509,0.4975,0.7882,1.1043,0.3144,0.0881,1.1316,-;-;-;-;-
0xB40D,19,1.0573,0.4864,0.7704,1.1179,0.3332,0.0833,1.1282,-;-;-;-;-
0xB40D,20,1.0473,0.4862,0.7488,1.0969,0.3463,0.0806,1.1256,-;-;-;-;-
0xB40D,21,1.0752,0.5024,0.7209,1.1561,0.3632,0.0862,1.1261,-;-;-;-;-
0xB40D,22,1.0857,0.5255,0.6722,1.1788,0.3772,0.0911,1.1341,-;-;-;-;-
0xB40D,23,1.0949,0.5544,0.6451,1.1988,0.3905,0.0867,1.1269,-;-;-;-;-
0xB40D,24,1.1073,0.5597,0.6261,1.2263,0.4027,0.0871,1.1071,-;-;-;-;-
0xB40D,25,1.1178,0.5623,0.6090,1.2495,0.4073,0.0899,1.1014,-;-;-;-;-
0xB40D,26,1.1235,0.5607,0.5946,1.2628,0.4110,0.0890,1.1116,-;-;-;-;-
0xB40D,27,1.1428,0.5552,0.5679,1.3065,0.4186,0.0870,1.1107,-;-;-;-;-
0xB40D,28,1.1546,0.5547,0.5234,1.3339,0.4247,0.0833,1.1125,-;-;-;-;-
0xB40D,29,1.1598,0.5587,0.4640,1.3459,0.4333,0.0837,1.1164,-;-;-;-;-
0xB40D,30,1.1544,0.5630,0.4130,1.3327,0.4410,0.0820,1.1081,-;-;-;-;-
0xB40D,31,1.1685,0.5657,0.3789,1.3655,0.4489,0.0829,1.1125,-;-;-;-;-
0xB40D,32,1.1627,0.5638,0.3583,1.3530,0.4583,0.0822,1.1125,1.807;1.811;1.840;1.864;1.857
0xB40D,33,1.1774,0.5484,0.3369,1.3886,0.4715,0.0803,1.1062,-;-;-;-;-
0xB40D,34,1.1858,0.5247,0.3148,1.4084,0.4845,0.0811,1.1183,-;-;-;-;-
0xB40D,35,1.1867,0.5325,0.2894,1.4092,0.4962,0.0893,1.1168,-;-;-;-;-
0xB40D,36,1.1868,0.5361,0.2618,1.4084,0.5038,0.0870,1.1236,-;-;-;-;-
0xB40D,37,1.2191,0.5301,0.2417,1.4889,0.5080,0.0881,1.1266,-;-;-;-;-
0xB40D,38,1.2336,0.5238,0.2166,1.5292,0.5118,0.0851,1.1274,-;-;-;-;-
0xB40D,39,1.2395,0.5243,0.1786,1.5421,0.5126,0.0833,1.1259,-;-;-;-;-
0xB40D,40,1.2039,0.5273,0.1283,1.4542,0.5093,0.0863,1.1225,-;-;-;-;-
0xB40D,41,1.1850,0.5293,0.0613,1.4064,0.5112,0.0849,1.1179,-;-;-;-;-
0xB40D,42,1.1951,0.5327,-0.0224,1.4290,0.5145,0.0803,1.1160,-;-;-;-;-
0xB40D,43,1.1742,0.5232,-0.1150,1.3788,0.5220,0.0811,1.1146,-;-;-;-;-
0xB40D,44,1.1756,0.5046,-0.2081,1.3820,0.5261,0.0804,1.1120,-;-;-;-;-
0xB40D,45,1.1963,0.4962,-0.2824,1.4310,0.5363,0.0784,1.1110,-;-;-;-;-
0xB40D,46,1.1879,0.4921,-0.3241,1.4112,0.5501,0.0776,1.1035,-;-;-;-;-
0xB40D,47,1.1836,0.4925,-0.3230,1.4008,0.5608,0.0764,1.1020,-;-;-;-;-
0xB40D,48,1.1629,0.4922,-0.3201,1.3525,0.5726,0.0761,1.0967,-;-;-;-;-
0xB40D,49,1.1404,0.4914,-0.3097,1.3010,0.5793,0.0781,1.1065,-;-;-;-;-
0xB40D,50,1.1160,0.4793,-0.2805,1.2455,0.5870,0.0797,1.1068,-;-;-;-;-
0xB40D,51,1.1221,0.4558,-0.2764,1.2592,0.5989,0.0821,1.1108,-;-;-;-;-
0xB40D,52,1.1642,0.4405,-0.2963,1.3554,0.5993,0.0834,1.1133,-;-;-;-;-
0xB40D,53,1.2007,0.4426,-0.3253,1.4420,0.6027,0.0825,1.1168,-;-;-;-;-
0xB40D,54,1.2110,0.4451,-0.2920,1.4665,0.6048,0.0791,1.1163,-;-;-;-;-
0xB40D,55,1.2268,0.4656,-0.2596,1.5051,0.6060,0.0775,1.1178,-;-;-;-;-
0xB40D,56,1.2284,0.4577,-0.2795,1.5095,0.6099,0.0779,1.1150,-;-;-;-;-
0xB40D,57,1.2130,0.4543,-0.3017,1.4722,0.6149,0.0789,1.1147,-;-;-;-;-
0xB40D,58,1.1969,0.4530,-0.3226,1.4329,0.6198,0.0816,1.1152,-;-;-;-;-
0xB40D,59,1.2052,0.4493,-0.3350,1.4533,0.6238,0.0784,1.1116,-;-;-;-;-
0xB40D,60,1.2026,0.4479,-0.3212,1.4470,0.6269,0.0780,1.0958,-;-;-;-;-
0xB40D,61,1.1935,0.4517,-0.3144,1.4246,0.6295,0.0787,1.1076,-;-;-;-;-
0xB40D,62,1.2128,0.4591,-0.3045,1.4709,0.6317,0.0794,1.1103,-;-;-;-;-
0xB40D,63,1.2351,0.4547,-0.2671,1.5262,0.6336,0.0774,1.1119,-;-;-;-;-
0xB40D,64,1.2022,0.4628,-0.2095,1.4453,0.6406,0.0801,1.0960,2.154;2.157;2.170;2.186;2.162
0xB40E,1,1.0095,0.5260,0.9982,1.0190,0.0349,0.0644,1.1119,0.998;0.998;0.998;0.998;0.998
0xB40E,2,1.0210,0.5356,0.9932,1.0424,0.0662,0.0646,1.1128,-;-;-;-;-
0xB40E,3,1.0295,0.5421,0.9865,1.0599,0.0965,0.0664,1.1147,-;-;-;-;-
0xB40E,4,1.0355,0.5312,0.9771,1.0722,0.1264,0.0655,1.1251,-;-;-;-;-
0xB40E,5,1.0536,0.5373,0.9668,1.1101,0.1657,0.0658,1.1223,-;-;-;-;-
0xB40E,6,1.0746,0.5394,0.9545,1.1548,0.1900,0.0616,1.1294,-;-;-;-;-
0xB40E,7,1.0870,0.5409,0.9374,1.1815,0.2139,0.0629,1.1238,-;-;-;-;-
0xB40E,8,1.1038,0.5488,0.9189,1.2183,0.2225,0.0641,1.1154,1.112;1.113;1.116;1.120;1.129
0xB40E,9,1.1161,0.5539,0.9066,1.2456,0.2427,0.0642,1.1114,-;-;-;-;-
0xB40E,10,1.1297,0.5556,0.8883,1.2762,0.2572,0.0638,1.1061,-;-;-;-;-
0xB40E,11,1.1513,0.5521,0.8681,1.3254,0.2718,0.0623,1.0948,-;-;-;-;-
0xB40E,12,1.1588,0.5450,0.8628,1.3429,0.2933,0.0620,1.0956,-;-;-;-;-
0xB40E,13,1.1680,0.5606,0.8489,1.3642,0.3127,0.0608,1.1046,-;-;-;-;-
0xB40E,14,1.1730,0.5679,0.8298,1.3759,0.3158,0.0644,1.0977,-;-;-;-;-
0xB40E,15,1.1883,0.5331,0.8080,1.4120,0.3154,0.0601,1.0953,-;-;-;-;-
0xB40E,16,1.2054,0.5124,0.7906,1.4530,0.3232,0.0639,1.1023,-;-;-;-;-
0xB40E,17,1.2225,0.5039,0.7830,1.4946,0.3292,0.0648,1.1177,-;-;-;-;-
0xB40E,18,1.2347,0.5067,0.7653,1.5246,0.3385,0.0645,1.1230,-;-;-;-;-
0xB40E,19,1.2484,0.5015,0.7510,1.5584,0.3564,0.0644,1.1254,-;-;-;-;-
0xB40E,20,1.2758,0.5040,0.7396,1.6276,0.3680,0.0640,1.1313,-;-;-;-;-
0xB40E,21,1.2927,0.5204,0.7273,1.6712,0.3777,0.0648,1.1457,-;-;-;-;-
0xB40E,22,1.3088,0.5400,0.7019,1.7130,0.3926,0.0663,1.1286,-;-;-;-;-
0xB40E,23,1.3171,0.5387,0.6787,1.7350,0.4097,0.0654,1.1507,-;-;-;-;-
0xB40E,24,1.3229,0.5455,0.6507,1.7505,0.4173,0.0682,1.1271,-;-;-;-;-
0xB40E,25,1.3242,0.5474,0.6218,1.7539,0.4246,0.0684,1.1083,-;-;-;-;-
0xB40E,26,1.3204,0.5471,0.5968,1.7435,0.4315,0.0694,1.1292,-;-;-;-;-
0xB40E,27,1.3139,0.5416,0.6047,1.7265,0.4406,0.0682,1.1238,-;-;-;-;-
0xB40E,28,1.3154,0.5341,0.6034,1.7304,0.4374,0.0679,1.1088,-;-;-;-;-
0xB40E,29,1.3243,0.5382,0.5907,1.7539,0.4409,0.0724,1.1057,-;-;-;-;-
0xB40E,30,1.3330,0.5460,0.5784,1.7770,0.4459,0.0720,1.1172,-;-;-;-;-
0xB40E,31,1.3373,0.5461,0.5651,1.7884,0.4524,0.0724,1.1291,-;-;-;-;-
0xB40E,32,1.3271,0.5580,0.5491,1.7613,0.4632,0.0733,1.1405,1.688;1.689;1.694;1.699;1.714
0xB40E,33,1.3278,0.5741,0.5271,1.7631,0.4650,0.0732,1.1282,-;-;-;-;-
0xB40E,34,1.3279,0.5898,0.4975,1.7635,0.4655,0.0728,1.1230,-;-;-;-;-
0xB40E,35,1.3300,0.6002,0.4747,1.7691,0.4698,0.0749,1.1222,-;-;-;-;-
0xB40E,36,1.3345,0.5776,0.4544,1.7813,0.4740,0.0746,1.1272,-;-;-;-;-
0xB40E,37,1.3403,0.5936,0.4493,1.7975,0.4765,0.0712,1.1230,-;-;-;-;-
0xB40E,38,1.3589,0.5891,0.4479,1.8476,0.4794,0.0700,1.1472,-;-;-;-;-
0xB40E,39,1.3748,0.5849,0.4454,1.8912,0.4837,0.0701,1.1196,-;-;-;-;-
0xB40E,40,1.3908,0.5864,0.4509,1.9354,0.4921,0.0698,1.1170,-;-;-;-;-
0xB40E,41,1.4064,0.5783,0.4368,1.9790,0.5046,0.0686,1.1073,-;-;-;-;-
0xB40E,42,1.4087,0.5490,0.4277,1.9850,0.5188,0.0673,1.1140,-;-;-;-;-
0xB40E,43,1.4084,0.5233,0.4176,1.9836,0.5314,0.0671,1.0976,-;-;-;-;-
0xB40E,44,1.4040,0.5089,0.4135,1.9714,0.5405,0.0645,1.1029,-;-;-;-;-
0xB40E,45,1.3966,0.5187,0.4247,1.9506,0.5468,0.0649,1.1009,-;-;-;-;-
0xB40E,46,1.3842,0.5290,0.3984,1.9163,0.5457,0.0669,1.0979,-;-;-;-;-
0xB40E,47,1.3899,0.5322,0.3704,1.9321,0.5444,0.0680,1.1003,-;-;-;-;-
0xB40E,48,1.4079,0.5206,0.3560,1.9824,0.5454,0.0683,1.1155,-;-;-;-;-
0xB40E,49,1.4288,0.5123,0.3330,2.0416,0.5504,0.0679,1.1049,-;-;-;-;-
0xB40E,50,1.4243,0.5252,0.3103,2.0286,0.5534,0.0651,1.1054,-;-;-;-;-
0xB40E,51,1.4163,0.5428,0.2878,2.0059,0.5511,0.0666,1.1138,-;-;-;-;-
0xB40E,52,1.4043,0.5393,0.2645,1.9720,0.5435,0.0671,1.1414,-;-;-;-;-
0xB40E,53,1.3869,0.5354,0.2405,1.9235,0.5442,0.0654,1.1125,-;-;-;-;-
0xB40E,54,1.3748,0.5330,0.2586,1.8901,0.5494,0.0652,1.1255,-;-;-;-;-
0xB40E,55,1.3881,0.5355,0.2285,1.9269,0.5536,0.0658,1.1293,-;-;-;-;-
0xB40E,56,1.4057,0.5427,0.1992,1.9761,0.5542,0.0661,1.1256,-;-;-;-;-
0xB40E,57,1.4261,0.5429,0.1692,2.0338,0.5535,0.0650,1.1256,-;-;-;-;-
0xB40E,58,1.4420,0.5393,0.1448,2.0793,0.5537,0.0662,1.1144,-;-;-;-;-
0xB40E,59,1.4496,0.5492,0.1155,2.1015,0.5546,0.0667,1.1278,-;-;-;-;-
0xB40E,60,1.4625,0.5579,0.1034,2.1389,0.5574,0.0667,1.1265,-;-;-;-;-
0xB40E,61,1.4786,0.5594,0.0913,2.1863,0.5620,0.0667,1.1184,-;-;-;-;-
0xB40E,62,1.4883,0.5524,0.1227,2.2150,0.5631,0.0656,1.1101,-;-;-;-;-
0xB40E,63,1.4994,0.5571,0.1502,2.2482,0.5688,0.0652,1.1005,-;-;-;-;-
0xB40E,64,1.5132,0.5622,0.1640,2.2897,0.5749,0.0647,1.0997,2.077;2.085;2.157;2.206;1.961
0xB40F,1,0.9856,0.4356,0.9972,0.9714,0.0463,0.0857,1.0748,0.975;0.975;0.975;0.976;0.976
0xB40F,2,0.9744,0.4151,0.9901,0.9495,0.0860,0.0822,1.0755,-;-;-;-;-
0xB40F,3,0.9741,0.3989,0.9793,0.9488,0.1201,0.0794,1.0876,-;-;-;-;-
0xB40F,4,0.9737,0.3856,0.9654,0.9480,0.1515,0.0818,1.0753,-;-;-;-;-
0xB40F,5,0.9762,0.3744,0.9484,0.9529,0.1716,0.0836,1.0710,-;-;-;-;-
0xB40F,6,0.9655,0.3681,0.9294,0.9324,0.1890,0.0797,1.0673,-;-;-;-;-
0xB40F,7,0.9506,0.3652,0.9117,0.9041,0.2033,0.0796,1.0661,-;-;-;-;-
0xB40F,8,0.9363,0.3634,0.8899,0.8769,0.2088,0.0818,1.0597,0.926;0.926;0.924;0.922;0.918
0xB40F,9,0.9235,0.3643,0.8653,0.8529,0.2286,0.0833,1.0631,-;-;-;-;-
0xB40F,10,0.9000,0.3690,0.8371,0.8101,0.2233,0.0814,1.0647,-;-;-;-;-
0xB40F,11,0.8889,0.3718,0.8049,0.7901,0.2445,0.0816,1.0675,-;-;-;-;-
0xB40F,12,0.9045,0.3708,0.7692,0.8181,0.2481,0.0800,1.0680,-;-;-;-;-
0xB40F,13,0.9244,0.3729,0.7310,0.8547,0.2540,0.0802,1.0707,-;-;-;-;-
0xB40F,14,0.9407,0.3755,0.6911,0.8850,0.2527,0.0791,1.0795,-;-;-;-;-
0xB40F,15,0.9516,0.3813,0.6505,0.9056,0.2568,0.0784,1.0880,-;-;-;-;-
0xB40F,16,0.9635,0.3886,0.6193,0.9284,0.2569,0.0787,1.0830,-;-;-;-;-
0xB40F,17,0.9594,0.3974,0.5892,0.9205,0.2541,0.0786,1.0940,-;-;-;-;-
0xB40F,18,0.9536,0.4069,0.5546,0.9101,0.2604,0.0782,1.0871,-;-;-;-;-
0xB40F,19,0.9386,0.4144,0.5042,0.8820,0.2642,0.0775,1.0749,-;-;-;-;-
0xB40F,20,0.9207,0.4148,0.4534,0.8489,0.2663,0.0772,1.0789,-;-;-;-;-
0xB40F,21,0.8979,0.4068,0.4023,0.8075,0.2627,0.0791,1.0810,-;-;-;-;-
0xB40F,22,0.8767,0.3958,0.3632,0.7700,0.2574,0.0805,1.0710,-;-;-;-;-
0xB40F,23,0.8714,0.3883,0.3275,0.7600,0.2755,0.0838,1.0710,-;-;-;-;-
0xB40F,24,0.8719,0.3867,0.2878,0.7607,0.2945,0.0868,1.0687,-;-;-;-;-
0xB40F,25,0.8696,0.3819,0.2465,0.7562,0.3106,0.0870,1.0649,-;-;-;-;-
0xB40F,26,0.8646,0.3810,0.2035,0.7475,0.3149,0.0860,1.0717,-;-;-;-;-
0xB40F,27,0.8694,0.3783,0.1583,0.7559,0.3150,0.0839,1.0625,-;-;-;-;-
0xB40F,28,0.8702,0.3737,0.0998,0.7573,0.3196,0.0856,1.0636,-;-;-;-;-
0xB40F,29,0.8708,0.3713,0.0505,0.7585,0.3297,0.0848,1.0618,-;-;-;-;-
0xB40F,30,0.8618,0.3653,0.0386,0.7431,0.3370,0.0859,1.0695,-;-;-;-;-
0xB40F,31,0.8397,0.3565,0.0136,0.7056,0.3299,0.0865,1.0668,-;-;-;-;-
0xB40F,32,0.8094,0.3578,-0.0173,0.6553,0.3251,0.0884,1.0657,0.780;0.781;0.783;0.785;0.789
0xB40F,33,0.7788,0.3586,-0.0473,0.6066,0.3237,0.0883,1.0741,-;-;-;-;-
0xB40F,34,0.7739,0.3488,-0.0809,0.5989,0.3300,0.0877,1.0747,-;-;-;-;-
0xB40F,35,0.7775,0.3381,-0.1408,0.6045,0.3361,0.0879,1.0711,-;-;-;-;-
0xB40F,36,0.7832,0.3371,-0.1776,0.6134,0.3588,0.0859,1.0721,-;-;-;-;-
0xB40F,37,0.7869,0.3358,-0.1991,0.6193,0.3774,0.0833,1.0689,-;-;-;-;-
0xB40F,38,0.7854,0.3341,-0.2140,0.6169,0.3867,0.0823,1.0716,-;-;-;-;-
0xB40F,39,0.7957,0.3270,-0.2112,0.6331,0.3790,0.0829,1.0682,-;-;-;-;-
0xB40F,40,0.8048,0.3198,-0.2358,0.6478,0.3657,0.0823,1.0717,-;-;-;-;-
0xB40F,41,0.8164,0.3134,-0.2596,0.6665,0.3698,0.0763,1.0704,-;-;-;-;-
0xB40F,42,0.8276,0.3093,-0.2825,0.6849,0.3686,0.0756,1.0721,-;-;-;-;-
0xB40F,43,0.8378,0.3072,-0.3047,0.7019,0.3668,0.0798,1.0723,-;-;-;-;-
0xB40F,44,0.8473,0.3057,-0.3261,0.7179,0.3634,0.0805,1.0724,-;-;-;-;-
0xB40F,45,0.8541,0.3040,-0.3484,0.7295,0.3650,0.0798,1.0751,-;-;-;-;-
0xB40F,46,0.8584,0.3022,-0.3854,0.7368,0.3788,0.0818,1.0717,-;-;-;-;-
0xB40F,47,0.8609,0.3013,-0.4238,0.7411,0.3868,0.0832,1.0725,-;-;-;-;-
0xB40F,48,0.8626,0.3027,-0.4629,0.7442,0.3929,0.0830,1.0715,-;-;-;-;-
0xB40F,49,0.8631,0.3062,-0.5012,0.7451,0.4012,0.0851,1.0735,-;-;-;-;-
0xB40F,50,0.8579,0.3106,-0.5180,0.7360,0.4147,0.0825,1.0724,-;-;-;-;-
0xB40F,51,0.8520,0.3154,-0.5282,0.7259,0.4275,0.0808,1.0712,-;-;-;-;-
0xB40F,52,0.8438,0.3212,-0.4438,0.7121,0.4383,0.0803,1.0655,-;-;-;-;-
0xB40F,53,0.8322,0.3288,-0.4488,0.6926,0.4320,0.0800,1.0678,-;-;-;-;-
0xB40F,54,0.8217,0.3382,-0.4529,0.6753,0.4338,0.0792,1.0694,-;-;-;-;-
0xB40F,55,0.8126,0.3475,-0.4561,0.6603,0.4403,0.0806,1.0736,-;-;-;-;-
0xB40F,56,0.8048,0.3532,-0.4585,0.6476,0.4349,0.0785,1.0738,-;-;-;-;-
0xB40F,57,0.7983,0.3506,-0.4845,0.6373,0.4317,0.0793,1.0704,-;-;-;-;-
0xB40F,58,0.7928,0.3468,-0.4773,0.6288,0.4288,0.0804,1.0652,-;-;-;-;-
0xB40F,59,0.7913,0.3414,-0.4512,0.6263,0.4346,0.0824,1.0671,-;-;-;-;-
0xB40F,60,0.7893,0.3357,-0.4179,0.6230,0.4429,0.0798,1.0618,-;-;-;-;-
0xB40F,61,0.7879,0.3325,-0.3630,0.6208,0.4525,0.0766,1.0614,-;-;-;-;-
0xB40F,62,0.7877,0.3285,-0.3134,0.6205,0.4555,0.0788,1.0611,-;-;-;-;-
0xB40F,63,0.7850,0.3175,-0.3007,0.6162,0.4508,0.0785,1.0671,-;-;-;-;-
0xB40F,64,0.7787,0.3097,-0.2468,0.6064,0.4372,0.0773,1.0773,0.886;0.888;0.898;0.910;0.937
